shift_id,branch_id,operator_id,shift_start,shift_end,role
SH-NRG-ERG-SWK-003-20260613-01,NRG-ERG-SWK-003,ndapewa.kavari.00301,2026-06-13T07:00:00,2026-06-13T21:00:00,till_operator
SH-NRG-ERG-SWK-003-20260613-02,NRG-ERG-SWK-003,ndapewa.haufiku.00302,2026-06-13T07:00:00,2026-06-13T21:00:00,till_operator
SH-NRG-ERG-SWK-003-20260613-03,NRG-ERG-SWK-003,ndapewa.mbeha.00303,2026-06-13T07:00:00,2026-06-13T21:00:00,till_operator
SH-NRG-ERG-SWK-003-20260613-04,NRG-ERG-SWK-003,ndapewa.nakale.00304,2026-06-13T07:00:00,2026-06-13T21:00:00,till_operator
SH-NRG-ERG-SWK-003-20260613-05,NRG-ERG-SWK-003,ndapewa.shikongo.00305,2026-06-13T07:00:00,2026-06-13T21:00:00,till_operator
SH-NRG-ERG-WVB-002-20260613-01,NRG-ERG-WVB-002,anna.nuugulu.00201,2026-06-13T07:00:00,2026-06-13T21:00:00,till_operator
SH-NRG-ERG-WVB-002-20260613-02,NRG-ERG-WVB-002,anna.kavari.00202,2026-06-13T07:00:00,2026-06-13T21:00:00,till_operator
SH-NRG-ERG-WVB-002-20260613-03,NRG-ERG-WVB-002,anna.haufiku.00203,2026-06-13T07:00:00,2026-06-13T21:00:00,till_operator
SH-NRG-ERG-WVB-002-20260613-04,NRG-ERG-WVB-002,anna.mbeha.00204,2026-06-13T07:00:00,2026-06-13T21:00:00,till_operator
SH-NRG-ERG-WVB-002-20260613-05,NRG-ERG-WVB-002,anna.nakale.00205,2026-06-13T07:00:00,2026-06-13T21:00:00,till_operator
SH-NRG-HAR-REH-011-20260613-01,NRG-HAR-REH-011,ndapewa.kavari.01101,2026-06-13T07:00:00,2026-06-13T21:00:00,till_operator
SH-NRG-HAR-REH-011-20260613-02,NRG-HAR-REH-011,ndapewa.haufiku.01102,2026-06-13T07:00:00,2026-06-13T21:00:00,till_operator
SH-NRG-HAR-REH-011-20260613-03,NRG-HAR-REH-011,ndapewa.mbeha.01103,2026-06-13T07:00:00,2026-06-13T21:00:00,till_operator
SH-NRG-HAR-REH-011-20260613-04,NRG-HAR-REH-011,ndapewa.nakale.01104,2026-06-13T07:00:00,2026-06-13T21:00:00,till_operator
SH-NRG-KHA-KTM-007-20260613-01,NRG-KHA-KTM-007,paulus.shikongo.00701,2026-06-13T07:00:00,2026-06-13T21:00:00,till_operator
SH-NRG-KHA-KTM-007-20260613-02,NRG-KHA-KTM-007,paulus.hamutenya.00702,2026-06-13T07:00:00,2026-06-13T21:00:00,till_operator
SH-NRG-KHA-KTM-007-20260613-03,NRG-KHA-KTM-007,paulus.amadhila.00703,2026-06-13T07:00:00,2026-06-13T21:00:00,till_operator
SH-NRG-KHA-KTM-007-20260613-04,NRG-KHA-KTM-007,paulus.nuugulu.00704,2026-06-13T07:00:00,2026-06-13T21:00:00,till_operator
SH-NRG-KHO-WDH-001-20260613-01,NRG-KHO-WDH-001,selma.amadhila.00101,2026-06-13T07:00:00,2026-06-13T21:00:00,till_operator
SH-NRG-KHO-WDH-001-20260613-02,NRG-KHO-WDH-001,selma.nuugulu.00102,2026-06-13T07:00:00,2026-06-13T21:00:00,till_operator
SH-NRG-KHO-WDH-001-20260613-03,NRG-KHO-WDH-001,selma.kavari.00103,2026-06-13T07:00:00,2026-06-13T21:00:00,till_operator
SH-NRG-KHO-WDH-001-20260613-04,NRG-KHO-WDH-001,selma.haufiku.00104,2026-06-13T07:00:00,2026-06-13T21:00:00,till_operator
SH-NRG-KHO-WDH-001-20260613-05,NRG-KHO-WDH-001,selma.mbeha.00105,2026-06-13T07:00:00,2026-06-13T21:00:00,till_operator
SH-NRG-KVE-RUN-005-20260613-01,NRG-KVE-RUN-005,martha.mbeha.00501,2026-06-13T07:00:00,2026-06-13T21:00:00,till_operator
SH-NRG-KVE-RUN-005-20260613-02,NRG-KVE-RUN-005,martha.nakale.00502,2026-06-13T07:00:00,2026-06-13T21:00:00,till_operator
SH-NRG-KVE-RUN-005-20260613-03,NRG-KVE-RUN-005,martha.shikongo.00503,2026-06-13T07:00:00,2026-06-13T21:00:00,till_operator
SH-NRG-KVE-RUN-005-20260613-04,NRG-KVE-RUN-005,martha.hamutenya.00504,2026-06-13T07:00:00,2026-06-13T21:00:00,till_operator
SH-NRG-KVE-RUN-005-20260613-05,NRG-KVE-RUN-005,martha.amadhila.00505,2026-06-13T07:00:00,2026-06-13T21:00:00,till_operator
SH-NRG-OME-GOB-010-20260613-01,NRG-OME-GOB-010,anna.nuugulu.01001,2026-06-13T07:00:00,2026-06-13T21:00:00,till_operator
SH-NRG-OME-GOB-010-20260613-02,NRG-OME-GOB-010,anna.kavari.01002,2026-06-13T07:00:00,2026-06-13T21:00:00,till_operator
SH-NRG-OME-GOB-010-20260613-03,NRG-OME-GOB-010,anna.haufiku.01003,2026-06-13T07:00:00,2026-06-13T21:00:00,till_operator
SH-NRG-OME-GOB-010-20260613-04,NRG-OME-GOB-010,anna.mbeha.01004,2026-06-13T07:00:00,2026-06-13T21:00:00,till_operator
SH-NRG-OSA-OND-012-20260613-01,NRG-OSA-OND-012,petrus.haufiku.01201,2026-06-13T07:00:00,2026-06-13T21:00:00,till_operator
SH-NRG-OSA-OND-012-20260613-02,NRG-OSA-OND-012,petrus.mbeha.01202,2026-06-13T07:00:00,2026-06-13T21:00:00,till_operator
SH-NRG-OSA-OND-012-20260613-03,NRG-OSA-OND-012,petrus.nakale.01203,2026-06-13T07:00:00,2026-06-13T21:00:00,till_operator
SH-NRG-OSA-OND-012-20260613-04,NRG-OSA-OND-012,petrus.shikongo.01204,2026-06-13T07:00:00,2026-06-13T21:00:00,till_operator
SH-NRG-OSA-OSK-004-20260613-01,NRG-OSA-OSK-004,petrus.haufiku.00401,2026-06-13T07:00:00,2026-06-13T21:00:00,till_operator
SH-NRG-OSA-OSK-004-20260613-02,NRG-OSA-OSK-004,petrus.mbeha.00402,2026-06-13T07:00:00,2026-06-13T21:00:00,till_operator
SH-NRG-OSA-OSK-004-20260613-03,NRG-OSA-OSK-004,petrus.nakale.00403,2026-06-13T07:00:00,2026-06-13T21:00:00,till_operator
SH-NRG-OSA-OSK-004-20260613-04,NRG-OSA-OSK-004,petrus.shikongo.00404,2026-06-13T07:00:00,2026-06-13T21:00:00,till_operator
SH-NRG-OSA-OSK-004-20260613-05,NRG-OSA-OSK-004,petrus.hamutenya.00405,2026-06-13T07:00:00,2026-06-13T21:00:00,till_operator
SH-NRG-OSI-TSU-009-20260613-01,NRG-OSI-TSU-009,selma.amadhila.00901,2026-06-13T07:00:00,2026-06-13T21:00:00,till_operator
SH-NRG-OSI-TSU-009-20260613-02,NRG-OSI-TSU-009,selma.nuugulu.00902,2026-06-13T07:00:00,2026-06-13T21:00:00,till_operator
SH-NRG-OSI-TSU-009-20260613-03,NRG-OSI-TSU-009,selma.kavari.00903,2026-06-13T07:00:00,2026-06-13T21:00:00,till_operator
SH-NRG-OSI-TSU-009-20260613-04,NRG-OSI-TSU-009,selma.haufiku.00904,2026-06-13T07:00:00,2026-06-13T21:00:00,till_operator
SH-NRG-OTJ-OTW-006-20260613-01,NRG-OTJ-OTW-006,nela.nakale.00601,2026-06-13T07:00:00,2026-06-13T21:00:00,till_operator
SH-NRG-OTJ-OTW-006-20260613-02,NRG-OTJ-OTW-006,nela.shikongo.00602,2026-06-13T07:00:00,2026-06-13T21:00:00,till_operator
SH-NRG-OTJ-OTW-006-20260613-03,NRG-OTJ-OTW-006,nela.hamutenya.00603,2026-06-13T07:00:00,2026-06-13T21:00:00,till_operator
SH-NRG-OTJ-OTW-006-20260613-04,NRG-OTJ-OTW-006,nela.amadhila.00604,2026-06-13T07:00:00,2026-06-13T21:00:00,till_operator
SH-NRG-OTJ-OTW-006-20260613-05,NRG-OTJ-OTW-006,nela.nuugulu.00605,2026-06-13T07:00:00,2026-06-13T21:00:00,till_operator
SH-NRG-ZAM-KTM-008-20260613-01,NRG-ZAM-KTM-008,elina.hamutenya.00801,2026-06-13T07:00:00,2026-06-13T21:00:00,till_operator
SH-NRG-ZAM-KTM-008-20260613-02,NRG-ZAM-KTM-008,elina.amadhila.00802,2026-06-13T07:00:00,2026-06-13T21:00:00,till_operator
SH-NRG-ZAM-KTM-008-20260613-03,NRG-ZAM-KTM-008,elina.nuugulu.00803,2026-06-13T07:00:00,2026-06-13T21:00:00,till_operator
SH-NRG-ZAM-KTM-008-20260613-04,NRG-ZAM-KTM-008,elina.kavari.00804,2026-06-13T07:00:00,2026-06-13T21:00:00,till_operator
SH-NRG-ERG-SWK-003-20260614-01,NRG-ERG-SWK-003,ndapewa.kavari.00301,2026-06-14T07:00:00,2026-06-14T21:00:00,till_operator
SH-NRG-ERG-SWK-003-20260614-02,NRG-ERG-SWK-003,ndapewa.haufiku.00302,2026-06-14T07:00:00,2026-06-14T21:00:00,till_operator
SH-NRG-ERG-SWK-003-20260614-03,NRG-ERG-SWK-003,ndapewa.mbeha.00303,2026-06-14T07:00:00,2026-06-14T21:00:00,till_operator
SH-NRG-ERG-SWK-003-20260614-04,NRG-ERG-SWK-003,ndapewa.nakale.00304,2026-06-14T07:00:00,2026-06-14T21:00:00,till_operator
SH-NRG-ERG-SWK-003-20260614-05,NRG-ERG-SWK-003,ndapewa.shikongo.00305,2026-06-14T07:00:00,2026-06-14T21:00:00,till_operator
SH-NRG-ERG-WVB-002-20260614-01,NRG-ERG-WVB-002,anna.nuugulu.00201,2026-06-14T07:00:00,2026-06-14T21:00:00,till_operator
SH-NRG-ERG-WVB-002-20260614-02,NRG-ERG-WVB-002,anna.kavari.00202,2026-06-14T07:00:00,2026-06-14T21:00:00,till_operator
SH-NRG-ERG-WVB-002-20260614-03,NRG-ERG-WVB-002,anna.haufiku.00203,2026-06-14T07:00:00,2026-06-14T21:00:00,till_operator
SH-NRG-ERG-WVB-002-20260614-04,NRG-ERG-WVB-002,anna.mbeha.00204,2026-06-14T07:00:00,2026-06-14T21:00:00,till_operator
SH-NRG-ERG-WVB-002-20260614-05,NRG-ERG-WVB-002,anna.nakale.00205,2026-06-14T07:00:00,2026-06-14T21:00:00,till_operator
SH-NRG-HAR-REH-011-20260614-01,NRG-HAR-REH-011,ndapewa.kavari.01101,2026-06-14T07:00:00,2026-06-14T21:00:00,till_operator
SH-NRG-HAR-REH-011-20260614-02,NRG-HAR-REH-011,ndapewa.haufiku.01102,2026-06-14T07:00:00,2026-06-14T21:00:00,till_operator
SH-NRG-HAR-REH-011-20260614-03,NRG-HAR-REH-011,ndapewa.mbeha.01103,2026-06-14T07:00:00,2026-06-14T21:00:00,till_operator
SH-NRG-HAR-REH-011-20260614-04,NRG-HAR-REH-011,ndapewa.nakale.01104,2026-06-14T07:00:00,2026-06-14T21:00:00,till_operator
SH-NRG-KHA-KTM-007-20260614-01,NRG-KHA-KTM-007,paulus.shikongo.00701,2026-06-14T07:00:00,2026-06-14T21:00:00,till_operator
SH-NRG-KHA-KTM-007-20260614-02,NRG-KHA-KTM-007,paulus.hamutenya.00702,2026-06-14T07:00:00,2026-06-14T21:00:00,till_operator
SH-NRG-KHA-KTM-007-20260614-03,NRG-KHA-KTM-007,paulus.amadhila.00703,2026-06-14T07:00:00,2026-06-14T21:00:00,till_operator
SH-NRG-KHA-KTM-007-20260614-04,NRG-KHA-KTM-007,paulus.nuugulu.00704,2026-06-14T07:00:00,2026-06-14T21:00:00,till_operator
SH-NRG-KHO-WDH-001-20260614-01,NRG-KHO-WDH-001,selma.amadhila.00101,2026-06-14T07:00:00,2026-06-14T21:00:00,till_operator
SH-NRG-KHO-WDH-001-20260614-02,NRG-KHO-WDH-001,selma.nuugulu.00102,2026-06-14T07:00:00,2026-06-14T21:00:00,till_operator
SH-NRG-KHO-WDH-001-20260614-03,NRG-KHO-WDH-001,selma.kavari.00103,2026-06-14T07:00:00,2026-06-14T21:00:00,till_operator
SH-NRG-KHO-WDH-001-20260614-04,NRG-KHO-WDH-001,selma.haufiku.00104,2026-06-14T07:00:00,2026-06-14T21:00:00,till_operator
SH-NRG-KHO-WDH-001-20260614-05,NRG-KHO-WDH-001,selma.mbeha.00105,2026-06-14T07:00:00,2026-06-14T21:00:00,till_operator
SH-NRG-KVE-RUN-005-20260614-01,NRG-KVE-RUN-005,martha.mbeha.00501,2026-06-14T07:00:00,2026-06-14T21:00:00,till_operator
SH-NRG-KVE-RUN-005-20260614-02,NRG-KVE-RUN-005,martha.nakale.00502,2026-06-14T07:00:00,2026-06-14T21:00:00,till_operator
SH-NRG-KVE-RUN-005-20260614-03,NRG-KVE-RUN-005,martha.shikongo.00503,2026-06-14T07:00:00,2026-06-14T21:00:00,till_operator
SH-NRG-KVE-RUN-005-20260614-04,NRG-KVE-RUN-005,martha.hamutenya.00504,2026-06-14T07:00:00,2026-06-14T21:00:00,till_operator
SH-NRG-KVE-RUN-005-20260614-05,NRG-KVE-RUN-005,martha.amadhila.00505,2026-06-14T07:00:00,2026-06-14T21:00:00,till_operator
SH-NRG-OME-GOB-010-20260614-01,NRG-OME-GOB-010,anna.nuugulu.01001,2026-06-14T07:00:00,2026-06-14T21:00:00,till_operator
SH-NRG-OME-GOB-010-20260614-02,NRG-OME-GOB-010,anna.kavari.01002,2026-06-14T07:00:00,2026-06-14T21:00:00,till_operator
SH-NRG-OME-GOB-010-20260614-03,NRG-OME-GOB-010,anna.haufiku.01003,2026-06-14T07:00:00,2026-06-14T21:00:00,till_operator
SH-NRG-OME-GOB-010-20260614-04,NRG-OME-GOB-010,anna.mbeha.01004,2026-06-14T07:00:00,2026-06-14T21:00:00,till_operator
SH-NRG-OSA-OND-012-20260614-01,NRG-OSA-OND-012,petrus.haufiku.01201,2026-06-14T07:00:00,2026-06-14T21:00:00,till_operator
SH-NRG-OSA-OND-012-20260614-02,NRG-OSA-OND-012,petrus.mbeha.01202,2026-06-14T07:00:00,2026-06-14T21:00:00,till_operator
SH-NRG-OSA-OND-012-20260614-03,NRG-OSA-OND-012,petrus.nakale.01203,2026-06-14T07:00:00,2026-06-14T21:00:00,till_operator
SH-NRG-OSA-OND-012-20260614-04,NRG-OSA-OND-012,petrus.shikongo.01204,2026-06-14T07:00:00,2026-06-14T21:00:00,till_operator
SH-NRG-OSA-OSK-004-20260614-01,NRG-OSA-OSK-004,petrus.haufiku.00401,2026-06-14T07:00:00,2026-06-14T21:00:00,till_operator
SH-NRG-OSA-OSK-004-20260614-02,NRG-OSA-OSK-004,petrus.mbeha.00402,2026-06-14T07:00:00,2026-06-14T21:00:00,till_operator
SH-NRG-OSA-OSK-004-20260614-03,NRG-OSA-OSK-004,petrus.nakale.00403,2026-06-14T07:00:00,2026-06-14T21:00:00,till_operator
SH-NRG-OSA-OSK-004-20260614-04,NRG-OSA-OSK-004,petrus.shikongo.00404,2026-06-14T07:00:00,2026-06-14T21:00:00,till_operator
SH-NRG-OSA-OSK-004-20260614-05,NRG-OSA-OSK-004,petrus.hamutenya.00405,2026-06-14T07:00:00,2026-06-14T21:00:00,till_operator
SH-NRG-OSI-TSU-009-20260614-01,NRG-OSI-TSU-009,selma.amadhila.00901,2026-06-14T07:00:00,2026-06-14T21:00:00,till_operator
SH-NRG-OSI-TSU-009-20260614-02,NRG-OSI-TSU-009,selma.nuugulu.00902,2026-06-14T07:00:00,2026-06-14T21:00:00,till_operator
SH-NRG-OSI-TSU-009-20260614-03,NRG-OSI-TSU-009,selma.kavari.00903,2026-06-14T07:00:00,2026-06-14T21:00:00,till_operator
SH-NRG-OSI-TSU-009-20260614-04,NRG-OSI-TSU-009,selma.haufiku.00904,2026-06-14T07:00:00,2026-06-14T21:00:00,till_operator
SH-NRG-OTJ-OTW-006-20260614-01,NRG-OTJ-OTW-006,nela.nakale.00601,2026-06-14T07:00:00,2026-06-14T21:00:00,till_operator
SH-NRG-OTJ-OTW-006-20260614-02,NRG-OTJ-OTW-006,nela.shikongo.00602,2026-06-14T07:00:00,2026-06-14T21:00:00,till_operator
SH-NRG-OTJ-OTW-006-20260614-03,NRG-OTJ-OTW-006,nela.hamutenya.00603,2026-06-14T07:00:00,2026-06-14T21:00:00,till_operator
SH-NRG-OTJ-OTW-006-20260614-04,NRG-OTJ-OTW-006,nela.amadhila.00604,2026-06-14T07:00:00,2026-06-14T21:00:00,till_operator
SH-NRG-OTJ-OTW-006-20260614-05,NRG-OTJ-OTW-006,nela.nuugulu.00605,2026-06-14T07:00:00,2026-06-14T21:00:00,till_operator
SH-NRG-ZAM-KTM-008-20260614-01,NRG-ZAM-KTM-008,elina.hamutenya.00801,2026-06-14T07:00:00,2026-06-14T21:00:00,till_operator
SH-NRG-ZAM-KTM-008-20260614-02,NRG-ZAM-KTM-008,elina.amadhila.00802,2026-06-14T07:00:00,2026-06-14T21:00:00,till_operator
SH-NRG-ZAM-KTM-008-20260614-03,NRG-ZAM-KTM-008,elina.nuugulu.00803,2026-06-14T07:00:00,2026-06-14T21:00:00,till_operator
SH-NRG-ZAM-KTM-008-20260614-04,NRG-ZAM-KTM-008,elina.kavari.00804,2026-06-14T07:00:00,2026-06-14T21:00:00,till_operator
SH-NRG-ERG-SWK-003-20260615-01,NRG-ERG-SWK-003,ndapewa.kavari.00301,2026-06-15T07:00:00,2026-06-15T21:00:00,till_operator
SH-NRG-ERG-SWK-003-20260615-02,NRG-ERG-SWK-003,ndapewa.haufiku.00302,2026-06-15T07:00:00,2026-06-15T21:00:00,till_operator
SH-NRG-ERG-SWK-003-20260615-03,NRG-ERG-SWK-003,ndapewa.mbeha.00303,2026-06-15T07:00:00,2026-06-15T21:00:00,till_operator
SH-NRG-ERG-SWK-003-20260615-04,NRG-ERG-SWK-003,ndapewa.nakale.00304,2026-06-15T07:00:00,2026-06-15T21:00:00,till_operator
SH-NRG-ERG-SWK-003-20260615-05,NRG-ERG-SWK-003,ndapewa.shikongo.00305,2026-06-15T07:00:00,2026-06-15T21:00:00,till_operator
SH-NRG-ERG-WVB-002-20260615-01,NRG-ERG-WVB-002,anna.nuugulu.00201,2026-06-15T07:00:00,2026-06-15T21:00:00,till_operator
SH-NRG-ERG-WVB-002-20260615-02,NRG-ERG-WVB-002,anna.kavari.00202,2026-06-15T07:00:00,2026-06-15T21:00:00,till_operator
SH-NRG-ERG-WVB-002-20260615-03,NRG-ERG-WVB-002,anna.haufiku.00203,2026-06-15T07:00:00,2026-06-15T21:00:00,till_operator
SH-NRG-ERG-WVB-002-20260615-04,NRG-ERG-WVB-002,anna.mbeha.00204,2026-06-15T07:00:00,2026-06-15T21:00:00,till_operator
SH-NRG-ERG-WVB-002-20260615-05,NRG-ERG-WVB-002,anna.nakale.00205,2026-06-15T07:00:00,2026-06-15T21:00:00,till_operator
SH-NRG-HAR-REH-011-20260615-01,NRG-HAR-REH-011,ndapewa.kavari.01101,2026-06-15T07:00:00,2026-06-15T21:00:00,till_operator
SH-NRG-HAR-REH-011-20260615-02,NRG-HAR-REH-011,ndapewa.haufiku.01102,2026-06-15T07:00:00,2026-06-15T21:00:00,till_operator
SH-NRG-HAR-REH-011-20260615-03,NRG-HAR-REH-011,ndapewa.mbeha.01103,2026-06-15T07:00:00,2026-06-15T21:00:00,till_operator
SH-NRG-HAR-REH-011-20260615-04,NRG-HAR-REH-011,ndapewa.nakale.01104,2026-06-15T07:00:00,2026-06-15T21:00:00,till_operator
SH-NRG-KHA-KTM-007-20260615-01,NRG-KHA-KTM-007,paulus.shikongo.00701,2026-06-15T07:00:00,2026-06-15T21:00:00,till_operator
SH-NRG-KHA-KTM-007-20260615-02,NRG-KHA-KTM-007,paulus.hamutenya.00702,2026-06-15T07:00:00,2026-06-15T21:00:00,till_operator
SH-NRG-KHA-KTM-007-20260615-03,NRG-KHA-KTM-007,paulus.amadhila.00703,2026-06-15T07:00:00,2026-06-15T21:00:00,till_operator
SH-NRG-KHA-KTM-007-20260615-04,NRG-KHA-KTM-007,paulus.nuugulu.00704,2026-06-15T07:00:00,2026-06-15T21:00:00,till_operator
SH-NRG-KHO-WDH-001-20260615-01,NRG-KHO-WDH-001,selma.amadhila.00101,2026-06-15T07:00:00,2026-06-15T21:00:00,till_operator
SH-NRG-KHO-WDH-001-20260615-02,NRG-KHO-WDH-001,selma.nuugulu.00102,2026-06-15T07:00:00,2026-06-15T21:00:00,till_operator
SH-NRG-KHO-WDH-001-20260615-03,NRG-KHO-WDH-001,selma.kavari.00103,2026-06-15T07:00:00,2026-06-15T21:00:00,till_operator
SH-NRG-KHO-WDH-001-20260615-04,NRG-KHO-WDH-001,selma.haufiku.00104,2026-06-15T07:00:00,2026-06-15T21:00:00,till_operator
SH-NRG-KHO-WDH-001-20260615-05,NRG-KHO-WDH-001,selma.mbeha.00105,2026-06-15T07:00:00,2026-06-15T21:00:00,till_operator
SH-NRG-KVE-RUN-005-20260615-01,NRG-KVE-RUN-005,martha.mbeha.00501,2026-06-15T07:00:00,2026-06-15T21:00:00,till_operator
SH-NRG-KVE-RUN-005-20260615-02,NRG-KVE-RUN-005,martha.nakale.00502,2026-06-15T07:00:00,2026-06-15T21:00:00,till_operator
SH-NRG-KVE-RUN-005-20260615-03,NRG-KVE-RUN-005,martha.shikongo.00503,2026-06-15T07:00:00,2026-06-15T21:00:00,till_operator
SH-NRG-KVE-RUN-005-20260615-04,NRG-KVE-RUN-005,martha.hamutenya.00504,2026-06-15T07:00:00,2026-06-15T21:00:00,till_operator
SH-NRG-KVE-RUN-005-20260615-05,NRG-KVE-RUN-005,martha.amadhila.00505,2026-06-15T07:00:00,2026-06-15T21:00:00,till_operator
SH-NRG-OME-GOB-010-20260615-01,NRG-OME-GOB-010,anna.nuugulu.01001,2026-06-15T07:00:00,2026-06-15T21:00:00,till_operator
SH-NRG-OME-GOB-010-20260615-02,NRG-OME-GOB-010,anna.kavari.01002,2026-06-15T07:00:00,2026-06-15T21:00:00,till_operator
SH-NRG-OME-GOB-010-20260615-03,NRG-OME-GOB-010,anna.haufiku.01003,2026-06-15T07:00:00,2026-06-15T21:00:00,till_operator
SH-NRG-OME-GOB-010-20260615-04,NRG-OME-GOB-010,anna.mbeha.01004,2026-06-15T07:00:00,2026-06-15T21:00:00,till_operator
SH-NRG-OSA-OND-012-20260615-01,NRG-OSA-OND-012,petrus.haufiku.01201,2026-06-15T07:00:00,2026-06-15T21:00:00,till_operator
SH-NRG-OSA-OND-012-20260615-02,NRG-OSA-OND-012,petrus.mbeha.01202,2026-06-15T07:00:00,2026-06-15T21:00:00,till_operator
SH-NRG-OSA-OND-012-20260615-03,NRG-OSA-OND-012,petrus.nakale.01203,2026-06-15T07:00:00,2026-06-15T21:00:00,till_operator
SH-NRG-OSA-OND-012-20260615-04,NRG-OSA-OND-012,petrus.shikongo.01204,2026-06-15T07:00:00,2026-06-15T21:00:00,till_operator
SH-NRG-OSA-OSK-004-20260615-01,NRG-OSA-OSK-004,petrus.haufiku.00401,2026-06-15T07:00:00,2026-06-15T21:00:00,till_operator
SH-NRG-OSA-OSK-004-20260615-02,NRG-OSA-OSK-004,petrus.mbeha.00402,2026-06-15T07:00:00,2026-06-15T21:00:00,till_operator
SH-NRG-OSA-OSK-004-20260615-03,NRG-OSA-OSK-004,petrus.nakale.00403,2026-06-15T07:00:00,2026-06-15T21:00:00,till_operator
SH-NRG-OSA-OSK-004-20260615-04,NRG-OSA-OSK-004,petrus.shikongo.00404,2026-06-15T07:00:00,2026-06-15T21:00:00,till_operator
SH-NRG-OSA-OSK-004-20260615-05,NRG-OSA-OSK-004,petrus.hamutenya.00405,2026-06-15T07:00:00,2026-06-15T21:00:00,till_operator
SH-NRG-OSI-TSU-009-20260615-01,NRG-OSI-TSU-009,selma.amadhila.00901,2026-06-15T07:00:00,2026-06-15T21:00:00,till_operator
SH-NRG-OSI-TSU-009-20260615-02,NRG-OSI-TSU-009,selma.nuugulu.00902,2026-06-15T07:00:00,2026-06-15T21:00:00,till_operator
SH-NRG-OSI-TSU-009-20260615-03,NRG-OSI-TSU-009,selma.kavari.00903,2026-06-15T07:00:00,2026-06-15T21:00:00,till_operator
SH-NRG-OSI-TSU-009-20260615-04,NRG-OSI-TSU-009,selma.haufiku.00904,2026-06-15T07:00:00,2026-06-15T21:00:00,till_operator
SH-NRG-OTJ-OTW-006-20260615-01,NRG-OTJ-OTW-006,nela.nakale.00601,2026-06-15T07:00:00,2026-06-15T21:00:00,till_operator
SH-NRG-OTJ-OTW-006-20260615-02,NRG-OTJ-OTW-006,nela.shikongo.00602,2026-06-15T07:00:00,2026-06-15T21:00:00,till_operator
SH-NRG-OTJ-OTW-006-20260615-03,NRG-OTJ-OTW-006,nela.hamutenya.00603,2026-06-15T07:00:00,2026-06-15T21:00:00,till_operator
SH-NRG-OTJ-OTW-006-20260615-04,NRG-OTJ-OTW-006,nela.amadhila.00604,2026-06-15T07:00:00,2026-06-15T21:00:00,till_operator
SH-NRG-OTJ-OTW-006-20260615-05,NRG-OTJ-OTW-006,nela.nuugulu.00605,2026-06-15T07:00:00,2026-06-15T21:00:00,till_operator
SH-NRG-ZAM-KTM-008-20260615-01,NRG-ZAM-KTM-008,elina.hamutenya.00801,2026-06-15T07:00:00,2026-06-15T21:00:00,till_operator
SH-NRG-ZAM-KTM-008-20260615-02,NRG-ZAM-KTM-008,elina.amadhila.00802,2026-06-15T07:00:00,2026-06-15T21:00:00,till_operator
SH-NRG-ZAM-KTM-008-20260615-03,NRG-ZAM-KTM-008,elina.nuugulu.00803,2026-06-15T07:00:00,2026-06-15T21:00:00,till_operator
SH-NRG-ZAM-KTM-008-20260615-04,NRG-ZAM-KTM-008,elina.kavari.00804,2026-06-15T07:00:00,2026-06-15T21:00:00,till_operator
SH-NRG-ERG-SWK-003-20260616-01,NRG-ERG-SWK-003,ndapewa.kavari.00301,2026-06-16T07:00:00,2026-06-16T21:00:00,till_operator
SH-NRG-ERG-SWK-003-20260616-02,NRG-ERG-SWK-003,ndapewa.haufiku.00302,2026-06-16T07:00:00,2026-06-16T21:00:00,till_operator
SH-NRG-ERG-SWK-003-20260616-03,NRG-ERG-SWK-003,ndapewa.mbeha.00303,2026-06-16T07:00:00,2026-06-16T21:00:00,till_operator
SH-NRG-ERG-SWK-003-20260616-04,NRG-ERG-SWK-003,ndapewa.nakale.00304,2026-06-16T07:00:00,2026-06-16T21:00:00,till_operator
SH-NRG-ERG-SWK-003-20260616-05,NRG-ERG-SWK-003,ndapewa.shikongo.00305,2026-06-16T07:00:00,2026-06-16T21:00:00,till_operator
SH-NRG-ERG-WVB-002-20260616-01,NRG-ERG-WVB-002,anna.nuugulu.00201,2026-06-16T07:00:00,2026-06-16T21:00:00,till_operator
SH-NRG-ERG-WVB-002-20260616-02,NRG-ERG-WVB-002,anna.kavari.00202,2026-06-16T07:00:00,2026-06-16T21:00:00,till_operator
SH-NRG-ERG-WVB-002-20260616-03,NRG-ERG-WVB-002,anna.haufiku.00203,2026-06-16T07:00:00,2026-06-16T21:00:00,till_operator
SH-NRG-ERG-WVB-002-20260616-04,NRG-ERG-WVB-002,anna.mbeha.00204,2026-06-16T07:00:00,2026-06-16T21:00:00,till_operator
SH-NRG-ERG-WVB-002-20260616-05,NRG-ERG-WVB-002,anna.nakale.00205,2026-06-16T07:00:00,2026-06-16T21:00:00,till_operator
SH-NRG-HAR-REH-011-20260616-01,NRG-HAR-REH-011,ndapewa.kavari.01101,2026-06-16T07:00:00,2026-06-16T21:00:00,till_operator
SH-NRG-HAR-REH-011-20260616-02,NRG-HAR-REH-011,ndapewa.haufiku.01102,2026-06-16T07:00:00,2026-06-16T21:00:00,till_operator
SH-NRG-HAR-REH-011-20260616-03,NRG-HAR-REH-011,ndapewa.mbeha.01103,2026-06-16T07:00:00,2026-06-16T21:00:00,till_operator
SH-NRG-HAR-REH-011-20260616-04,NRG-HAR-REH-011,ndapewa.nakale.01104,2026-06-16T07:00:00,2026-06-16T21:00:00,till_operator
SH-NRG-KHA-KTM-007-20260616-01,NRG-KHA-KTM-007,paulus.shikongo.00701,2026-06-16T07:00:00,2026-06-16T21:00:00,till_operator
SH-NRG-KHA-KTM-007-20260616-02,NRG-KHA-KTM-007,paulus.hamutenya.00702,2026-06-16T07:00:00,2026-06-16T21:00:00,till_operator
SH-NRG-KHA-KTM-007-20260616-03,NRG-KHA-KTM-007,paulus.amadhila.00703,2026-06-16T07:00:00,2026-06-16T21:00:00,till_operator
SH-NRG-KHA-KTM-007-20260616-04,NRG-KHA-KTM-007,paulus.nuugulu.00704,2026-06-16T07:00:00,2026-06-16T21:00:00,till_operator
SH-NRG-KHO-WDH-001-20260616-01,NRG-KHO-WDH-001,selma.amadhila.00101,2026-06-16T07:00:00,2026-06-16T21:00:00,till_operator
SH-NRG-KHO-WDH-001-20260616-02,NRG-KHO-WDH-001,selma.nuugulu.00102,2026-06-16T07:00:00,2026-06-16T21:00:00,till_operator
SH-NRG-KHO-WDH-001-20260616-03,NRG-KHO-WDH-001,selma.kavari.00103,2026-06-16T07:00:00,2026-06-16T21:00:00,till_operator
SH-NRG-KHO-WDH-001-20260616-04,NRG-KHO-WDH-001,selma.haufiku.00104,2026-06-16T07:00:00,2026-06-16T21:00:00,till_operator
SH-NRG-KHO-WDH-001-20260616-05,NRG-KHO-WDH-001,selma.mbeha.00105,2026-06-16T07:00:00,2026-06-16T21:00:00,till_operator
SH-NRG-KVE-RUN-005-20260616-01,NRG-KVE-RUN-005,martha.mbeha.00501,2026-06-16T07:00:00,2026-06-16T21:00:00,till_operator
SH-NRG-KVE-RUN-005-20260616-02,NRG-KVE-RUN-005,martha.nakale.00502,2026-06-16T07:00:00,2026-06-16T21:00:00,till_operator
SH-NRG-KVE-RUN-005-20260616-03,NRG-KVE-RUN-005,martha.shikongo.00503,2026-06-16T07:00:00,2026-06-16T21:00:00,till_operator
SH-NRG-KVE-RUN-005-20260616-04,NRG-KVE-RUN-005,martha.hamutenya.00504,2026-06-16T07:00:00,2026-06-16T21:00:00,till_operator
SH-NRG-KVE-RUN-005-20260616-05,NRG-KVE-RUN-005,martha.amadhila.00505,2026-06-16T07:00:00,2026-06-16T21:00:00,till_operator
SH-NRG-OME-GOB-010-20260616-01,NRG-OME-GOB-010,anna.nuugulu.01001,2026-06-16T07:00:00,2026-06-16T21:00:00,till_operator
SH-NRG-OME-GOB-010-20260616-02,NRG-OME-GOB-010,anna.kavari.01002,2026-06-16T07:00:00,2026-06-16T21:00:00,till_operator
SH-NRG-OME-GOB-010-20260616-03,NRG-OME-GOB-010,anna.haufiku.01003,2026-06-16T07:00:00,2026-06-16T21:00:00,till_operator
SH-NRG-OME-GOB-010-20260616-04,NRG-OME-GOB-010,anna.mbeha.01004,2026-06-16T07:00:00,2026-06-16T21:00:00,till_operator
SH-NRG-OSA-OND-012-20260616-01,NRG-OSA-OND-012,petrus.haufiku.01201,2026-06-16T07:00:00,2026-06-16T21:00:00,till_operator
SH-NRG-OSA-OND-012-20260616-02,NRG-OSA-OND-012,petrus.mbeha.01202,2026-06-16T07:00:00,2026-06-16T21:00:00,till_operator
SH-NRG-OSA-OND-012-20260616-03,NRG-OSA-OND-012,petrus.nakale.01203,2026-06-16T07:00:00,2026-06-16T21:00:00,till_operator
SH-NRG-OSA-OND-012-20260616-04,NRG-OSA-OND-012,petrus.shikongo.01204,2026-06-16T07:00:00,2026-06-16T21:00:00,till_operator
SH-NRG-OSA-OSK-004-20260616-01,NRG-OSA-OSK-004,petrus.haufiku.00401,2026-06-16T07:00:00,2026-06-16T21:00:00,till_operator
SH-NRG-OSA-OSK-004-20260616-02,NRG-OSA-OSK-004,petrus.mbeha.00402,2026-06-16T07:00:00,2026-06-16T21:00:00,till_operator
SH-NRG-OSA-OSK-004-20260616-03,NRG-OSA-OSK-004,petrus.nakale.00403,2026-06-16T07:00:00,2026-06-16T21:00:00,till_operator
SH-NRG-OSA-OSK-004-20260616-04,NRG-OSA-OSK-004,petrus.shikongo.00404,2026-06-16T07:00:00,2026-06-16T21:00:00,till_operator
SH-NRG-OSA-OSK-004-20260616-05,NRG-OSA-OSK-004,petrus.hamutenya.00405,2026-06-16T07:00:00,2026-06-16T21:00:00,till_operator
SH-NRG-OSI-TSU-009-20260616-01,NRG-OSI-TSU-009,selma.amadhila.00901,2026-06-16T07:00:00,2026-06-16T21:00:00,till_operator
SH-NRG-OSI-TSU-009-20260616-02,NRG-OSI-TSU-009,selma.nuugulu.00902,2026-06-16T07:00:00,2026-06-16T21:00:00,till_operator
SH-NRG-OSI-TSU-009-20260616-03,NRG-OSI-TSU-009,selma.kavari.00903,2026-06-16T07:00:00,2026-06-16T21:00:00,till_operator
SH-NRG-OSI-TSU-009-20260616-04,NRG-OSI-TSU-009,selma.haufiku.00904,2026-06-16T07:00:00,2026-06-16T21:00:00,till_operator
SH-NRG-OTJ-OTW-006-20260616-01,NRG-OTJ-OTW-006,nela.nakale.00601,2026-06-16T07:00:00,2026-06-16T21:00:00,till_operator
SH-NRG-OTJ-OTW-006-20260616-02,NRG-OTJ-OTW-006,nela.shikongo.00602,2026-06-16T07:00:00,2026-06-16T21:00:00,till_operator
SH-NRG-OTJ-OTW-006-20260616-03,NRG-OTJ-OTW-006,nela.hamutenya.00603,2026-06-16T07:00:00,2026-06-16T21:00:00,till_operator
SH-NRG-OTJ-OTW-006-20260616-04,NRG-OTJ-OTW-006,nela.amadhila.00604,2026-06-16T07:00:00,2026-06-16T21:00:00,till_operator
SH-NRG-OTJ-OTW-006-20260616-05,NRG-OTJ-OTW-006,nela.nuugulu.00605,2026-06-16T07:00:00,2026-06-16T21:00:00,till_operator
SH-NRG-ZAM-KTM-008-20260616-01,NRG-ZAM-KTM-008,elina.hamutenya.00801,2026-06-16T07:00:00,2026-06-16T21:00:00,till_operator
SH-NRG-ZAM-KTM-008-20260616-02,NRG-ZAM-KTM-008,elina.amadhila.00802,2026-06-16T07:00:00,2026-06-16T21:00:00,till_operator
SH-NRG-ZAM-KTM-008-20260616-03,NRG-ZAM-KTM-008,elina.nuugulu.00803,2026-06-16T07:00:00,2026-06-16T21:00:00,till_operator
SH-NRG-ZAM-KTM-008-20260616-04,NRG-ZAM-KTM-008,elina.kavari.00804,2026-06-16T07:00:00,2026-06-16T21:00:00,till_operator
SH-NRG-ERG-SWK-003-20260617-01,NRG-ERG-SWK-003,ndapewa.kavari.00301,2026-06-17T07:00:00,2026-06-17T21:00:00,till_operator
SH-NRG-ERG-SWK-003-20260617-02,NRG-ERG-SWK-003,ndapewa.haufiku.00302,2026-06-17T07:00:00,2026-06-17T21:00:00,till_operator
SH-NRG-ERG-SWK-003-20260617-03,NRG-ERG-SWK-003,ndapewa.mbeha.00303,2026-06-17T07:00:00,2026-06-17T21:00:00,till_operator
SH-NRG-ERG-SWK-003-20260617-04,NRG-ERG-SWK-003,ndapewa.nakale.00304,2026-06-17T07:00:00,2026-06-17T21:00:00,till_operator
SH-NRG-ERG-SWK-003-20260617-05,NRG-ERG-SWK-003,ndapewa.shikongo.00305,2026-06-17T07:00:00,2026-06-17T21:00:00,till_operator
SH-NRG-ERG-WVB-002-20260617-01,NRG-ERG-WVB-002,anna.nuugulu.00201,2026-06-17T07:00:00,2026-06-17T21:00:00,till_operator
SH-NRG-ERG-WVB-002-20260617-02,NRG-ERG-WVB-002,anna.kavari.00202,2026-06-17T07:00:00,2026-06-17T21:00:00,till_operator
SH-NRG-ERG-WVB-002-20260617-03,NRG-ERG-WVB-002,anna.haufiku.00203,2026-06-17T07:00:00,2026-06-17T21:00:00,till_operator
SH-NRG-ERG-WVB-002-20260617-04,NRG-ERG-WVB-002,anna.mbeha.00204,2026-06-17T07:00:00,2026-06-17T21:00:00,till_operator
SH-NRG-ERG-WVB-002-20260617-05,NRG-ERG-WVB-002,anna.nakale.00205,2026-06-17T07:00:00,2026-06-17T21:00:00,till_operator
SH-NRG-HAR-REH-011-20260617-01,NRG-HAR-REH-011,ndapewa.kavari.01101,2026-06-17T07:00:00,2026-06-17T21:00:00,till_operator
SH-NRG-HAR-REH-011-20260617-02,NRG-HAR-REH-011,ndapewa.haufiku.01102,2026-06-17T07:00:00,2026-06-17T21:00:00,till_operator
SH-NRG-HAR-REH-011-20260617-03,NRG-HAR-REH-011,ndapewa.mbeha.01103,2026-06-17T07:00:00,2026-06-17T21:00:00,till_operator
SH-NRG-HAR-REH-011-20260617-04,NRG-HAR-REH-011,ndapewa.nakale.01104,2026-06-17T07:00:00,2026-06-17T21:00:00,till_operator
SH-NRG-KHA-KTM-007-20260617-01,NRG-KHA-KTM-007,paulus.shikongo.00701,2026-06-17T07:00:00,2026-06-17T21:00:00,till_operator
SH-NRG-KHA-KTM-007-20260617-02,NRG-KHA-KTM-007,paulus.hamutenya.00702,2026-06-17T07:00:00,2026-06-17T21:00:00,till_operator
SH-NRG-KHA-KTM-007-20260617-03,NRG-KHA-KTM-007,paulus.amadhila.00703,2026-06-17T07:00:00,2026-06-17T21:00:00,till_operator
SH-NRG-KHA-KTM-007-20260617-04,NRG-KHA-KTM-007,paulus.nuugulu.00704,2026-06-17T07:00:00,2026-06-17T21:00:00,till_operator
SH-NRG-KHO-WDH-001-20260617-01,NRG-KHO-WDH-001,selma.amadhila.00101,2026-06-17T07:00:00,2026-06-17T21:00:00,till_operator
SH-NRG-KHO-WDH-001-20260617-02,NRG-KHO-WDH-001,selma.nuugulu.00102,2026-06-17T07:00:00,2026-06-17T21:00:00,till_operator
SH-NRG-KHO-WDH-001-20260617-03,NRG-KHO-WDH-001,selma.kavari.00103,2026-06-17T07:00:00,2026-06-17T21:00:00,till_operator
SH-NRG-KHO-WDH-001-20260617-04,NRG-KHO-WDH-001,selma.haufiku.00104,2026-06-17T07:00:00,2026-06-17T21:00:00,till_operator
SH-NRG-KHO-WDH-001-20260617-05,NRG-KHO-WDH-001,selma.mbeha.00105,2026-06-17T07:00:00,2026-06-17T21:00:00,till_operator
SH-NRG-KVE-RUN-005-20260617-01,NRG-KVE-RUN-005,martha.mbeha.00501,2026-06-17T07:00:00,2026-06-17T21:00:00,till_operator
SH-NRG-KVE-RUN-005-20260617-02,NRG-KVE-RUN-005,martha.nakale.00502,2026-06-17T07:00:00,2026-06-17T21:00:00,till_operator
SH-NRG-KVE-RUN-005-20260617-03,NRG-KVE-RUN-005,martha.shikongo.00503,2026-06-17T07:00:00,2026-06-17T21:00:00,till_operator
SH-NRG-KVE-RUN-005-20260617-04,NRG-KVE-RUN-005,martha.hamutenya.00504,2026-06-17T07:00:00,2026-06-17T21:00:00,till_operator
SH-NRG-KVE-RUN-005-20260617-05,NRG-KVE-RUN-005,martha.amadhila.00505,2026-06-17T07:00:00,2026-06-17T21:00:00,till_operator
SH-NRG-OME-GOB-010-20260617-01,NRG-OME-GOB-010,anna.nuugulu.01001,2026-06-17T07:00:00,2026-06-17T21:00:00,till_operator
SH-NRG-OME-GOB-010-20260617-02,NRG-OME-GOB-010,anna.kavari.01002,2026-06-17T07:00:00,2026-06-17T21:00:00,till_operator
SH-NRG-OME-GOB-010-20260617-03,NRG-OME-GOB-010,anna.haufiku.01003,2026-06-17T07:00:00,2026-06-17T21:00:00,till_operator
SH-NRG-OME-GOB-010-20260617-04,NRG-OME-GOB-010,anna.mbeha.01004,2026-06-17T07:00:00,2026-06-17T21:00:00,till_operator
SH-NRG-OSA-OND-012-20260617-01,NRG-OSA-OND-012,petrus.haufiku.01201,2026-06-17T07:00:00,2026-06-17T21:00:00,till_operator
SH-NRG-OSA-OND-012-20260617-02,NRG-OSA-OND-012,petrus.mbeha.01202,2026-06-17T07:00:00,2026-06-17T21:00:00,till_operator
SH-NRG-OSA-OND-012-20260617-03,NRG-OSA-OND-012,petrus.nakale.01203,2026-06-17T07:00:00,2026-06-17T21:00:00,till_operator
SH-NRG-OSA-OND-012-20260617-04,NRG-OSA-OND-012,petrus.shikongo.01204,2026-06-17T07:00:00,2026-06-17T21:00:00,till_operator
SH-NRG-OSA-OSK-004-20260617-01,NRG-OSA-OSK-004,petrus.haufiku.00401,2026-06-17T07:00:00,2026-06-17T21:00:00,till_operator
SH-NRG-OSA-OSK-004-20260617-02,NRG-OSA-OSK-004,petrus.mbeha.00402,2026-06-17T07:00:00,2026-06-17T21:00:00,till_operator
SH-NRG-OSA-OSK-004-20260617-03,NRG-OSA-OSK-004,petrus.nakale.00403,2026-06-17T07:00:00,2026-06-17T21:00:00,till_operator
SH-NRG-OSA-OSK-004-20260617-04,NRG-OSA-OSK-004,petrus.shikongo.00404,2026-06-17T07:00:00,2026-06-17T21:00:00,till_operator
SH-NRG-OSA-OSK-004-20260617-05,NRG-OSA-OSK-004,petrus.hamutenya.00405,2026-06-17T07:00:00,2026-06-17T21:00:00,till_operator
SH-NRG-OSI-TSU-009-20260617-01,NRG-OSI-TSU-009,selma.amadhila.00901,2026-06-17T07:00:00,2026-06-17T21:00:00,till_operator
SH-NRG-OSI-TSU-009-20260617-02,NRG-OSI-TSU-009,selma.nuugulu.00902,2026-06-17T07:00:00,2026-06-17T21:00:00,till_operator
SH-NRG-OSI-TSU-009-20260617-03,NRG-OSI-TSU-009,selma.kavari.00903,2026-06-17T07:00:00,2026-06-17T21:00:00,till_operator
SH-NRG-OSI-TSU-009-20260617-04,NRG-OSI-TSU-009,selma.haufiku.00904,2026-06-17T07:00:00,2026-06-17T21:00:00,till_operator
SH-NRG-OTJ-OTW-006-20260617-01,NRG-OTJ-OTW-006,nela.nakale.00601,2026-06-17T07:00:00,2026-06-17T21:00:00,till_operator
SH-NRG-OTJ-OTW-006-20260617-02,NRG-OTJ-OTW-006,nela.shikongo.00602,2026-06-17T07:00:00,2026-06-17T21:00:00,till_operator
SH-NRG-OTJ-OTW-006-20260617-03,NRG-OTJ-OTW-006,nela.hamutenya.00603,2026-06-17T07:00:00,2026-06-17T21:00:00,till_operator
SH-NRG-OTJ-OTW-006-20260617-04,NRG-OTJ-OTW-006,nela.amadhila.00604,2026-06-17T07:00:00,2026-06-17T21:00:00,till_operator
SH-NRG-OTJ-OTW-006-20260617-05,NRG-OTJ-OTW-006,nela.nuugulu.00605,2026-06-17T07:00:00,2026-06-17T21:00:00,till_operator
SH-NRG-ZAM-KTM-008-20260617-01,NRG-ZAM-KTM-008,elina.hamutenya.00801,2026-06-17T07:00:00,2026-06-17T21:00:00,till_operator
SH-NRG-ZAM-KTM-008-20260617-02,NRG-ZAM-KTM-008,elina.amadhila.00802,2026-06-17T07:00:00,2026-06-17T21:00:00,till_operator
SH-NRG-ZAM-KTM-008-20260617-03,NRG-ZAM-KTM-008,elina.nuugulu.00803,2026-06-17T07:00:00,2026-06-17T21:00:00,till_operator
SH-NRG-ZAM-KTM-008-20260617-04,NRG-ZAM-KTM-008,elina.kavari.00804,2026-06-17T07:00:00,2026-06-17T21:00:00,till_operator
SH-NRG-ERG-SWK-003-20260618-01,NRG-ERG-SWK-003,ndapewa.kavari.00301,2026-06-18T07:00:00,2026-06-18T21:00:00,till_operator
SH-NRG-ERG-SWK-003-20260618-02,NRG-ERG-SWK-003,ndapewa.haufiku.00302,2026-06-18T07:00:00,2026-06-18T21:00:00,till_operator
SH-NRG-ERG-SWK-003-20260618-03,NRG-ERG-SWK-003,ndapewa.mbeha.00303,2026-06-18T07:00:00,2026-06-18T21:00:00,till_operator
SH-NRG-ERG-SWK-003-20260618-04,NRG-ERG-SWK-003,ndapewa.nakale.00304,2026-06-18T07:00:00,2026-06-18T21:00:00,till_operator
SH-NRG-ERG-SWK-003-20260618-05,NRG-ERG-SWK-003,ndapewa.shikongo.00305,2026-06-18T07:00:00,2026-06-18T21:00:00,till_operator
SH-NRG-ERG-WVB-002-20260618-01,NRG-ERG-WVB-002,anna.nuugulu.00201,2026-06-18T07:00:00,2026-06-18T21:00:00,till_operator
SH-NRG-ERG-WVB-002-20260618-02,NRG-ERG-WVB-002,anna.kavari.00202,2026-06-18T07:00:00,2026-06-18T21:00:00,till_operator
SH-NRG-ERG-WVB-002-20260618-03,NRG-ERG-WVB-002,anna.haufiku.00203,2026-06-18T07:00:00,2026-06-18T21:00:00,till_operator
SH-NRG-ERG-WVB-002-20260618-04,NRG-ERG-WVB-002,anna.mbeha.00204,2026-06-18T07:00:00,2026-06-18T21:00:00,till_operator
SH-NRG-ERG-WVB-002-20260618-05,NRG-ERG-WVB-002,anna.nakale.00205,2026-06-18T07:00:00,2026-06-18T21:00:00,till_operator
SH-NRG-HAR-REH-011-20260618-01,NRG-HAR-REH-011,ndapewa.kavari.01101,2026-06-18T07:00:00,2026-06-18T21:00:00,till_operator
SH-NRG-HAR-REH-011-20260618-02,NRG-HAR-REH-011,ndapewa.haufiku.01102,2026-06-18T07:00:00,2026-06-18T21:00:00,till_operator
SH-NRG-HAR-REH-011-20260618-03,NRG-HAR-REH-011,ndapewa.mbeha.01103,2026-06-18T07:00:00,2026-06-18T21:00:00,till_operator
SH-NRG-HAR-REH-011-20260618-04,NRG-HAR-REH-011,ndapewa.nakale.01104,2026-06-18T07:00:00,2026-06-18T21:00:00,till_operator
SH-NRG-KHA-KTM-007-20260618-01,NRG-KHA-KTM-007,paulus.shikongo.00701,2026-06-18T07:00:00,2026-06-18T21:00:00,till_operator
SH-NRG-KHA-KTM-007-20260618-02,NRG-KHA-KTM-007,paulus.hamutenya.00702,2026-06-18T07:00:00,2026-06-18T21:00:00,till_operator
SH-NRG-KHA-KTM-007-20260618-03,NRG-KHA-KTM-007,paulus.amadhila.00703,2026-06-18T07:00:00,2026-06-18T21:00:00,till_operator
SH-NRG-KHA-KTM-007-20260618-04,NRG-KHA-KTM-007,paulus.nuugulu.00704,2026-06-18T07:00:00,2026-06-18T21:00:00,till_operator
SH-NRG-KHO-WDH-001-20260618-01,NRG-KHO-WDH-001,selma.amadhila.00101,2026-06-18T07:00:00,2026-06-18T21:00:00,till_operator
SH-NRG-KHO-WDH-001-20260618-02,NRG-KHO-WDH-001,selma.nuugulu.00102,2026-06-18T07:00:00,2026-06-18T21:00:00,till_operator
SH-NRG-KHO-WDH-001-20260618-03,NRG-KHO-WDH-001,selma.kavari.00103,2026-06-18T07:00:00,2026-06-18T21:00:00,till_operator
SH-NRG-KHO-WDH-001-20260618-04,NRG-KHO-WDH-001,selma.haufiku.00104,2026-06-18T07:00:00,2026-06-18T21:00:00,till_operator
SH-NRG-KHO-WDH-001-20260618-05,NRG-KHO-WDH-001,selma.mbeha.00105,2026-06-18T07:00:00,2026-06-18T21:00:00,till_operator
SH-NRG-KVE-RUN-005-20260618-01,NRG-KVE-RUN-005,martha.mbeha.00501,2026-06-18T07:00:00,2026-06-18T21:00:00,till_operator
SH-NRG-KVE-RUN-005-20260618-02,NRG-KVE-RUN-005,martha.nakale.00502,2026-06-18T07:00:00,2026-06-18T21:00:00,till_operator
SH-NRG-KVE-RUN-005-20260618-03,NRG-KVE-RUN-005,martha.shikongo.00503,2026-06-18T07:00:00,2026-06-18T21:00:00,till_operator
SH-NRG-KVE-RUN-005-20260618-04,NRG-KVE-RUN-005,martha.hamutenya.00504,2026-06-18T07:00:00,2026-06-18T21:00:00,till_operator
SH-NRG-KVE-RUN-005-20260618-05,NRG-KVE-RUN-005,martha.amadhila.00505,2026-06-18T07:00:00,2026-06-18T21:00:00,till_operator
SH-NRG-OME-GOB-010-20260618-01,NRG-OME-GOB-010,anna.nuugulu.01001,2026-06-18T07:00:00,2026-06-18T21:00:00,till_operator
SH-NRG-OME-GOB-010-20260618-02,NRG-OME-GOB-010,anna.kavari.01002,2026-06-18T07:00:00,2026-06-18T21:00:00,till_operator
SH-NRG-OME-GOB-010-20260618-03,NRG-OME-GOB-010,anna.haufiku.01003,2026-06-18T07:00:00,2026-06-18T21:00:00,till_operator
SH-NRG-OME-GOB-010-20260618-04,NRG-OME-GOB-010,anna.mbeha.01004,2026-06-18T07:00:00,2026-06-18T21:00:00,till_operator
SH-NRG-OSA-OND-012-20260618-01,NRG-OSA-OND-012,petrus.haufiku.01201,2026-06-18T07:00:00,2026-06-18T21:00:00,till_operator
SH-NRG-OSA-OND-012-20260618-02,NRG-OSA-OND-012,petrus.mbeha.01202,2026-06-18T07:00:00,2026-06-18T21:00:00,till_operator
SH-NRG-OSA-OND-012-20260618-03,NRG-OSA-OND-012,petrus.nakale.01203,2026-06-18T07:00:00,2026-06-18T21:00:00,till_operator
SH-NRG-OSA-OND-012-20260618-04,NRG-OSA-OND-012,petrus.shikongo.01204,2026-06-18T07:00:00,2026-06-18T21:00:00,till_operator
SH-NRG-OSA-OSK-004-20260618-01,NRG-OSA-OSK-004,petrus.haufiku.00401,2026-06-18T07:00:00,2026-06-18T21:00:00,till_operator
SH-NRG-OSA-OSK-004-20260618-02,NRG-OSA-OSK-004,petrus.mbeha.00402,2026-06-18T07:00:00,2026-06-18T21:00:00,till_operator
SH-NRG-OSA-OSK-004-20260618-03,NRG-OSA-OSK-004,petrus.nakale.00403,2026-06-18T07:00:00,2026-06-18T21:00:00,till_operator
SH-NRG-OSA-OSK-004-20260618-04,NRG-OSA-OSK-004,petrus.shikongo.00404,2026-06-18T07:00:00,2026-06-18T21:00:00,till_operator
SH-NRG-OSA-OSK-004-20260618-05,NRG-OSA-OSK-004,petrus.hamutenya.00405,2026-06-18T07:00:00,2026-06-18T21:00:00,till_operator
SH-NRG-OSI-TSU-009-20260618-01,NRG-OSI-TSU-009,selma.amadhila.00901,2026-06-18T07:00:00,2026-06-18T21:00:00,till_operator
SH-NRG-OSI-TSU-009-20260618-02,NRG-OSI-TSU-009,selma.nuugulu.00902,2026-06-18T07:00:00,2026-06-18T21:00:00,till_operator
SH-NRG-OSI-TSU-009-20260618-03,NRG-OSI-TSU-009,selma.kavari.00903,2026-06-18T07:00:00,2026-06-18T21:00:00,till_operator
SH-NRG-OSI-TSU-009-20260618-04,NRG-OSI-TSU-009,selma.haufiku.00904,2026-06-18T07:00:00,2026-06-18T21:00:00,till_operator
SH-NRG-OTJ-OTW-006-20260618-01,NRG-OTJ-OTW-006,nela.nakale.00601,2026-06-18T07:00:00,2026-06-18T21:00:00,till_operator
SH-NRG-OTJ-OTW-006-20260618-02,NRG-OTJ-OTW-006,nela.shikongo.00602,2026-06-18T07:00:00,2026-06-18T21:00:00,till_operator
SH-NRG-OTJ-OTW-006-20260618-03,NRG-OTJ-OTW-006,nela.hamutenya.00603,2026-06-18T07:00:00,2026-06-18T21:00:00,till_operator
SH-NRG-OTJ-OTW-006-20260618-04,NRG-OTJ-OTW-006,nela.amadhila.00604,2026-06-18T07:00:00,2026-06-18T21:00:00,till_operator
SH-NRG-OTJ-OTW-006-20260618-05,NRG-OTJ-OTW-006,nela.nuugulu.00605,2026-06-18T07:00:00,2026-06-18T21:00:00,till_operator
SH-NRG-ZAM-KTM-008-20260618-01,NRG-ZAM-KTM-008,elina.hamutenya.00801,2026-06-18T07:00:00,2026-06-18T21:00:00,till_operator
SH-NRG-ZAM-KTM-008-20260618-02,NRG-ZAM-KTM-008,elina.amadhila.00802,2026-06-18T07:00:00,2026-06-18T21:00:00,till_operator
SH-NRG-ZAM-KTM-008-20260618-03,NRG-ZAM-KTM-008,elina.nuugulu.00803,2026-06-18T07:00:00,2026-06-18T21:00:00,till_operator
SH-NRG-ZAM-KTM-008-20260618-04,NRG-ZAM-KTM-008,elina.kavari.00804,2026-06-18T07:00:00,2026-06-18T21:00:00,till_operator
SH-NRG-ERG-SWK-003-20260619-01,NRG-ERG-SWK-003,ndapewa.kavari.00301,2026-06-19T07:00:00,2026-06-19T21:00:00,till_operator
SH-NRG-ERG-SWK-003-20260619-02,NRG-ERG-SWK-003,ndapewa.haufiku.00302,2026-06-19T07:00:00,2026-06-19T21:00:00,till_operator
SH-NRG-ERG-SWK-003-20260619-03,NRG-ERG-SWK-003,ndapewa.mbeha.00303,2026-06-19T07:00:00,2026-06-19T21:00:00,till_operator
SH-NRG-ERG-SWK-003-20260619-04,NRG-ERG-SWK-003,ndapewa.nakale.00304,2026-06-19T07:00:00,2026-06-19T21:00:00,till_operator
SH-NRG-ERG-SWK-003-20260619-05,NRG-ERG-SWK-003,ndapewa.shikongo.00305,2026-06-19T07:00:00,2026-06-19T21:00:00,till_operator
SH-NRG-ERG-WVB-002-20260619-01,NRG-ERG-WVB-002,anna.nuugulu.00201,2026-06-19T07:00:00,2026-06-19T21:00:00,till_operator
SH-NRG-ERG-WVB-002-20260619-02,NRG-ERG-WVB-002,anna.kavari.00202,2026-06-19T07:00:00,2026-06-19T21:00:00,till_operator
SH-NRG-ERG-WVB-002-20260619-03,NRG-ERG-WVB-002,anna.haufiku.00203,2026-06-19T07:00:00,2026-06-19T21:00:00,till_operator
SH-NRG-ERG-WVB-002-20260619-04,NRG-ERG-WVB-002,anna.mbeha.00204,2026-06-19T07:00:00,2026-06-19T21:00:00,till_operator
SH-NRG-ERG-WVB-002-20260619-05,NRG-ERG-WVB-002,anna.nakale.00205,2026-06-19T07:00:00,2026-06-19T21:00:00,till_operator
SH-NRG-HAR-REH-011-20260619-01,NRG-HAR-REH-011,ndapewa.kavari.01101,2026-06-19T07:00:00,2026-06-19T21:00:00,till_operator
SH-NRG-HAR-REH-011-20260619-02,NRG-HAR-REH-011,ndapewa.haufiku.01102,2026-06-19T07:00:00,2026-06-19T21:00:00,till_operator
SH-NRG-HAR-REH-011-20260619-03,NRG-HAR-REH-011,ndapewa.mbeha.01103,2026-06-19T07:00:00,2026-06-19T21:00:00,till_operator
SH-NRG-HAR-REH-011-20260619-04,NRG-HAR-REH-011,ndapewa.nakale.01104,2026-06-19T07:00:00,2026-06-19T21:00:00,till_operator
SH-NRG-KHA-KTM-007-20260619-01,NRG-KHA-KTM-007,paulus.shikongo.00701,2026-06-19T07:00:00,2026-06-19T21:00:00,till_operator
SH-NRG-KHA-KTM-007-20260619-02,NRG-KHA-KTM-007,paulus.hamutenya.00702,2026-06-19T07:00:00,2026-06-19T21:00:00,till_operator
SH-NRG-KHA-KTM-007-20260619-03,NRG-KHA-KTM-007,paulus.amadhila.00703,2026-06-19T07:00:00,2026-06-19T21:00:00,till_operator
SH-NRG-KHA-KTM-007-20260619-04,NRG-KHA-KTM-007,paulus.nuugulu.00704,2026-06-19T07:00:00,2026-06-19T21:00:00,till_operator
SH-NRG-KHO-WDH-001-20260619-01,NRG-KHO-WDH-001,selma.amadhila.00101,2026-06-19T07:00:00,2026-06-19T21:00:00,till_operator
SH-NRG-KHO-WDH-001-20260619-02,NRG-KHO-WDH-001,selma.nuugulu.00102,2026-06-19T07:00:00,2026-06-19T21:00:00,till_operator
SH-NRG-KHO-WDH-001-20260619-03,NRG-KHO-WDH-001,selma.kavari.00103,2026-06-19T07:00:00,2026-06-19T21:00:00,till_operator
SH-NRG-KHO-WDH-001-20260619-04,NRG-KHO-WDH-001,selma.haufiku.00104,2026-06-19T07:00:00,2026-06-19T21:00:00,till_operator
SH-NRG-KHO-WDH-001-20260619-05,NRG-KHO-WDH-001,selma.mbeha.00105,2026-06-19T07:00:00,2026-06-19T21:00:00,till_operator
SH-NRG-KVE-RUN-005-20260619-01,NRG-KVE-RUN-005,martha.mbeha.00501,2026-06-19T07:00:00,2026-06-19T21:00:00,till_operator
SH-NRG-KVE-RUN-005-20260619-02,NRG-KVE-RUN-005,martha.nakale.00502,2026-06-19T07:00:00,2026-06-19T21:00:00,till_operator
SH-NRG-KVE-RUN-005-20260619-03,NRG-KVE-RUN-005,martha.shikongo.00503,2026-06-19T07:00:00,2026-06-19T21:00:00,till_operator
SH-NRG-KVE-RUN-005-20260619-04,NRG-KVE-RUN-005,martha.hamutenya.00504,2026-06-19T07:00:00,2026-06-19T21:00:00,till_operator
SH-NRG-KVE-RUN-005-20260619-05,NRG-KVE-RUN-005,martha.amadhila.00505,2026-06-19T07:00:00,2026-06-19T21:00:00,till_operator
SH-NRG-OME-GOB-010-20260619-01,NRG-OME-GOB-010,anna.nuugulu.01001,2026-06-19T07:00:00,2026-06-19T21:00:00,till_operator
SH-NRG-OME-GOB-010-20260619-02,NRG-OME-GOB-010,anna.kavari.01002,2026-06-19T07:00:00,2026-06-19T21:00:00,till_operator
SH-NRG-OME-GOB-010-20260619-03,NRG-OME-GOB-010,anna.haufiku.01003,2026-06-19T07:00:00,2026-06-19T21:00:00,till_operator
SH-NRG-OME-GOB-010-20260619-04,NRG-OME-GOB-010,anna.mbeha.01004,2026-06-19T07:00:00,2026-06-19T21:00:00,till_operator
SH-NRG-OSA-OND-012-20260619-01,NRG-OSA-OND-012,petrus.haufiku.01201,2026-06-19T07:00:00,2026-06-19T21:00:00,till_operator
SH-NRG-OSA-OND-012-20260619-02,NRG-OSA-OND-012,petrus.mbeha.01202,2026-06-19T07:00:00,2026-06-19T21:00:00,till_operator
SH-NRG-OSA-OND-012-20260619-03,NRG-OSA-OND-012,petrus.nakale.01203,2026-06-19T07:00:00,2026-06-19T21:00:00,till_operator
SH-NRG-OSA-OND-012-20260619-04,NRG-OSA-OND-012,petrus.shikongo.01204,2026-06-19T07:00:00,2026-06-19T21:00:00,till_operator
SH-NRG-OSA-OSK-004-20260619-01,NRG-OSA-OSK-004,petrus.haufiku.00401,2026-06-19T07:00:00,2026-06-19T21:00:00,till_operator
SH-NRG-OSA-OSK-004-20260619-02,NRG-OSA-OSK-004,petrus.mbeha.00402,2026-06-19T07:00:00,2026-06-19T21:00:00,till_operator
SH-NRG-OSA-OSK-004-20260619-03,NRG-OSA-OSK-004,petrus.nakale.00403,2026-06-19T07:00:00,2026-06-19T21:00:00,till_operator
SH-NRG-OSA-OSK-004-20260619-04,NRG-OSA-OSK-004,petrus.shikongo.00404,2026-06-19T07:00:00,2026-06-19T21:00:00,till_operator
SH-NRG-OSA-OSK-004-20260619-05,NRG-OSA-OSK-004,petrus.hamutenya.00405,2026-06-19T07:00:00,2026-06-19T21:00:00,till_operator
SH-NRG-OSI-TSU-009-20260619-01,NRG-OSI-TSU-009,selma.amadhila.00901,2026-06-19T07:00:00,2026-06-19T21:00:00,till_operator
SH-NRG-OSI-TSU-009-20260619-02,NRG-OSI-TSU-009,selma.nuugulu.00902,2026-06-19T07:00:00,2026-06-19T21:00:00,till_operator
SH-NRG-OSI-TSU-009-20260619-03,NRG-OSI-TSU-009,selma.kavari.00903,2026-06-19T07:00:00,2026-06-19T21:00:00,till_operator
SH-NRG-OSI-TSU-009-20260619-04,NRG-OSI-TSU-009,selma.haufiku.00904,2026-06-19T07:00:00,2026-06-19T21:00:00,till_operator
SH-NRG-OTJ-OTW-006-20260619-01,NRG-OTJ-OTW-006,nela.nakale.00601,2026-06-19T07:00:00,2026-06-19T21:00:00,till_operator
SH-NRG-OTJ-OTW-006-20260619-02,NRG-OTJ-OTW-006,nela.shikongo.00602,2026-06-19T07:00:00,2026-06-19T21:00:00,till_operator
SH-NRG-OTJ-OTW-006-20260619-03,NRG-OTJ-OTW-006,nela.hamutenya.00603,2026-06-19T07:00:00,2026-06-19T21:00:00,till_operator
SH-NRG-OTJ-OTW-006-20260619-04,NRG-OTJ-OTW-006,nela.amadhila.00604,2026-06-19T07:00:00,2026-06-19T21:00:00,till_operator
SH-NRG-OTJ-OTW-006-20260619-05,NRG-OTJ-OTW-006,nela.nuugulu.00605,2026-06-19T07:00:00,2026-06-19T21:00:00,till_operator
SH-NRG-ZAM-KTM-008-20260619-01,NRG-ZAM-KTM-008,elina.hamutenya.00801,2026-06-19T07:00:00,2026-06-19T21:00:00,till_operator
SH-NRG-ZAM-KTM-008-20260619-02,NRG-ZAM-KTM-008,elina.amadhila.00802,2026-06-19T07:00:00,2026-06-19T21:00:00,till_operator
SH-NRG-ZAM-KTM-008-20260619-03,NRG-ZAM-KTM-008,elina.nuugulu.00803,2026-06-19T07:00:00,2026-06-19T21:00:00,till_operator
SH-NRG-ZAM-KTM-008-20260619-04,NRG-ZAM-KTM-008,elina.kavari.00804,2026-06-19T07:00:00,2026-06-19T21:00:00,till_operator
SH-NRG-ERG-SWK-003-20260620-01,NRG-ERG-SWK-003,ndapewa.kavari.00301,2026-06-20T07:00:00,2026-06-20T21:00:00,till_operator
SH-NRG-ERG-SWK-003-20260620-02,NRG-ERG-SWK-003,ndapewa.haufiku.00302,2026-06-20T07:00:00,2026-06-20T21:00:00,till_operator
SH-NRG-ERG-SWK-003-20260620-03,NRG-ERG-SWK-003,ndapewa.mbeha.00303,2026-06-20T07:00:00,2026-06-20T21:00:00,till_operator
SH-NRG-ERG-SWK-003-20260620-04,NRG-ERG-SWK-003,ndapewa.nakale.00304,2026-06-20T07:00:00,2026-06-20T21:00:00,till_operator
SH-NRG-ERG-SWK-003-20260620-05,NRG-ERG-SWK-003,ndapewa.shikongo.00305,2026-06-20T07:00:00,2026-06-20T21:00:00,till_operator
SH-NRG-ERG-WVB-002-20260620-01,NRG-ERG-WVB-002,anna.nuugulu.00201,2026-06-20T07:00:00,2026-06-20T21:00:00,till_operator
SH-NRG-ERG-WVB-002-20260620-02,NRG-ERG-WVB-002,anna.kavari.00202,2026-06-20T07:00:00,2026-06-20T21:00:00,till_operator
SH-NRG-ERG-WVB-002-20260620-03,NRG-ERG-WVB-002,anna.haufiku.00203,2026-06-20T07:00:00,2026-06-20T21:00:00,till_operator
SH-NRG-ERG-WVB-002-20260620-04,NRG-ERG-WVB-002,anna.mbeha.00204,2026-06-20T07:00:00,2026-06-20T21:00:00,till_operator
SH-NRG-ERG-WVB-002-20260620-05,NRG-ERG-WVB-002,anna.nakale.00205,2026-06-20T07:00:00,2026-06-20T21:00:00,till_operator
SH-NRG-HAR-REH-011-20260620-01,NRG-HAR-REH-011,ndapewa.kavari.01101,2026-06-20T07:00:00,2026-06-20T21:00:00,till_operator
SH-NRG-HAR-REH-011-20260620-02,NRG-HAR-REH-011,ndapewa.haufiku.01102,2026-06-20T07:00:00,2026-06-20T21:00:00,till_operator
SH-NRG-HAR-REH-011-20260620-03,NRG-HAR-REH-011,ndapewa.mbeha.01103,2026-06-20T07:00:00,2026-06-20T21:00:00,till_operator
SH-NRG-HAR-REH-011-20260620-04,NRG-HAR-REH-011,ndapewa.nakale.01104,2026-06-20T07:00:00,2026-06-20T21:00:00,till_operator
SH-NRG-KHA-KTM-007-20260620-01,NRG-KHA-KTM-007,paulus.shikongo.00701,2026-06-20T07:00:00,2026-06-20T21:00:00,till_operator
SH-NRG-KHA-KTM-007-20260620-02,NRG-KHA-KTM-007,paulus.hamutenya.00702,2026-06-20T07:00:00,2026-06-20T21:00:00,till_operator
SH-NRG-KHA-KTM-007-20260620-03,NRG-KHA-KTM-007,paulus.amadhila.00703,2026-06-20T07:00:00,2026-06-20T21:00:00,till_operator
SH-NRG-KHA-KTM-007-20260620-04,NRG-KHA-KTM-007,paulus.nuugulu.00704,2026-06-20T07:00:00,2026-06-20T21:00:00,till_operator
SH-NRG-KHO-WDH-001-20260620-01,NRG-KHO-WDH-001,selma.amadhila.00101,2026-06-20T07:00:00,2026-06-20T21:00:00,till_operator
SH-NRG-KHO-WDH-001-20260620-02,NRG-KHO-WDH-001,selma.nuugulu.00102,2026-06-20T07:00:00,2026-06-20T21:00:00,till_operator
SH-NRG-KHO-WDH-001-20260620-03,NRG-KHO-WDH-001,selma.kavari.00103,2026-06-20T07:00:00,2026-06-20T21:00:00,till_operator
SH-NRG-KHO-WDH-001-20260620-04,NRG-KHO-WDH-001,selma.haufiku.00104,2026-06-20T07:00:00,2026-06-20T21:00:00,till_operator
SH-NRG-KHO-WDH-001-20260620-05,NRG-KHO-WDH-001,selma.mbeha.00105,2026-06-20T07:00:00,2026-06-20T21:00:00,till_operator
SH-NRG-KVE-RUN-005-20260620-01,NRG-KVE-RUN-005,martha.mbeha.00501,2026-06-20T07:00:00,2026-06-20T21:00:00,till_operator
SH-NRG-KVE-RUN-005-20260620-02,NRG-KVE-RUN-005,martha.nakale.00502,2026-06-20T07:00:00,2026-06-20T21:00:00,till_operator
SH-NRG-KVE-RUN-005-20260620-03,NRG-KVE-RUN-005,martha.shikongo.00503,2026-06-20T07:00:00,2026-06-20T21:00:00,till_operator
SH-NRG-KVE-RUN-005-20260620-04,NRG-KVE-RUN-005,martha.hamutenya.00504,2026-06-20T07:00:00,2026-06-20T21:00:00,till_operator
SH-NRG-KVE-RUN-005-20260620-05,NRG-KVE-RUN-005,martha.amadhila.00505,2026-06-20T07:00:00,2026-06-20T21:00:00,till_operator
SH-NRG-OME-GOB-010-20260620-01,NRG-OME-GOB-010,anna.nuugulu.01001,2026-06-20T07:00:00,2026-06-20T21:00:00,till_operator
SH-NRG-OME-GOB-010-20260620-02,NRG-OME-GOB-010,anna.kavari.01002,2026-06-20T07:00:00,2026-06-20T21:00:00,till_operator
SH-NRG-OME-GOB-010-20260620-03,NRG-OME-GOB-010,anna.haufiku.01003,2026-06-20T07:00:00,2026-06-20T21:00:00,till_operator
SH-NRG-OME-GOB-010-20260620-04,NRG-OME-GOB-010,anna.mbeha.01004,2026-06-20T07:00:00,2026-06-20T21:00:00,till_operator
SH-NRG-OSA-OND-012-20260620-01,NRG-OSA-OND-012,petrus.haufiku.01201,2026-06-20T07:00:00,2026-06-20T21:00:00,till_operator
SH-NRG-OSA-OND-012-20260620-02,NRG-OSA-OND-012,petrus.mbeha.01202,2026-06-20T07:00:00,2026-06-20T21:00:00,till_operator
SH-NRG-OSA-OND-012-20260620-03,NRG-OSA-OND-012,petrus.nakale.01203,2026-06-20T07:00:00,2026-06-20T21:00:00,till_operator
SH-NRG-OSA-OND-012-20260620-04,NRG-OSA-OND-012,petrus.shikongo.01204,2026-06-20T07:00:00,2026-06-20T21:00:00,till_operator
SH-NRG-OSA-OSK-004-20260620-01,NRG-OSA-OSK-004,petrus.haufiku.00401,2026-06-20T07:00:00,2026-06-20T21:00:00,till_operator
SH-NRG-OSA-OSK-004-20260620-02,NRG-OSA-OSK-004,petrus.mbeha.00402,2026-06-20T07:00:00,2026-06-20T21:00:00,till_operator
SH-NRG-OSA-OSK-004-20260620-03,NRG-OSA-OSK-004,petrus.nakale.00403,2026-06-20T07:00:00,2026-06-20T21:00:00,till_operator
SH-NRG-OSA-OSK-004-20260620-04,NRG-OSA-OSK-004,petrus.shikongo.00404,2026-06-20T07:00:00,2026-06-20T21:00:00,till_operator
SH-NRG-OSA-OSK-004-20260620-05,NRG-OSA-OSK-004,petrus.hamutenya.00405,2026-06-20T07:00:00,2026-06-20T21:00:00,till_operator
SH-NRG-OSI-TSU-009-20260620-01,NRG-OSI-TSU-009,selma.amadhila.00901,2026-06-20T07:00:00,2026-06-20T21:00:00,till_operator
SH-NRG-OSI-TSU-009-20260620-02,NRG-OSI-TSU-009,selma.nuugulu.00902,2026-06-20T07:00:00,2026-06-20T21:00:00,till_operator
SH-NRG-OSI-TSU-009-20260620-03,NRG-OSI-TSU-009,selma.kavari.00903,2026-06-20T07:00:00,2026-06-20T21:00:00,till_operator
SH-NRG-OSI-TSU-009-20260620-04,NRG-OSI-TSU-009,selma.haufiku.00904,2026-06-20T07:00:00,2026-06-20T21:00:00,till_operator
SH-NRG-OTJ-OTW-006-20260620-01,NRG-OTJ-OTW-006,nela.nakale.00601,2026-06-20T07:00:00,2026-06-20T21:00:00,till_operator
SH-NRG-OTJ-OTW-006-20260620-02,NRG-OTJ-OTW-006,nela.shikongo.00602,2026-06-20T07:00:00,2026-06-20T21:00:00,till_operator
SH-NRG-OTJ-OTW-006-20260620-03,NRG-OTJ-OTW-006,nela.hamutenya.00603,2026-06-20T07:00:00,2026-06-20T21:00:00,till_operator
SH-NRG-OTJ-OTW-006-20260620-04,NRG-OTJ-OTW-006,nela.amadhila.00604,2026-06-20T07:00:00,2026-06-20T21:00:00,till_operator
SH-NRG-OTJ-OTW-006-20260620-05,NRG-OTJ-OTW-006,nela.nuugulu.00605,2026-06-20T07:00:00,2026-06-20T21:00:00,till_operator
SH-NRG-ZAM-KTM-008-20260620-01,NRG-ZAM-KTM-008,elina.hamutenya.00801,2026-06-20T07:00:00,2026-06-20T21:00:00,till_operator
SH-NRG-ZAM-KTM-008-20260620-02,NRG-ZAM-KTM-008,elina.amadhila.00802,2026-06-20T07:00:00,2026-06-20T21:00:00,till_operator
SH-NRG-ZAM-KTM-008-20260620-03,NRG-ZAM-KTM-008,elina.nuugulu.00803,2026-06-20T07:00:00,2026-06-20T21:00:00,till_operator
SH-NRG-ZAM-KTM-008-20260620-04,NRG-ZAM-KTM-008,elina.kavari.00804,2026-06-20T07:00:00,2026-06-20T21:00:00,till_operator
SH-NRG-ERG-SWK-003-20260621-01,NRG-ERG-SWK-003,ndapewa.kavari.00301,2026-06-21T07:00:00,2026-06-21T21:00:00,till_operator
SH-NRG-ERG-SWK-003-20260621-02,NRG-ERG-SWK-003,ndapewa.haufiku.00302,2026-06-21T07:00:00,2026-06-21T21:00:00,till_operator
SH-NRG-ERG-SWK-003-20260621-03,NRG-ERG-SWK-003,ndapewa.mbeha.00303,2026-06-21T07:00:00,2026-06-21T21:00:00,till_operator
SH-NRG-ERG-SWK-003-20260621-04,NRG-ERG-SWK-003,ndapewa.nakale.00304,2026-06-21T07:00:00,2026-06-21T21:00:00,till_operator
SH-NRG-ERG-SWK-003-20260621-05,NRG-ERG-SWK-003,ndapewa.shikongo.00305,2026-06-21T07:00:00,2026-06-21T21:00:00,till_operator
SH-NRG-ERG-WVB-002-20260621-01,NRG-ERG-WVB-002,anna.nuugulu.00201,2026-06-21T07:00:00,2026-06-21T21:00:00,till_operator
SH-NRG-ERG-WVB-002-20260621-02,NRG-ERG-WVB-002,anna.kavari.00202,2026-06-21T07:00:00,2026-06-21T21:00:00,till_operator
SH-NRG-ERG-WVB-002-20260621-03,NRG-ERG-WVB-002,anna.haufiku.00203,2026-06-21T07:00:00,2026-06-21T21:00:00,till_operator
SH-NRG-ERG-WVB-002-20260621-04,NRG-ERG-WVB-002,anna.mbeha.00204,2026-06-21T07:00:00,2026-06-21T21:00:00,till_operator
SH-NRG-ERG-WVB-002-20260621-05,NRG-ERG-WVB-002,anna.nakale.00205,2026-06-21T07:00:00,2026-06-21T21:00:00,till_operator
SH-NRG-HAR-REH-011-20260621-01,NRG-HAR-REH-011,ndapewa.kavari.01101,2026-06-21T07:00:00,2026-06-21T21:00:00,till_operator
SH-NRG-HAR-REH-011-20260621-02,NRG-HAR-REH-011,ndapewa.haufiku.01102,2026-06-21T07:00:00,2026-06-21T21:00:00,till_operator
SH-NRG-HAR-REH-011-20260621-03,NRG-HAR-REH-011,ndapewa.mbeha.01103,2026-06-21T07:00:00,2026-06-21T21:00:00,till_operator
SH-NRG-HAR-REH-011-20260621-04,NRG-HAR-REH-011,ndapewa.nakale.01104,2026-06-21T07:00:00,2026-06-21T21:00:00,till_operator
SH-NRG-KHA-KTM-007-20260621-01,NRG-KHA-KTM-007,paulus.shikongo.00701,2026-06-21T07:00:00,2026-06-21T21:00:00,till_operator
SH-NRG-KHA-KTM-007-20260621-02,NRG-KHA-KTM-007,paulus.hamutenya.00702,2026-06-21T07:00:00,2026-06-21T21:00:00,till_operator
SH-NRG-KHA-KTM-007-20260621-03,NRG-KHA-KTM-007,paulus.amadhila.00703,2026-06-21T07:00:00,2026-06-21T21:00:00,till_operator
SH-NRG-KHA-KTM-007-20260621-04,NRG-KHA-KTM-007,paulus.nuugulu.00704,2026-06-21T07:00:00,2026-06-21T21:00:00,till_operator
SH-NRG-KHO-WDH-001-20260621-01,NRG-KHO-WDH-001,selma.amadhila.00101,2026-06-21T07:00:00,2026-06-21T21:00:00,till_operator
SH-NRG-KHO-WDH-001-20260621-02,NRG-KHO-WDH-001,selma.nuugulu.00102,2026-06-21T07:00:00,2026-06-21T21:00:00,till_operator
SH-NRG-KHO-WDH-001-20260621-03,NRG-KHO-WDH-001,selma.kavari.00103,2026-06-21T07:00:00,2026-06-21T21:00:00,till_operator
SH-NRG-KHO-WDH-001-20260621-04,NRG-KHO-WDH-001,selma.haufiku.00104,2026-06-21T07:00:00,2026-06-21T21:00:00,till_operator
SH-NRG-KHO-WDH-001-20260621-05,NRG-KHO-WDH-001,selma.mbeha.00105,2026-06-21T07:00:00,2026-06-21T21:00:00,till_operator
SH-NRG-KVE-RUN-005-20260621-01,NRG-KVE-RUN-005,martha.mbeha.00501,2026-06-21T07:00:00,2026-06-21T21:00:00,till_operator
SH-NRG-KVE-RUN-005-20260621-02,NRG-KVE-RUN-005,martha.nakale.00502,2026-06-21T07:00:00,2026-06-21T21:00:00,till_operator
SH-NRG-KVE-RUN-005-20260621-03,NRG-KVE-RUN-005,martha.shikongo.00503,2026-06-21T07:00:00,2026-06-21T21:00:00,till_operator
SH-NRG-KVE-RUN-005-20260621-04,NRG-KVE-RUN-005,martha.hamutenya.00504,2026-06-21T07:00:00,2026-06-21T21:00:00,till_operator
SH-NRG-KVE-RUN-005-20260621-05,NRG-KVE-RUN-005,martha.amadhila.00505,2026-06-21T07:00:00,2026-06-21T21:00:00,till_operator
SH-NRG-OME-GOB-010-20260621-01,NRG-OME-GOB-010,anna.nuugulu.01001,2026-06-21T07:00:00,2026-06-21T21:00:00,till_operator
SH-NRG-OME-GOB-010-20260621-02,NRG-OME-GOB-010,anna.kavari.01002,2026-06-21T07:00:00,2026-06-21T21:00:00,till_operator
SH-NRG-OME-GOB-010-20260621-03,NRG-OME-GOB-010,anna.haufiku.01003,2026-06-21T07:00:00,2026-06-21T21:00:00,till_operator
SH-NRG-OME-GOB-010-20260621-04,NRG-OME-GOB-010,anna.mbeha.01004,2026-06-21T07:00:00,2026-06-21T21:00:00,till_operator
SH-NRG-OSA-OND-012-20260621-01,NRG-OSA-OND-012,petrus.haufiku.01201,2026-06-21T07:00:00,2026-06-21T21:00:00,till_operator
SH-NRG-OSA-OND-012-20260621-02,NRG-OSA-OND-012,petrus.mbeha.01202,2026-06-21T07:00:00,2026-06-21T21:00:00,till_operator
SH-NRG-OSA-OND-012-20260621-03,NRG-OSA-OND-012,petrus.nakale.01203,2026-06-21T07:00:00,2026-06-21T21:00:00,till_operator
SH-NRG-OSA-OND-012-20260621-04,NRG-OSA-OND-012,petrus.shikongo.01204,2026-06-21T07:00:00,2026-06-21T21:00:00,till_operator
SH-NRG-OSA-OSK-004-20260621-01,NRG-OSA-OSK-004,petrus.haufiku.00401,2026-06-21T07:00:00,2026-06-21T21:00:00,till_operator
SH-NRG-OSA-OSK-004-20260621-02,NRG-OSA-OSK-004,petrus.mbeha.00402,2026-06-21T07:00:00,2026-06-21T21:00:00,till_operator
SH-NRG-OSA-OSK-004-20260621-03,NRG-OSA-OSK-004,petrus.nakale.00403,2026-06-21T07:00:00,2026-06-21T21:00:00,till_operator
SH-NRG-OSA-OSK-004-20260621-04,NRG-OSA-OSK-004,petrus.shikongo.00404,2026-06-21T07:00:00,2026-06-21T21:00:00,till_operator
SH-NRG-OSA-OSK-004-20260621-05,NRG-OSA-OSK-004,petrus.hamutenya.00405,2026-06-21T07:00:00,2026-06-21T21:00:00,till_operator
SH-NRG-OSI-TSU-009-20260621-01,NRG-OSI-TSU-009,selma.amadhila.00901,2026-06-21T07:00:00,2026-06-21T21:00:00,till_operator
SH-NRG-OSI-TSU-009-20260621-02,NRG-OSI-TSU-009,selma.nuugulu.00902,2026-06-21T07:00:00,2026-06-21T21:00:00,till_operator
SH-NRG-OSI-TSU-009-20260621-03,NRG-OSI-TSU-009,selma.kavari.00903,2026-06-21T07:00:00,2026-06-21T21:00:00,till_operator
SH-NRG-OSI-TSU-009-20260621-04,NRG-OSI-TSU-009,selma.haufiku.00904,2026-06-21T07:00:00,2026-06-21T21:00:00,till_operator
SH-NRG-OTJ-OTW-006-20260621-01,NRG-OTJ-OTW-006,nela.nakale.00601,2026-06-21T07:00:00,2026-06-21T21:00:00,till_operator
SH-NRG-OTJ-OTW-006-20260621-02,NRG-OTJ-OTW-006,nela.shikongo.00602,2026-06-21T07:00:00,2026-06-21T21:00:00,till_operator
SH-NRG-OTJ-OTW-006-20260621-03,NRG-OTJ-OTW-006,nela.hamutenya.00603,2026-06-21T07:00:00,2026-06-21T21:00:00,till_operator
SH-NRG-OTJ-OTW-006-20260621-04,NRG-OTJ-OTW-006,nela.amadhila.00604,2026-06-21T07:00:00,2026-06-21T21:00:00,till_operator
SH-NRG-OTJ-OTW-006-20260621-05,NRG-OTJ-OTW-006,nela.nuugulu.00605,2026-06-21T07:00:00,2026-06-21T21:00:00,till_operator
SH-NRG-ZAM-KTM-008-20260621-01,NRG-ZAM-KTM-008,elina.hamutenya.00801,2026-06-21T07:00:00,2026-06-21T21:00:00,till_operator
SH-NRG-ZAM-KTM-008-20260621-02,NRG-ZAM-KTM-008,elina.amadhila.00802,2026-06-21T07:00:00,2026-06-21T21:00:00,till_operator
SH-NRG-ZAM-KTM-008-20260621-03,NRG-ZAM-KTM-008,elina.nuugulu.00803,2026-06-21T07:00:00,2026-06-21T21:00:00,till_operator
SH-NRG-ZAM-KTM-008-20260621-04,NRG-ZAM-KTM-008,elina.kavari.00804,2026-06-21T07:00:00,2026-06-21T21:00:00,till_operator
SH-NRG-ERG-SWK-003-20260622-01,NRG-ERG-SWK-003,ndapewa.kavari.00301,2026-06-22T07:00:00,2026-06-22T21:00:00,till_operator
SH-NRG-ERG-SWK-003-20260622-02,NRG-ERG-SWK-003,ndapewa.haufiku.00302,2026-06-22T07:00:00,2026-06-22T21:00:00,till_operator
SH-NRG-ERG-SWK-003-20260622-03,NRG-ERG-SWK-003,ndapewa.mbeha.00303,2026-06-22T07:00:00,2026-06-22T21:00:00,till_operator
SH-NRG-ERG-SWK-003-20260622-04,NRG-ERG-SWK-003,ndapewa.nakale.00304,2026-06-22T07:00:00,2026-06-22T21:00:00,till_operator
SH-NRG-ERG-SWK-003-20260622-05,NRG-ERG-SWK-003,ndapewa.shikongo.00305,2026-06-22T07:00:00,2026-06-22T21:00:00,till_operator
SH-NRG-ERG-WVB-002-20260622-01,NRG-ERG-WVB-002,anna.nuugulu.00201,2026-06-22T07:00:00,2026-06-22T21:00:00,till_operator
SH-NRG-ERG-WVB-002-20260622-02,NRG-ERG-WVB-002,anna.kavari.00202,2026-06-22T07:00:00,2026-06-22T21:00:00,till_operator
SH-NRG-ERG-WVB-002-20260622-03,NRG-ERG-WVB-002,anna.haufiku.00203,2026-06-22T07:00:00,2026-06-22T21:00:00,till_operator
SH-NRG-ERG-WVB-002-20260622-04,NRG-ERG-WVB-002,anna.mbeha.00204,2026-06-22T07:00:00,2026-06-22T21:00:00,till_operator
SH-NRG-ERG-WVB-002-20260622-05,NRG-ERG-WVB-002,anna.nakale.00205,2026-06-22T07:00:00,2026-06-22T21:00:00,till_operator
SH-NRG-HAR-REH-011-20260622-01,NRG-HAR-REH-011,ndapewa.kavari.01101,2026-06-22T07:00:00,2026-06-22T21:00:00,till_operator
SH-NRG-HAR-REH-011-20260622-02,NRG-HAR-REH-011,ndapewa.haufiku.01102,2026-06-22T07:00:00,2026-06-22T21:00:00,till_operator
SH-NRG-HAR-REH-011-20260622-03,NRG-HAR-REH-011,ndapewa.mbeha.01103,2026-06-22T07:00:00,2026-06-22T21:00:00,till_operator
SH-NRG-HAR-REH-011-20260622-04,NRG-HAR-REH-011,ndapewa.nakale.01104,2026-06-22T07:00:00,2026-06-22T21:00:00,till_operator
SH-NRG-KHA-KTM-007-20260622-01,NRG-KHA-KTM-007,paulus.shikongo.00701,2026-06-22T07:00:00,2026-06-22T21:00:00,till_operator
SH-NRG-KHA-KTM-007-20260622-02,NRG-KHA-KTM-007,paulus.hamutenya.00702,2026-06-22T07:00:00,2026-06-22T21:00:00,till_operator
SH-NRG-KHA-KTM-007-20260622-03,NRG-KHA-KTM-007,paulus.amadhila.00703,2026-06-22T07:00:00,2026-06-22T21:00:00,till_operator
SH-NRG-KHA-KTM-007-20260622-04,NRG-KHA-KTM-007,paulus.nuugulu.00704,2026-06-22T07:00:00,2026-06-22T21:00:00,till_operator
SH-NRG-KHO-WDH-001-20260622-01,NRG-KHO-WDH-001,selma.amadhila.00101,2026-06-22T07:00:00,2026-06-22T21:00:00,till_operator
SH-NRG-KHO-WDH-001-20260622-02,NRG-KHO-WDH-001,selma.nuugulu.00102,2026-06-22T07:00:00,2026-06-22T21:00:00,till_operator
SH-NRG-KHO-WDH-001-20260622-03,NRG-KHO-WDH-001,selma.kavari.00103,2026-06-22T07:00:00,2026-06-22T21:00:00,till_operator
SH-NRG-KHO-WDH-001-20260622-04,NRG-KHO-WDH-001,selma.haufiku.00104,2026-06-22T07:00:00,2026-06-22T21:00:00,till_operator
SH-NRG-KHO-WDH-001-20260622-05,NRG-KHO-WDH-001,selma.mbeha.00105,2026-06-22T07:00:00,2026-06-22T21:00:00,till_operator
SH-NRG-KVE-RUN-005-20260622-01,NRG-KVE-RUN-005,martha.mbeha.00501,2026-06-22T07:00:00,2026-06-22T21:00:00,till_operator
SH-NRG-KVE-RUN-005-20260622-02,NRG-KVE-RUN-005,martha.nakale.00502,2026-06-22T07:00:00,2026-06-22T21:00:00,till_operator
SH-NRG-KVE-RUN-005-20260622-03,NRG-KVE-RUN-005,martha.shikongo.00503,2026-06-22T07:00:00,2026-06-22T21:00:00,till_operator
SH-NRG-KVE-RUN-005-20260622-04,NRG-KVE-RUN-005,martha.hamutenya.00504,2026-06-22T07:00:00,2026-06-22T21:00:00,till_operator
SH-NRG-KVE-RUN-005-20260622-05,NRG-KVE-RUN-005,martha.amadhila.00505,2026-06-22T07:00:00,2026-06-22T21:00:00,till_operator
SH-NRG-OME-GOB-010-20260622-01,NRG-OME-GOB-010,anna.nuugulu.01001,2026-06-22T07:00:00,2026-06-22T21:00:00,till_operator
SH-NRG-OME-GOB-010-20260622-02,NRG-OME-GOB-010,anna.kavari.01002,2026-06-22T07:00:00,2026-06-22T21:00:00,till_operator
SH-NRG-OME-GOB-010-20260622-03,NRG-OME-GOB-010,anna.haufiku.01003,2026-06-22T07:00:00,2026-06-22T21:00:00,till_operator
SH-NRG-OME-GOB-010-20260622-04,NRG-OME-GOB-010,anna.mbeha.01004,2026-06-22T07:00:00,2026-06-22T21:00:00,till_operator
SH-NRG-OSA-OND-012-20260622-01,NRG-OSA-OND-012,petrus.haufiku.01201,2026-06-22T07:00:00,2026-06-22T21:00:00,till_operator
SH-NRG-OSA-OND-012-20260622-02,NRG-OSA-OND-012,petrus.mbeha.01202,2026-06-22T07:00:00,2026-06-22T21:00:00,till_operator
SH-NRG-OSA-OND-012-20260622-03,NRG-OSA-OND-012,petrus.nakale.01203,2026-06-22T07:00:00,2026-06-22T21:00:00,till_operator
SH-NRG-OSA-OND-012-20260622-04,NRG-OSA-OND-012,petrus.shikongo.01204,2026-06-22T07:00:00,2026-06-22T21:00:00,till_operator
SH-NRG-OSA-OSK-004-20260622-01,NRG-OSA-OSK-004,petrus.haufiku.00401,2026-06-22T07:00:00,2026-06-22T21:00:00,till_operator
SH-NRG-OSA-OSK-004-20260622-02,NRG-OSA-OSK-004,petrus.mbeha.00402,2026-06-22T07:00:00,2026-06-22T21:00:00,till_operator
SH-NRG-OSA-OSK-004-20260622-03,NRG-OSA-OSK-004,petrus.nakale.00403,2026-06-22T07:00:00,2026-06-22T21:00:00,till_operator
SH-NRG-OSA-OSK-004-20260622-04,NRG-OSA-OSK-004,petrus.shikongo.00404,2026-06-22T07:00:00,2026-06-22T21:00:00,till_operator
SH-NRG-OSA-OSK-004-20260622-05,NRG-OSA-OSK-004,petrus.hamutenya.00405,2026-06-22T07:00:00,2026-06-22T21:00:00,till_operator
SH-NRG-OSI-TSU-009-20260622-01,NRG-OSI-TSU-009,selma.amadhila.00901,2026-06-22T07:00:00,2026-06-22T21:00:00,till_operator
SH-NRG-OSI-TSU-009-20260622-02,NRG-OSI-TSU-009,selma.nuugulu.00902,2026-06-22T07:00:00,2026-06-22T21:00:00,till_operator
SH-NRG-OSI-TSU-009-20260622-03,NRG-OSI-TSU-009,selma.kavari.00903,2026-06-22T07:00:00,2026-06-22T21:00:00,till_operator
SH-NRG-OSI-TSU-009-20260622-04,NRG-OSI-TSU-009,selma.haufiku.00904,2026-06-22T07:00:00,2026-06-22T21:00:00,till_operator
SH-NRG-OTJ-OTW-006-20260622-01,NRG-OTJ-OTW-006,nela.nakale.00601,2026-06-22T07:00:00,2026-06-22T21:00:00,till_operator
SH-NRG-OTJ-OTW-006-20260622-02,NRG-OTJ-OTW-006,nela.shikongo.00602,2026-06-22T07:00:00,2026-06-22T21:00:00,till_operator
SH-NRG-OTJ-OTW-006-20260622-03,NRG-OTJ-OTW-006,nela.hamutenya.00603,2026-06-22T07:00:00,2026-06-22T21:00:00,till_operator
SH-NRG-OTJ-OTW-006-20260622-04,NRG-OTJ-OTW-006,nela.amadhila.00604,2026-06-22T07:00:00,2026-06-22T21:00:00,till_operator
SH-NRG-OTJ-OTW-006-20260622-05,NRG-OTJ-OTW-006,nela.nuugulu.00605,2026-06-22T07:00:00,2026-06-22T21:00:00,till_operator
SH-NRG-ZAM-KTM-008-20260622-01,NRG-ZAM-KTM-008,elina.hamutenya.00801,2026-06-22T07:00:00,2026-06-22T21:00:00,till_operator
SH-NRG-ZAM-KTM-008-20260622-02,NRG-ZAM-KTM-008,elina.amadhila.00802,2026-06-22T07:00:00,2026-06-22T21:00:00,till_operator
SH-NRG-ZAM-KTM-008-20260622-03,NRG-ZAM-KTM-008,elina.nuugulu.00803,2026-06-22T07:00:00,2026-06-22T21:00:00,till_operator
SH-NRG-ZAM-KTM-008-20260622-04,NRG-ZAM-KTM-008,elina.kavari.00804,2026-06-22T07:00:00,2026-06-22T21:00:00,till_operator
SH-NRG-ERG-SWK-003-20260623-01,NRG-ERG-SWK-003,ndapewa.kavari.00301,2026-06-23T07:00:00,2026-06-23T21:00:00,till_operator
SH-NRG-ERG-SWK-003-20260623-02,NRG-ERG-SWK-003,ndapewa.haufiku.00302,2026-06-23T07:00:00,2026-06-23T21:00:00,till_operator
SH-NRG-ERG-SWK-003-20260623-03,NRG-ERG-SWK-003,ndapewa.mbeha.00303,2026-06-23T07:00:00,2026-06-23T21:00:00,till_operator
SH-NRG-ERG-SWK-003-20260623-04,NRG-ERG-SWK-003,ndapewa.nakale.00304,2026-06-23T07:00:00,2026-06-23T21:00:00,till_operator
SH-NRG-ERG-SWK-003-20260623-05,NRG-ERG-SWK-003,ndapewa.shikongo.00305,2026-06-23T07:00:00,2026-06-23T21:00:00,till_operator
SH-NRG-ERG-WVB-002-20260623-01,NRG-ERG-WVB-002,anna.nuugulu.00201,2026-06-23T07:00:00,2026-06-23T21:00:00,till_operator
SH-NRG-ERG-WVB-002-20260623-02,NRG-ERG-WVB-002,anna.kavari.00202,2026-06-23T07:00:00,2026-06-23T21:00:00,till_operator
SH-NRG-ERG-WVB-002-20260623-03,NRG-ERG-WVB-002,anna.haufiku.00203,2026-06-23T07:00:00,2026-06-23T21:00:00,till_operator
SH-NRG-ERG-WVB-002-20260623-04,NRG-ERG-WVB-002,anna.mbeha.00204,2026-06-23T07:00:00,2026-06-23T21:00:00,till_operator
SH-NRG-ERG-WVB-002-20260623-05,NRG-ERG-WVB-002,anna.nakale.00205,2026-06-23T07:00:00,2026-06-23T21:00:00,till_operator
SH-NRG-HAR-REH-011-20260623-01,NRG-HAR-REH-011,ndapewa.kavari.01101,2026-06-23T07:00:00,2026-06-23T21:00:00,till_operator
SH-NRG-HAR-REH-011-20260623-02,NRG-HAR-REH-011,ndapewa.haufiku.01102,2026-06-23T07:00:00,2026-06-23T21:00:00,till_operator
SH-NRG-HAR-REH-011-20260623-03,NRG-HAR-REH-011,ndapewa.mbeha.01103,2026-06-23T07:00:00,2026-06-23T21:00:00,till_operator
SH-NRG-HAR-REH-011-20260623-04,NRG-HAR-REH-011,ndapewa.nakale.01104,2026-06-23T07:00:00,2026-06-23T21:00:00,till_operator
SH-NRG-KHA-KTM-007-20260623-01,NRG-KHA-KTM-007,paulus.shikongo.00701,2026-06-23T07:00:00,2026-06-23T21:00:00,till_operator
SH-NRG-KHA-KTM-007-20260623-02,NRG-KHA-KTM-007,paulus.hamutenya.00702,2026-06-23T07:00:00,2026-06-23T21:00:00,till_operator
SH-NRG-KHA-KTM-007-20260623-03,NRG-KHA-KTM-007,paulus.amadhila.00703,2026-06-23T07:00:00,2026-06-23T21:00:00,till_operator
SH-NRG-KHA-KTM-007-20260623-04,NRG-KHA-KTM-007,paulus.nuugulu.00704,2026-06-23T07:00:00,2026-06-23T21:00:00,till_operator
SH-NRG-KHO-WDH-001-20260623-01,NRG-KHO-WDH-001,selma.amadhila.00101,2026-06-23T07:00:00,2026-06-23T21:00:00,till_operator
SH-NRG-KHO-WDH-001-20260623-02,NRG-KHO-WDH-001,selma.nuugulu.00102,2026-06-23T07:00:00,2026-06-23T21:00:00,till_operator
SH-NRG-KHO-WDH-001-20260623-03,NRG-KHO-WDH-001,selma.kavari.00103,2026-06-23T07:00:00,2026-06-23T21:00:00,till_operator
SH-NRG-KHO-WDH-001-20260623-04,NRG-KHO-WDH-001,selma.haufiku.00104,2026-06-23T07:00:00,2026-06-23T21:00:00,till_operator
SH-NRG-KHO-WDH-001-20260623-05,NRG-KHO-WDH-001,selma.mbeha.00105,2026-06-23T07:00:00,2026-06-23T21:00:00,till_operator
SH-NRG-KVE-RUN-005-20260623-01,NRG-KVE-RUN-005,martha.mbeha.00501,2026-06-23T07:00:00,2026-06-23T21:00:00,till_operator
SH-NRG-KVE-RUN-005-20260623-02,NRG-KVE-RUN-005,martha.nakale.00502,2026-06-23T07:00:00,2026-06-23T21:00:00,till_operator
SH-NRG-KVE-RUN-005-20260623-03,NRG-KVE-RUN-005,martha.shikongo.00503,2026-06-23T07:00:00,2026-06-23T21:00:00,till_operator
SH-NRG-KVE-RUN-005-20260623-04,NRG-KVE-RUN-005,martha.hamutenya.00504,2026-06-23T07:00:00,2026-06-23T21:00:00,till_operator
SH-NRG-KVE-RUN-005-20260623-05,NRG-KVE-RUN-005,martha.amadhila.00505,2026-06-23T07:00:00,2026-06-23T21:00:00,till_operator
SH-NRG-OME-GOB-010-20260623-01,NRG-OME-GOB-010,anna.nuugulu.01001,2026-06-23T07:00:00,2026-06-23T21:00:00,till_operator
SH-NRG-OME-GOB-010-20260623-02,NRG-OME-GOB-010,anna.kavari.01002,2026-06-23T07:00:00,2026-06-23T21:00:00,till_operator
SH-NRG-OME-GOB-010-20260623-03,NRG-OME-GOB-010,anna.haufiku.01003,2026-06-23T07:00:00,2026-06-23T21:00:00,till_operator
SH-NRG-OME-GOB-010-20260623-04,NRG-OME-GOB-010,anna.mbeha.01004,2026-06-23T07:00:00,2026-06-23T21:00:00,till_operator
SH-NRG-OSA-OND-012-20260623-01,NRG-OSA-OND-012,petrus.haufiku.01201,2026-06-23T07:00:00,2026-06-23T21:00:00,till_operator
SH-NRG-OSA-OND-012-20260623-02,NRG-OSA-OND-012,petrus.mbeha.01202,2026-06-23T07:00:00,2026-06-23T21:00:00,till_operator
SH-NRG-OSA-OND-012-20260623-03,NRG-OSA-OND-012,petrus.nakale.01203,2026-06-23T07:00:00,2026-06-23T21:00:00,till_operator
SH-NRG-OSA-OND-012-20260623-04,NRG-OSA-OND-012,petrus.shikongo.01204,2026-06-23T07:00:00,2026-06-23T21:00:00,till_operator
SH-NRG-OSA-OSK-004-20260623-01,NRG-OSA-OSK-004,petrus.haufiku.00401,2026-06-23T07:00:00,2026-06-23T21:00:00,till_operator
SH-NRG-OSA-OSK-004-20260623-02,NRG-OSA-OSK-004,petrus.mbeha.00402,2026-06-23T07:00:00,2026-06-23T21:00:00,till_operator
SH-NRG-OSA-OSK-004-20260623-03,NRG-OSA-OSK-004,petrus.nakale.00403,2026-06-23T07:00:00,2026-06-23T21:00:00,till_operator
SH-NRG-OSA-OSK-004-20260623-04,NRG-OSA-OSK-004,petrus.shikongo.00404,2026-06-23T07:00:00,2026-06-23T21:00:00,till_operator
SH-NRG-OSA-OSK-004-20260623-05,NRG-OSA-OSK-004,petrus.hamutenya.00405,2026-06-23T07:00:00,2026-06-23T21:00:00,till_operator
SH-NRG-OSI-TSU-009-20260623-01,NRG-OSI-TSU-009,selma.amadhila.00901,2026-06-23T07:00:00,2026-06-23T21:00:00,till_operator
SH-NRG-OSI-TSU-009-20260623-02,NRG-OSI-TSU-009,selma.nuugulu.00902,2026-06-23T07:00:00,2026-06-23T21:00:00,till_operator
SH-NRG-OSI-TSU-009-20260623-03,NRG-OSI-TSU-009,selma.kavari.00903,2026-06-23T07:00:00,2026-06-23T21:00:00,till_operator
SH-NRG-OSI-TSU-009-20260623-04,NRG-OSI-TSU-009,selma.haufiku.00904,2026-06-23T07:00:00,2026-06-23T21:00:00,till_operator
SH-NRG-OTJ-OTW-006-20260623-01,NRG-OTJ-OTW-006,nela.nakale.00601,2026-06-23T07:00:00,2026-06-23T21:00:00,till_operator
SH-NRG-OTJ-OTW-006-20260623-02,NRG-OTJ-OTW-006,nela.shikongo.00602,2026-06-23T07:00:00,2026-06-23T21:00:00,till_operator
SH-NRG-OTJ-OTW-006-20260623-03,NRG-OTJ-OTW-006,nela.hamutenya.00603,2026-06-23T07:00:00,2026-06-23T21:00:00,till_operator
SH-NRG-OTJ-OTW-006-20260623-04,NRG-OTJ-OTW-006,nela.amadhila.00604,2026-06-23T07:00:00,2026-06-23T21:00:00,till_operator
SH-NRG-OTJ-OTW-006-20260623-05,NRG-OTJ-OTW-006,nela.nuugulu.00605,2026-06-23T07:00:00,2026-06-23T21:00:00,till_operator
SH-NRG-ZAM-KTM-008-20260623-01,NRG-ZAM-KTM-008,elina.hamutenya.00801,2026-06-23T07:00:00,2026-06-23T21:00:00,till_operator
SH-NRG-ZAM-KTM-008-20260623-02,NRG-ZAM-KTM-008,elina.amadhila.00802,2026-06-23T07:00:00,2026-06-23T21:00:00,till_operator
SH-NRG-ZAM-KTM-008-20260623-03,NRG-ZAM-KTM-008,elina.nuugulu.00803,2026-06-23T07:00:00,2026-06-23T21:00:00,till_operator
SH-NRG-ZAM-KTM-008-20260623-04,NRG-ZAM-KTM-008,elina.kavari.00804,2026-06-23T07:00:00,2026-06-23T21:00:00,till_operator
SH-NRG-ERG-SWK-003-20260624-01,NRG-ERG-SWK-003,ndapewa.kavari.00301,2026-06-24T07:00:00,2026-06-24T21:00:00,till_operator
SH-NRG-ERG-SWK-003-20260624-02,NRG-ERG-SWK-003,ndapewa.haufiku.00302,2026-06-24T07:00:00,2026-06-24T21:00:00,till_operator
SH-NRG-ERG-SWK-003-20260624-03,NRG-ERG-SWK-003,ndapewa.mbeha.00303,2026-06-24T07:00:00,2026-06-24T21:00:00,till_operator
SH-NRG-ERG-SWK-003-20260624-04,NRG-ERG-SWK-003,ndapewa.nakale.00304,2026-06-24T07:00:00,2026-06-24T21:00:00,till_operator
SH-NRG-ERG-SWK-003-20260624-05,NRG-ERG-SWK-003,ndapewa.shikongo.00305,2026-06-24T07:00:00,2026-06-24T21:00:00,till_operator
SH-NRG-ERG-WVB-002-20260624-01,NRG-ERG-WVB-002,anna.nuugulu.00201,2026-06-24T07:00:00,2026-06-24T21:00:00,till_operator
SH-NRG-ERG-WVB-002-20260624-02,NRG-ERG-WVB-002,anna.kavari.00202,2026-06-24T07:00:00,2026-06-24T21:00:00,till_operator
SH-NRG-ERG-WVB-002-20260624-03,NRG-ERG-WVB-002,anna.haufiku.00203,2026-06-24T07:00:00,2026-06-24T21:00:00,till_operator
SH-NRG-ERG-WVB-002-20260624-04,NRG-ERG-WVB-002,anna.mbeha.00204,2026-06-24T07:00:00,2026-06-24T21:00:00,till_operator
SH-NRG-ERG-WVB-002-20260624-05,NRG-ERG-WVB-002,anna.nakale.00205,2026-06-24T07:00:00,2026-06-24T21:00:00,till_operator
SH-NRG-HAR-REH-011-20260624-01,NRG-HAR-REH-011,ndapewa.kavari.01101,2026-06-24T07:00:00,2026-06-24T21:00:00,till_operator
SH-NRG-HAR-REH-011-20260624-02,NRG-HAR-REH-011,ndapewa.haufiku.01102,2026-06-24T07:00:00,2026-06-24T21:00:00,till_operator
SH-NRG-HAR-REH-011-20260624-03,NRG-HAR-REH-011,ndapewa.mbeha.01103,2026-06-24T07:00:00,2026-06-24T21:00:00,till_operator
SH-NRG-HAR-REH-011-20260624-04,NRG-HAR-REH-011,ndapewa.nakale.01104,2026-06-24T07:00:00,2026-06-24T21:00:00,till_operator
SH-NRG-KHA-KTM-007-20260624-01,NRG-KHA-KTM-007,paulus.shikongo.00701,2026-06-24T07:00:00,2026-06-24T21:00:00,till_operator
SH-NRG-KHA-KTM-007-20260624-02,NRG-KHA-KTM-007,paulus.hamutenya.00702,2026-06-24T07:00:00,2026-06-24T21:00:00,till_operator
SH-NRG-KHA-KTM-007-20260624-03,NRG-KHA-KTM-007,paulus.amadhila.00703,2026-06-24T07:00:00,2026-06-24T21:00:00,till_operator
SH-NRG-KHA-KTM-007-20260624-04,NRG-KHA-KTM-007,paulus.nuugulu.00704,2026-06-24T07:00:00,2026-06-24T21:00:00,till_operator
SH-NRG-KHO-WDH-001-20260624-01,NRG-KHO-WDH-001,selma.amadhila.00101,2026-06-24T07:00:00,2026-06-24T21:00:00,till_operator
SH-NRG-KHO-WDH-001-20260624-02,NRG-KHO-WDH-001,selma.nuugulu.00102,2026-06-24T07:00:00,2026-06-24T21:00:00,till_operator
SH-NRG-KHO-WDH-001-20260624-03,NRG-KHO-WDH-001,selma.kavari.00103,2026-06-24T07:00:00,2026-06-24T21:00:00,till_operator
SH-NRG-KHO-WDH-001-20260624-04,NRG-KHO-WDH-001,selma.haufiku.00104,2026-06-24T07:00:00,2026-06-24T21:00:00,till_operator
SH-NRG-KHO-WDH-001-20260624-05,NRG-KHO-WDH-001,selma.mbeha.00105,2026-06-24T07:00:00,2026-06-24T21:00:00,till_operator
SH-NRG-KVE-RUN-005-20260624-01,NRG-KVE-RUN-005,martha.mbeha.00501,2026-06-24T07:00:00,2026-06-24T21:00:00,till_operator
SH-NRG-KVE-RUN-005-20260624-02,NRG-KVE-RUN-005,martha.nakale.00502,2026-06-24T07:00:00,2026-06-24T21:00:00,till_operator
SH-NRG-KVE-RUN-005-20260624-03,NRG-KVE-RUN-005,martha.shikongo.00503,2026-06-24T07:00:00,2026-06-24T21:00:00,till_operator
SH-NRG-KVE-RUN-005-20260624-04,NRG-KVE-RUN-005,martha.hamutenya.00504,2026-06-24T07:00:00,2026-06-24T21:00:00,till_operator
SH-NRG-KVE-RUN-005-20260624-05,NRG-KVE-RUN-005,martha.amadhila.00505,2026-06-24T07:00:00,2026-06-24T21:00:00,till_operator
SH-NRG-OME-GOB-010-20260624-01,NRG-OME-GOB-010,anna.nuugulu.01001,2026-06-24T07:00:00,2026-06-24T21:00:00,till_operator
SH-NRG-OME-GOB-010-20260624-02,NRG-OME-GOB-010,anna.kavari.01002,2026-06-24T07:00:00,2026-06-24T21:00:00,till_operator
SH-NRG-OME-GOB-010-20260624-03,NRG-OME-GOB-010,anna.haufiku.01003,2026-06-24T07:00:00,2026-06-24T21:00:00,till_operator
SH-NRG-OME-GOB-010-20260624-04,NRG-OME-GOB-010,anna.mbeha.01004,2026-06-24T07:00:00,2026-06-24T21:00:00,till_operator
SH-NRG-OSA-OND-012-20260624-01,NRG-OSA-OND-012,petrus.haufiku.01201,2026-06-24T07:00:00,2026-06-24T21:00:00,till_operator
SH-NRG-OSA-OND-012-20260624-02,NRG-OSA-OND-012,petrus.mbeha.01202,2026-06-24T07:00:00,2026-06-24T21:00:00,till_operator
SH-NRG-OSA-OND-012-20260624-03,NRG-OSA-OND-012,petrus.nakale.01203,2026-06-24T07:00:00,2026-06-24T21:00:00,till_operator
SH-NRG-OSA-OND-012-20260624-04,NRG-OSA-OND-012,petrus.shikongo.01204,2026-06-24T07:00:00,2026-06-24T21:00:00,till_operator
SH-NRG-OSA-OSK-004-20260624-01,NRG-OSA-OSK-004,petrus.haufiku.00401,2026-06-24T07:00:00,2026-06-24T21:00:00,till_operator
SH-NRG-OSA-OSK-004-20260624-02,NRG-OSA-OSK-004,petrus.mbeha.00402,2026-06-24T07:00:00,2026-06-24T21:00:00,till_operator
SH-NRG-OSA-OSK-004-20260624-03,NRG-OSA-OSK-004,petrus.nakale.00403,2026-06-24T07:00:00,2026-06-24T21:00:00,till_operator
SH-NRG-OSA-OSK-004-20260624-04,NRG-OSA-OSK-004,petrus.shikongo.00404,2026-06-24T07:00:00,2026-06-24T21:00:00,till_operator
SH-NRG-OSA-OSK-004-20260624-05,NRG-OSA-OSK-004,petrus.hamutenya.00405,2026-06-24T07:00:00,2026-06-24T21:00:00,till_operator
SH-NRG-OSI-TSU-009-20260624-01,NRG-OSI-TSU-009,selma.amadhila.00901,2026-06-24T07:00:00,2026-06-24T21:00:00,till_operator
SH-NRG-OSI-TSU-009-20260624-02,NRG-OSI-TSU-009,selma.nuugulu.00902,2026-06-24T07:00:00,2026-06-24T21:00:00,till_operator
SH-NRG-OSI-TSU-009-20260624-03,NRG-OSI-TSU-009,selma.kavari.00903,2026-06-24T07:00:00,2026-06-24T21:00:00,till_operator
SH-NRG-OSI-TSU-009-20260624-04,NRG-OSI-TSU-009,selma.haufiku.00904,2026-06-24T07:00:00,2026-06-24T21:00:00,till_operator
SH-NRG-OTJ-OTW-006-20260624-01,NRG-OTJ-OTW-006,nela.nakale.00601,2026-06-24T07:00:00,2026-06-24T21:00:00,till_operator
SH-NRG-OTJ-OTW-006-20260624-02,NRG-OTJ-OTW-006,nela.shikongo.00602,2026-06-24T07:00:00,2026-06-24T21:00:00,till_operator
SH-NRG-OTJ-OTW-006-20260624-03,NRG-OTJ-OTW-006,nela.hamutenya.00603,2026-06-24T07:00:00,2026-06-24T21:00:00,till_operator
SH-NRG-OTJ-OTW-006-20260624-04,NRG-OTJ-OTW-006,nela.amadhila.00604,2026-06-24T07:00:00,2026-06-24T21:00:00,till_operator
SH-NRG-OTJ-OTW-006-20260624-05,NRG-OTJ-OTW-006,nela.nuugulu.00605,2026-06-24T07:00:00,2026-06-24T21:00:00,till_operator
SH-NRG-ZAM-KTM-008-20260624-01,NRG-ZAM-KTM-008,elina.hamutenya.00801,2026-06-24T07:00:00,2026-06-24T21:00:00,till_operator
SH-NRG-ZAM-KTM-008-20260624-02,NRG-ZAM-KTM-008,elina.amadhila.00802,2026-06-24T07:00:00,2026-06-24T21:00:00,till_operator
SH-NRG-ZAM-KTM-008-20260624-03,NRG-ZAM-KTM-008,elina.nuugulu.00803,2026-06-24T07:00:00,2026-06-24T21:00:00,till_operator
SH-NRG-ZAM-KTM-008-20260624-04,NRG-ZAM-KTM-008,elina.kavari.00804,2026-06-24T07:00:00,2026-06-24T21:00:00,till_operator
SH-NRG-ERG-SWK-003-20260625-01,NRG-ERG-SWK-003,ndapewa.kavari.00301,2026-06-25T07:00:00,2026-06-25T21:00:00,till_operator
SH-NRG-ERG-SWK-003-20260625-02,NRG-ERG-SWK-003,ndapewa.haufiku.00302,2026-06-25T07:00:00,2026-06-25T21:00:00,till_operator
SH-NRG-ERG-SWK-003-20260625-03,NRG-ERG-SWK-003,ndapewa.mbeha.00303,2026-06-25T07:00:00,2026-06-25T21:00:00,till_operator
SH-NRG-ERG-SWK-003-20260625-04,NRG-ERG-SWK-003,ndapewa.nakale.00304,2026-06-25T07:00:00,2026-06-25T21:00:00,till_operator
SH-NRG-ERG-SWK-003-20260625-05,NRG-ERG-SWK-003,ndapewa.shikongo.00305,2026-06-25T07:00:00,2026-06-25T21:00:00,till_operator
SH-NRG-ERG-WVB-002-20260625-01,NRG-ERG-WVB-002,anna.nuugulu.00201,2026-06-25T07:00:00,2026-06-25T21:00:00,till_operator
SH-NRG-ERG-WVB-002-20260625-02,NRG-ERG-WVB-002,anna.kavari.00202,2026-06-25T07:00:00,2026-06-25T21:00:00,till_operator
SH-NRG-ERG-WVB-002-20260625-03,NRG-ERG-WVB-002,anna.haufiku.00203,2026-06-25T07:00:00,2026-06-25T21:00:00,till_operator
SH-NRG-ERG-WVB-002-20260625-04,NRG-ERG-WVB-002,anna.mbeha.00204,2026-06-25T07:00:00,2026-06-25T21:00:00,till_operator
SH-NRG-ERG-WVB-002-20260625-05,NRG-ERG-WVB-002,anna.nakale.00205,2026-06-25T07:00:00,2026-06-25T21:00:00,till_operator
SH-NRG-HAR-REH-011-20260625-01,NRG-HAR-REH-011,ndapewa.kavari.01101,2026-06-25T07:00:00,2026-06-25T21:00:00,till_operator
SH-NRG-HAR-REH-011-20260625-02,NRG-HAR-REH-011,ndapewa.haufiku.01102,2026-06-25T07:00:00,2026-06-25T21:00:00,till_operator
SH-NRG-HAR-REH-011-20260625-03,NRG-HAR-REH-011,ndapewa.mbeha.01103,2026-06-25T07:00:00,2026-06-25T21:00:00,till_operator
SH-NRG-HAR-REH-011-20260625-04,NRG-HAR-REH-011,ndapewa.nakale.01104,2026-06-25T07:00:00,2026-06-25T21:00:00,till_operator
SH-NRG-KHA-KTM-007-20260625-01,NRG-KHA-KTM-007,paulus.shikongo.00701,2026-06-25T07:00:00,2026-06-25T21:00:00,till_operator
SH-NRG-KHA-KTM-007-20260625-02,NRG-KHA-KTM-007,paulus.hamutenya.00702,2026-06-25T07:00:00,2026-06-25T21:00:00,till_operator
SH-NRG-KHA-KTM-007-20260625-03,NRG-KHA-KTM-007,paulus.amadhila.00703,2026-06-25T07:00:00,2026-06-25T21:00:00,till_operator
SH-NRG-KHA-KTM-007-20260625-04,NRG-KHA-KTM-007,paulus.nuugulu.00704,2026-06-25T07:00:00,2026-06-25T21:00:00,till_operator
SH-NRG-KHO-WDH-001-20260625-01,NRG-KHO-WDH-001,selma.amadhila.00101,2026-06-25T07:00:00,2026-06-25T21:00:00,till_operator
SH-NRG-KHO-WDH-001-20260625-02,NRG-KHO-WDH-001,selma.nuugulu.00102,2026-06-25T07:00:00,2026-06-25T21:00:00,till_operator
SH-NRG-KHO-WDH-001-20260625-03,NRG-KHO-WDH-001,selma.kavari.00103,2026-06-25T07:00:00,2026-06-25T21:00:00,till_operator
SH-NRG-KHO-WDH-001-20260625-04,NRG-KHO-WDH-001,selma.haufiku.00104,2026-06-25T07:00:00,2026-06-25T21:00:00,till_operator
SH-NRG-KHO-WDH-001-20260625-05,NRG-KHO-WDH-001,selma.mbeha.00105,2026-06-25T07:00:00,2026-06-25T21:00:00,till_operator
SH-NRG-KVE-RUN-005-20260625-01,NRG-KVE-RUN-005,martha.mbeha.00501,2026-06-25T07:00:00,2026-06-25T21:00:00,till_operator
SH-NRG-KVE-RUN-005-20260625-02,NRG-KVE-RUN-005,martha.nakale.00502,2026-06-25T07:00:00,2026-06-25T21:00:00,till_operator
SH-NRG-KVE-RUN-005-20260625-03,NRG-KVE-RUN-005,martha.shikongo.00503,2026-06-25T07:00:00,2026-06-25T21:00:00,till_operator
SH-NRG-KVE-RUN-005-20260625-04,NRG-KVE-RUN-005,martha.hamutenya.00504,2026-06-25T07:00:00,2026-06-25T21:00:00,till_operator
SH-NRG-KVE-RUN-005-20260625-05,NRG-KVE-RUN-005,martha.amadhila.00505,2026-06-25T07:00:00,2026-06-25T21:00:00,till_operator
SH-NRG-OME-GOB-010-20260625-01,NRG-OME-GOB-010,anna.nuugulu.01001,2026-06-25T07:00:00,2026-06-25T21:00:00,till_operator
SH-NRG-OME-GOB-010-20260625-02,NRG-OME-GOB-010,anna.kavari.01002,2026-06-25T07:00:00,2026-06-25T21:00:00,till_operator
SH-NRG-OME-GOB-010-20260625-03,NRG-OME-GOB-010,anna.haufiku.01003,2026-06-25T07:00:00,2026-06-25T21:00:00,till_operator
SH-NRG-OME-GOB-010-20260625-04,NRG-OME-GOB-010,anna.mbeha.01004,2026-06-25T07:00:00,2026-06-25T21:00:00,till_operator
SH-NRG-OSA-OND-012-20260625-01,NRG-OSA-OND-012,petrus.haufiku.01201,2026-06-25T07:00:00,2026-06-25T21:00:00,till_operator
SH-NRG-OSA-OND-012-20260625-02,NRG-OSA-OND-012,petrus.mbeha.01202,2026-06-25T07:00:00,2026-06-25T21:00:00,till_operator
SH-NRG-OSA-OND-012-20260625-03,NRG-OSA-OND-012,petrus.nakale.01203,2026-06-25T07:00:00,2026-06-25T21:00:00,till_operator
SH-NRG-OSA-OND-012-20260625-04,NRG-OSA-OND-012,petrus.shikongo.01204,2026-06-25T07:00:00,2026-06-25T21:00:00,till_operator
SH-NRG-OSA-OSK-004-20260625-01,NRG-OSA-OSK-004,petrus.haufiku.00401,2026-06-25T07:00:00,2026-06-25T21:00:00,till_operator
SH-NRG-OSA-OSK-004-20260625-02,NRG-OSA-OSK-004,petrus.mbeha.00402,2026-06-25T07:00:00,2026-06-25T21:00:00,till_operator
SH-NRG-OSA-OSK-004-20260625-03,NRG-OSA-OSK-004,petrus.nakale.00403,2026-06-25T07:00:00,2026-06-25T21:00:00,till_operator
SH-NRG-OSA-OSK-004-20260625-04,NRG-OSA-OSK-004,petrus.shikongo.00404,2026-06-25T07:00:00,2026-06-25T21:00:00,till_operator
SH-NRG-OSA-OSK-004-20260625-05,NRG-OSA-OSK-004,petrus.hamutenya.00405,2026-06-25T07:00:00,2026-06-25T21:00:00,till_operator
SH-NRG-OSI-TSU-009-20260625-01,NRG-OSI-TSU-009,selma.amadhila.00901,2026-06-25T07:00:00,2026-06-25T21:00:00,till_operator
SH-NRG-OSI-TSU-009-20260625-02,NRG-OSI-TSU-009,selma.nuugulu.00902,2026-06-25T07:00:00,2026-06-25T21:00:00,till_operator
SH-NRG-OSI-TSU-009-20260625-03,NRG-OSI-TSU-009,selma.kavari.00903,2026-06-25T07:00:00,2026-06-25T21:00:00,till_operator
SH-NRG-OSI-TSU-009-20260625-04,NRG-OSI-TSU-009,selma.haufiku.00904,2026-06-25T07:00:00,2026-06-25T21:00:00,till_operator
SH-NRG-OTJ-OTW-006-20260625-01,NRG-OTJ-OTW-006,nela.nakale.00601,2026-06-25T07:00:00,2026-06-25T21:00:00,till_operator
SH-NRG-OTJ-OTW-006-20260625-02,NRG-OTJ-OTW-006,nela.shikongo.00602,2026-06-25T07:00:00,2026-06-25T21:00:00,till_operator
SH-NRG-OTJ-OTW-006-20260625-03,NRG-OTJ-OTW-006,nela.hamutenya.00603,2026-06-25T07:00:00,2026-06-25T21:00:00,till_operator
SH-NRG-OTJ-OTW-006-20260625-04,NRG-OTJ-OTW-006,nela.amadhila.00604,2026-06-25T07:00:00,2026-06-25T21:00:00,till_operator
SH-NRG-OTJ-OTW-006-20260625-05,NRG-OTJ-OTW-006,nela.nuugulu.00605,2026-06-25T07:00:00,2026-06-25T21:00:00,till_operator
SH-NRG-ZAM-KTM-008-20260625-01,NRG-ZAM-KTM-008,elina.hamutenya.00801,2026-06-25T07:00:00,2026-06-25T21:00:00,till_operator
SH-NRG-ZAM-KTM-008-20260625-02,NRG-ZAM-KTM-008,elina.amadhila.00802,2026-06-25T07:00:00,2026-06-25T21:00:00,till_operator
SH-NRG-ZAM-KTM-008-20260625-03,NRG-ZAM-KTM-008,elina.nuugulu.00803,2026-06-25T07:00:00,2026-06-25T21:00:00,till_operator
SH-NRG-ZAM-KTM-008-20260625-04,NRG-ZAM-KTM-008,elina.kavari.00804,2026-06-25T07:00:00,2026-06-25T21:00:00,till_operator
SH-NRG-ERG-SWK-003-20260626-01,NRG-ERG-SWK-003,ndapewa.kavari.00301,2026-06-26T07:00:00,2026-06-26T21:00:00,till_operator
SH-NRG-ERG-SWK-003-20260626-02,NRG-ERG-SWK-003,ndapewa.haufiku.00302,2026-06-26T07:00:00,2026-06-26T21:00:00,till_operator
SH-NRG-ERG-SWK-003-20260626-03,NRG-ERG-SWK-003,ndapewa.mbeha.00303,2026-06-26T07:00:00,2026-06-26T21:00:00,till_operator
SH-NRG-ERG-SWK-003-20260626-04,NRG-ERG-SWK-003,ndapewa.nakale.00304,2026-06-26T07:00:00,2026-06-26T21:00:00,till_operator
SH-NRG-ERG-SWK-003-20260626-05,NRG-ERG-SWK-003,ndapewa.shikongo.00305,2026-06-26T07:00:00,2026-06-26T21:00:00,till_operator
SH-NRG-ERG-WVB-002-20260626-01,NRG-ERG-WVB-002,anna.nuugulu.00201,2026-06-26T07:00:00,2026-06-26T21:00:00,till_operator
SH-NRG-ERG-WVB-002-20260626-02,NRG-ERG-WVB-002,anna.kavari.00202,2026-06-26T07:00:00,2026-06-26T21:00:00,till_operator
SH-NRG-ERG-WVB-002-20260626-03,NRG-ERG-WVB-002,anna.haufiku.00203,2026-06-26T07:00:00,2026-06-26T21:00:00,till_operator
SH-NRG-ERG-WVB-002-20260626-04,NRG-ERG-WVB-002,anna.mbeha.00204,2026-06-26T07:00:00,2026-06-26T21:00:00,till_operator
SH-NRG-ERG-WVB-002-20260626-05,NRG-ERG-WVB-002,anna.nakale.00205,2026-06-26T07:00:00,2026-06-26T21:00:00,till_operator
SH-NRG-HAR-REH-011-20260626-01,NRG-HAR-REH-011,ndapewa.kavari.01101,2026-06-26T07:00:00,2026-06-26T21:00:00,till_operator
SH-NRG-HAR-REH-011-20260626-02,NRG-HAR-REH-011,ndapewa.haufiku.01102,2026-06-26T07:00:00,2026-06-26T21:00:00,till_operator
SH-NRG-HAR-REH-011-20260626-03,NRG-HAR-REH-011,ndapewa.mbeha.01103,2026-06-26T07:00:00,2026-06-26T21:00:00,till_operator
SH-NRG-HAR-REH-011-20260626-04,NRG-HAR-REH-011,ndapewa.nakale.01104,2026-06-26T07:00:00,2026-06-26T21:00:00,till_operator
SH-NRG-KHA-KTM-007-20260626-01,NRG-KHA-KTM-007,paulus.shikongo.00701,2026-06-26T07:00:00,2026-06-26T21:00:00,till_operator
SH-NRG-KHA-KTM-007-20260626-02,NRG-KHA-KTM-007,paulus.hamutenya.00702,2026-06-26T07:00:00,2026-06-26T21:00:00,till_operator
SH-NRG-KHA-KTM-007-20260626-03,NRG-KHA-KTM-007,paulus.amadhila.00703,2026-06-26T07:00:00,2026-06-26T21:00:00,till_operator
SH-NRG-KHA-KTM-007-20260626-04,NRG-KHA-KTM-007,paulus.nuugulu.00704,2026-06-26T07:00:00,2026-06-26T21:00:00,till_operator
SH-NRG-KHO-WDH-001-20260626-01,NRG-KHO-WDH-001,selma.amadhila.00101,2026-06-26T07:00:00,2026-06-26T21:00:00,till_operator
SH-NRG-KHO-WDH-001-20260626-02,NRG-KHO-WDH-001,selma.nuugulu.00102,2026-06-26T07:00:00,2026-06-26T21:00:00,till_operator
SH-NRG-KHO-WDH-001-20260626-03,NRG-KHO-WDH-001,selma.kavari.00103,2026-06-26T07:00:00,2026-06-26T21:00:00,till_operator
SH-NRG-KHO-WDH-001-20260626-04,NRG-KHO-WDH-001,selma.haufiku.00104,2026-06-26T07:00:00,2026-06-26T21:00:00,till_operator
SH-NRG-KHO-WDH-001-20260626-05,NRG-KHO-WDH-001,selma.mbeha.00105,2026-06-26T07:00:00,2026-06-26T21:00:00,till_operator
SH-NRG-KVE-RUN-005-20260626-01,NRG-KVE-RUN-005,martha.mbeha.00501,2026-06-26T07:00:00,2026-06-26T21:00:00,till_operator
SH-NRG-KVE-RUN-005-20260626-02,NRG-KVE-RUN-005,martha.nakale.00502,2026-06-26T07:00:00,2026-06-26T21:00:00,till_operator
SH-NRG-KVE-RUN-005-20260626-03,NRG-KVE-RUN-005,martha.shikongo.00503,2026-06-26T07:00:00,2026-06-26T21:00:00,till_operator
SH-NRG-KVE-RUN-005-20260626-04,NRG-KVE-RUN-005,martha.hamutenya.00504,2026-06-26T07:00:00,2026-06-26T21:00:00,till_operator
SH-NRG-KVE-RUN-005-20260626-05,NRG-KVE-RUN-005,martha.amadhila.00505,2026-06-26T07:00:00,2026-06-26T21:00:00,till_operator
SH-NRG-OME-GOB-010-20260626-01,NRG-OME-GOB-010,anna.nuugulu.01001,2026-06-26T07:00:00,2026-06-26T21:00:00,till_operator
SH-NRG-OME-GOB-010-20260626-02,NRG-OME-GOB-010,anna.kavari.01002,2026-06-26T07:00:00,2026-06-26T21:00:00,till_operator
SH-NRG-OME-GOB-010-20260626-03,NRG-OME-GOB-010,anna.haufiku.01003,2026-06-26T07:00:00,2026-06-26T21:00:00,till_operator
SH-NRG-OME-GOB-010-20260626-04,NRG-OME-GOB-010,anna.mbeha.01004,2026-06-26T07:00:00,2026-06-26T21:00:00,till_operator
SH-NRG-OSA-OND-012-20260626-01,NRG-OSA-OND-012,petrus.haufiku.01201,2026-06-26T07:00:00,2026-06-26T21:00:00,till_operator
SH-NRG-OSA-OND-012-20260626-02,NRG-OSA-OND-012,petrus.mbeha.01202,2026-06-26T07:00:00,2026-06-26T21:00:00,till_operator
SH-NRG-OSA-OND-012-20260626-03,NRG-OSA-OND-012,petrus.nakale.01203,2026-06-26T07:00:00,2026-06-26T21:00:00,till_operator
SH-NRG-OSA-OND-012-20260626-04,NRG-OSA-OND-012,petrus.shikongo.01204,2026-06-26T07:00:00,2026-06-26T21:00:00,till_operator
SH-NRG-OSA-OSK-004-20260626-01,NRG-OSA-OSK-004,petrus.haufiku.00401,2026-06-26T07:00:00,2026-06-26T21:00:00,till_operator
SH-NRG-OSA-OSK-004-20260626-02,NRG-OSA-OSK-004,petrus.mbeha.00402,2026-06-26T07:00:00,2026-06-26T21:00:00,till_operator
SH-NRG-OSA-OSK-004-20260626-03,NRG-OSA-OSK-004,petrus.nakale.00403,2026-06-26T07:00:00,2026-06-26T21:00:00,till_operator
SH-NRG-OSA-OSK-004-20260626-04,NRG-OSA-OSK-004,petrus.shikongo.00404,2026-06-26T07:00:00,2026-06-26T21:00:00,till_operator
SH-NRG-OSA-OSK-004-20260626-05,NRG-OSA-OSK-004,petrus.hamutenya.00405,2026-06-26T07:00:00,2026-06-26T21:00:00,till_operator
SH-NRG-OSI-TSU-009-20260626-01,NRG-OSI-TSU-009,selma.amadhila.00901,2026-06-26T07:00:00,2026-06-26T21:00:00,till_operator
SH-NRG-OSI-TSU-009-20260626-02,NRG-OSI-TSU-009,selma.nuugulu.00902,2026-06-26T07:00:00,2026-06-26T21:00:00,till_operator
SH-NRG-OSI-TSU-009-20260626-03,NRG-OSI-TSU-009,selma.kavari.00903,2026-06-26T07:00:00,2026-06-26T21:00:00,till_operator
SH-NRG-OSI-TSU-009-20260626-04,NRG-OSI-TSU-009,selma.haufiku.00904,2026-06-26T07:00:00,2026-06-26T21:00:00,till_operator
SH-NRG-OTJ-OTW-006-20260626-01,NRG-OTJ-OTW-006,nela.nakale.00601,2026-06-26T07:00:00,2026-06-26T21:00:00,till_operator
SH-NRG-OTJ-OTW-006-20260626-02,NRG-OTJ-OTW-006,nela.shikongo.00602,2026-06-26T07:00:00,2026-06-26T21:00:00,till_operator
SH-NRG-OTJ-OTW-006-20260626-03,NRG-OTJ-OTW-006,nela.hamutenya.00603,2026-06-26T07:00:00,2026-06-26T21:00:00,till_operator
SH-NRG-OTJ-OTW-006-20260626-04,NRG-OTJ-OTW-006,nela.amadhila.00604,2026-06-26T07:00:00,2026-06-26T21:00:00,till_operator
SH-NRG-OTJ-OTW-006-20260626-05,NRG-OTJ-OTW-006,nela.nuugulu.00605,2026-06-26T07:00:00,2026-06-26T21:00:00,till_operator
SH-NRG-ZAM-KTM-008-20260626-01,NRG-ZAM-KTM-008,elina.hamutenya.00801,2026-06-26T07:00:00,2026-06-26T21:00:00,till_operator
SH-NRG-ZAM-KTM-008-20260626-02,NRG-ZAM-KTM-008,elina.amadhila.00802,2026-06-26T07:00:00,2026-06-26T21:00:00,till_operator
SH-NRG-ZAM-KTM-008-20260626-03,NRG-ZAM-KTM-008,elina.nuugulu.00803,2026-06-26T07:00:00,2026-06-26T21:00:00,till_operator
SH-NRG-ZAM-KTM-008-20260626-04,NRG-ZAM-KTM-008,elina.kavari.00804,2026-06-26T07:00:00,2026-06-26T21:00:00,till_operator
SH-NRG-ERG-SWK-003-20260627-01,NRG-ERG-SWK-003,ndapewa.kavari.00301,2026-06-27T07:00:00,2026-06-27T21:00:00,till_operator
SH-NRG-ERG-SWK-003-20260627-02,NRG-ERG-SWK-003,ndapewa.haufiku.00302,2026-06-27T07:00:00,2026-06-27T21:00:00,till_operator
SH-NRG-ERG-SWK-003-20260627-03,NRG-ERG-SWK-003,ndapewa.mbeha.00303,2026-06-27T07:00:00,2026-06-27T21:00:00,till_operator
SH-NRG-ERG-SWK-003-20260627-04,NRG-ERG-SWK-003,ndapewa.nakale.00304,2026-06-27T07:00:00,2026-06-27T21:00:00,till_operator
SH-NRG-ERG-SWK-003-20260627-05,NRG-ERG-SWK-003,ndapewa.shikongo.00305,2026-06-27T07:00:00,2026-06-27T21:00:00,till_operator
SH-NRG-ERG-WVB-002-20260627-01,NRG-ERG-WVB-002,anna.nuugulu.00201,2026-06-27T07:00:00,2026-06-27T21:00:00,till_operator
SH-NRG-ERG-WVB-002-20260627-02,NRG-ERG-WVB-002,anna.kavari.00202,2026-06-27T07:00:00,2026-06-27T21:00:00,till_operator
SH-NRG-ERG-WVB-002-20260627-03,NRG-ERG-WVB-002,anna.haufiku.00203,2026-06-27T07:00:00,2026-06-27T21:00:00,till_operator
SH-NRG-ERG-WVB-002-20260627-04,NRG-ERG-WVB-002,anna.mbeha.00204,2026-06-27T07:00:00,2026-06-27T21:00:00,till_operator
SH-NRG-ERG-WVB-002-20260627-05,NRG-ERG-WVB-002,anna.nakale.00205,2026-06-27T07:00:00,2026-06-27T21:00:00,till_operator
SH-NRG-HAR-REH-011-20260627-01,NRG-HAR-REH-011,ndapewa.kavari.01101,2026-06-27T07:00:00,2026-06-27T21:00:00,till_operator
SH-NRG-HAR-REH-011-20260627-02,NRG-HAR-REH-011,ndapewa.haufiku.01102,2026-06-27T07:00:00,2026-06-27T21:00:00,till_operator
SH-NRG-HAR-REH-011-20260627-03,NRG-HAR-REH-011,ndapewa.mbeha.01103,2026-06-27T07:00:00,2026-06-27T21:00:00,till_operator
SH-NRG-HAR-REH-011-20260627-04,NRG-HAR-REH-011,ndapewa.nakale.01104,2026-06-27T07:00:00,2026-06-27T21:00:00,till_operator
SH-NRG-KHA-KTM-007-20260627-01,NRG-KHA-KTM-007,paulus.shikongo.00701,2026-06-27T07:00:00,2026-06-27T21:00:00,till_operator
SH-NRG-KHA-KTM-007-20260627-02,NRG-KHA-KTM-007,paulus.hamutenya.00702,2026-06-27T07:00:00,2026-06-27T21:00:00,till_operator
SH-NRG-KHA-KTM-007-20260627-03,NRG-KHA-KTM-007,paulus.amadhila.00703,2026-06-27T07:00:00,2026-06-27T21:00:00,till_operator
SH-NRG-KHA-KTM-007-20260627-04,NRG-KHA-KTM-007,paulus.nuugulu.00704,2026-06-27T07:00:00,2026-06-27T21:00:00,till_operator
SH-NRG-KHO-WDH-001-20260627-01,NRG-KHO-WDH-001,selma.amadhila.00101,2026-06-27T07:00:00,2026-06-27T21:00:00,till_operator
SH-NRG-KHO-WDH-001-20260627-02,NRG-KHO-WDH-001,selma.nuugulu.00102,2026-06-27T07:00:00,2026-06-27T21:00:00,till_operator
SH-NRG-KHO-WDH-001-20260627-03,NRG-KHO-WDH-001,selma.kavari.00103,2026-06-27T07:00:00,2026-06-27T21:00:00,till_operator
SH-NRG-KHO-WDH-001-20260627-04,NRG-KHO-WDH-001,selma.haufiku.00104,2026-06-27T07:00:00,2026-06-27T21:00:00,till_operator
SH-NRG-KHO-WDH-001-20260627-05,NRG-KHO-WDH-001,selma.mbeha.00105,2026-06-27T07:00:00,2026-06-27T21:00:00,till_operator
SH-NRG-KVE-RUN-005-20260627-01,NRG-KVE-RUN-005,martha.mbeha.00501,2026-06-27T07:00:00,2026-06-27T21:00:00,till_operator
SH-NRG-KVE-RUN-005-20260627-02,NRG-KVE-RUN-005,martha.nakale.00502,2026-06-27T07:00:00,2026-06-27T21:00:00,till_operator
SH-NRG-KVE-RUN-005-20260627-03,NRG-KVE-RUN-005,martha.shikongo.00503,2026-06-27T07:00:00,2026-06-27T21:00:00,till_operator
SH-NRG-KVE-RUN-005-20260627-04,NRG-KVE-RUN-005,martha.hamutenya.00504,2026-06-27T07:00:00,2026-06-27T21:00:00,till_operator
SH-NRG-KVE-RUN-005-20260627-05,NRG-KVE-RUN-005,martha.amadhila.00505,2026-06-27T07:00:00,2026-06-27T21:00:00,till_operator
SH-NRG-OME-GOB-010-20260627-01,NRG-OME-GOB-010,anna.nuugulu.01001,2026-06-27T07:00:00,2026-06-27T21:00:00,till_operator
SH-NRG-OME-GOB-010-20260627-02,NRG-OME-GOB-010,anna.kavari.01002,2026-06-27T07:00:00,2026-06-27T21:00:00,till_operator
SH-NRG-OME-GOB-010-20260627-03,NRG-OME-GOB-010,anna.haufiku.01003,2026-06-27T07:00:00,2026-06-27T21:00:00,till_operator
SH-NRG-OME-GOB-010-20260627-04,NRG-OME-GOB-010,anna.mbeha.01004,2026-06-27T07:00:00,2026-06-27T21:00:00,till_operator
SH-NRG-OSA-OND-012-20260627-01,NRG-OSA-OND-012,petrus.haufiku.01201,2026-06-27T07:00:00,2026-06-27T21:00:00,till_operator
SH-NRG-OSA-OND-012-20260627-02,NRG-OSA-OND-012,petrus.mbeha.01202,2026-06-27T07:00:00,2026-06-27T21:00:00,till_operator
SH-NRG-OSA-OND-012-20260627-03,NRG-OSA-OND-012,petrus.nakale.01203,2026-06-27T07:00:00,2026-06-27T21:00:00,till_operator
SH-NRG-OSA-OND-012-20260627-04,NRG-OSA-OND-012,petrus.shikongo.01204,2026-06-27T07:00:00,2026-06-27T21:00:00,till_operator
SH-NRG-OSA-OSK-004-20260627-01,NRG-OSA-OSK-004,petrus.haufiku.00401,2026-06-27T07:00:00,2026-06-27T21:00:00,till_operator
SH-NRG-OSA-OSK-004-20260627-02,NRG-OSA-OSK-004,petrus.mbeha.00402,2026-06-27T07:00:00,2026-06-27T21:00:00,till_operator
SH-NRG-OSA-OSK-004-20260627-03,NRG-OSA-OSK-004,petrus.nakale.00403,2026-06-27T07:00:00,2026-06-27T21:00:00,till_operator
SH-NRG-OSA-OSK-004-20260627-04,NRG-OSA-OSK-004,petrus.shikongo.00404,2026-06-27T07:00:00,2026-06-27T21:00:00,till_operator
SH-NRG-OSA-OSK-004-20260627-05,NRG-OSA-OSK-004,petrus.hamutenya.00405,2026-06-27T07:00:00,2026-06-27T21:00:00,till_operator
SH-NRG-OSI-TSU-009-20260627-01,NRG-OSI-TSU-009,selma.amadhila.00901,2026-06-27T07:00:00,2026-06-27T21:00:00,till_operator
SH-NRG-OSI-TSU-009-20260627-02,NRG-OSI-TSU-009,selma.nuugulu.00902,2026-06-27T07:00:00,2026-06-27T21:00:00,till_operator
SH-NRG-OSI-TSU-009-20260627-03,NRG-OSI-TSU-009,selma.kavari.00903,2026-06-27T07:00:00,2026-06-27T21:00:00,till_operator
SH-NRG-OSI-TSU-009-20260627-04,NRG-OSI-TSU-009,selma.haufiku.00904,2026-06-27T07:00:00,2026-06-27T21:00:00,till_operator
SH-NRG-OTJ-OTW-006-20260627-01,NRG-OTJ-OTW-006,nela.nakale.00601,2026-06-27T07:00:00,2026-06-27T21:00:00,till_operator
SH-NRG-OTJ-OTW-006-20260627-02,NRG-OTJ-OTW-006,nela.shikongo.00602,2026-06-27T07:00:00,2026-06-27T21:00:00,till_operator
SH-NRG-OTJ-OTW-006-20260627-03,NRG-OTJ-OTW-006,nela.hamutenya.00603,2026-06-27T07:00:00,2026-06-27T21:00:00,till_operator
SH-NRG-OTJ-OTW-006-20260627-04,NRG-OTJ-OTW-006,nela.amadhila.00604,2026-06-27T07:00:00,2026-06-27T21:00:00,till_operator
SH-NRG-OTJ-OTW-006-20260627-05,NRG-OTJ-OTW-006,nela.nuugulu.00605,2026-06-27T07:00:00,2026-06-27T21:00:00,till_operator
SH-NRG-ZAM-KTM-008-20260627-01,NRG-ZAM-KTM-008,elina.hamutenya.00801,2026-06-27T07:00:00,2026-06-27T21:00:00,till_operator
SH-NRG-ZAM-KTM-008-20260627-02,NRG-ZAM-KTM-008,elina.amadhila.00802,2026-06-27T07:00:00,2026-06-27T21:00:00,till_operator
SH-NRG-ZAM-KTM-008-20260627-03,NRG-ZAM-KTM-008,elina.nuugulu.00803,2026-06-27T07:00:00,2026-06-27T21:00:00,till_operator
SH-NRG-ZAM-KTM-008-20260627-04,NRG-ZAM-KTM-008,elina.kavari.00804,2026-06-27T07:00:00,2026-06-27T21:00:00,till_operator
SH-NRG-ERG-SWK-003-20260628-01,NRG-ERG-SWK-003,ndapewa.kavari.00301,2026-06-28T07:00:00,2026-06-28T21:00:00,till_operator
SH-NRG-ERG-SWK-003-20260628-02,NRG-ERG-SWK-003,ndapewa.haufiku.00302,2026-06-28T07:00:00,2026-06-28T21:00:00,till_operator
SH-NRG-ERG-SWK-003-20260628-03,NRG-ERG-SWK-003,ndapewa.mbeha.00303,2026-06-28T07:00:00,2026-06-28T21:00:00,till_operator
SH-NRG-ERG-SWK-003-20260628-04,NRG-ERG-SWK-003,ndapewa.nakale.00304,2026-06-28T07:00:00,2026-06-28T21:00:00,till_operator
SH-NRG-ERG-SWK-003-20260628-05,NRG-ERG-SWK-003,ndapewa.shikongo.00305,2026-06-28T07:00:00,2026-06-28T21:00:00,till_operator
SH-NRG-ERG-WVB-002-20260628-01,NRG-ERG-WVB-002,anna.nuugulu.00201,2026-06-28T07:00:00,2026-06-28T21:00:00,till_operator
SH-NRG-ERG-WVB-002-20260628-02,NRG-ERG-WVB-002,anna.kavari.00202,2026-06-28T07:00:00,2026-06-28T21:00:00,till_operator
SH-NRG-ERG-WVB-002-20260628-03,NRG-ERG-WVB-002,anna.haufiku.00203,2026-06-28T07:00:00,2026-06-28T21:00:00,till_operator
SH-NRG-ERG-WVB-002-20260628-04,NRG-ERG-WVB-002,anna.mbeha.00204,2026-06-28T07:00:00,2026-06-28T21:00:00,till_operator
SH-NRG-ERG-WVB-002-20260628-05,NRG-ERG-WVB-002,anna.nakale.00205,2026-06-28T07:00:00,2026-06-28T21:00:00,till_operator
SH-NRG-HAR-REH-011-20260628-01,NRG-HAR-REH-011,ndapewa.kavari.01101,2026-06-28T07:00:00,2026-06-28T21:00:00,till_operator
SH-NRG-HAR-REH-011-20260628-02,NRG-HAR-REH-011,ndapewa.haufiku.01102,2026-06-28T07:00:00,2026-06-28T21:00:00,till_operator
SH-NRG-HAR-REH-011-20260628-03,NRG-HAR-REH-011,ndapewa.mbeha.01103,2026-06-28T07:00:00,2026-06-28T21:00:00,till_operator
SH-NRG-HAR-REH-011-20260628-04,NRG-HAR-REH-011,ndapewa.nakale.01104,2026-06-28T07:00:00,2026-06-28T21:00:00,till_operator
SH-NRG-KHA-KTM-007-20260628-01,NRG-KHA-KTM-007,paulus.shikongo.00701,2026-06-28T07:00:00,2026-06-28T21:00:00,till_operator
SH-NRG-KHA-KTM-007-20260628-02,NRG-KHA-KTM-007,paulus.hamutenya.00702,2026-06-28T07:00:00,2026-06-28T21:00:00,till_operator
SH-NRG-KHA-KTM-007-20260628-03,NRG-KHA-KTM-007,paulus.amadhila.00703,2026-06-28T07:00:00,2026-06-28T21:00:00,till_operator
SH-NRG-KHA-KTM-007-20260628-04,NRG-KHA-KTM-007,paulus.nuugulu.00704,2026-06-28T07:00:00,2026-06-28T21:00:00,till_operator
SH-NRG-KHO-WDH-001-20260628-01,NRG-KHO-WDH-001,selma.amadhila.00101,2026-06-28T07:00:00,2026-06-28T21:00:00,till_operator
SH-NRG-KHO-WDH-001-20260628-02,NRG-KHO-WDH-001,selma.nuugulu.00102,2026-06-28T07:00:00,2026-06-28T21:00:00,till_operator
SH-NRG-KHO-WDH-001-20260628-03,NRG-KHO-WDH-001,selma.kavari.00103,2026-06-28T07:00:00,2026-06-28T21:00:00,till_operator
SH-NRG-KHO-WDH-001-20260628-04,NRG-KHO-WDH-001,selma.haufiku.00104,2026-06-28T07:00:00,2026-06-28T21:00:00,till_operator
SH-NRG-KHO-WDH-001-20260628-05,NRG-KHO-WDH-001,selma.mbeha.00105,2026-06-28T07:00:00,2026-06-28T21:00:00,till_operator
SH-NRG-KVE-RUN-005-20260628-01,NRG-KVE-RUN-005,martha.mbeha.00501,2026-06-28T07:00:00,2026-06-28T21:00:00,till_operator
SH-NRG-KVE-RUN-005-20260628-02,NRG-KVE-RUN-005,martha.nakale.00502,2026-06-28T07:00:00,2026-06-28T21:00:00,till_operator
SH-NRG-KVE-RUN-005-20260628-03,NRG-KVE-RUN-005,martha.shikongo.00503,2026-06-28T07:00:00,2026-06-28T21:00:00,till_operator
SH-NRG-KVE-RUN-005-20260628-04,NRG-KVE-RUN-005,martha.hamutenya.00504,2026-06-28T07:00:00,2026-06-28T21:00:00,till_operator
SH-NRG-KVE-RUN-005-20260628-05,NRG-KVE-RUN-005,martha.amadhila.00505,2026-06-28T07:00:00,2026-06-28T21:00:00,till_operator
SH-NRG-OME-GOB-010-20260628-01,NRG-OME-GOB-010,anna.nuugulu.01001,2026-06-28T07:00:00,2026-06-28T21:00:00,till_operator
SH-NRG-OME-GOB-010-20260628-02,NRG-OME-GOB-010,anna.kavari.01002,2026-06-28T07:00:00,2026-06-28T21:00:00,till_operator
SH-NRG-OME-GOB-010-20260628-03,NRG-OME-GOB-010,anna.haufiku.01003,2026-06-28T07:00:00,2026-06-28T21:00:00,till_operator
SH-NRG-OME-GOB-010-20260628-04,NRG-OME-GOB-010,anna.mbeha.01004,2026-06-28T07:00:00,2026-06-28T21:00:00,till_operator
SH-NRG-OSA-OND-012-20260628-01,NRG-OSA-OND-012,petrus.haufiku.01201,2026-06-28T07:00:00,2026-06-28T21:00:00,till_operator
SH-NRG-OSA-OND-012-20260628-02,NRG-OSA-OND-012,petrus.mbeha.01202,2026-06-28T07:00:00,2026-06-28T21:00:00,till_operator
SH-NRG-OSA-OND-012-20260628-03,NRG-OSA-OND-012,petrus.nakale.01203,2026-06-28T07:00:00,2026-06-28T21:00:00,till_operator
SH-NRG-OSA-OND-012-20260628-04,NRG-OSA-OND-012,petrus.shikongo.01204,2026-06-28T07:00:00,2026-06-28T21:00:00,till_operator
SH-NRG-OSA-OSK-004-20260628-01,NRG-OSA-OSK-004,petrus.haufiku.00401,2026-06-28T07:00:00,2026-06-28T21:00:00,till_operator
SH-NRG-OSA-OSK-004-20260628-02,NRG-OSA-OSK-004,petrus.mbeha.00402,2026-06-28T07:00:00,2026-06-28T21:00:00,till_operator
SH-NRG-OSA-OSK-004-20260628-03,NRG-OSA-OSK-004,petrus.nakale.00403,2026-06-28T07:00:00,2026-06-28T21:00:00,till_operator
SH-NRG-OSA-OSK-004-20260628-04,NRG-OSA-OSK-004,petrus.shikongo.00404,2026-06-28T07:00:00,2026-06-28T21:00:00,till_operator
SH-NRG-OSA-OSK-004-20260628-05,NRG-OSA-OSK-004,petrus.hamutenya.00405,2026-06-28T07:00:00,2026-06-28T21:00:00,till_operator
SH-NRG-OSI-TSU-009-20260628-01,NRG-OSI-TSU-009,selma.amadhila.00901,2026-06-28T07:00:00,2026-06-28T21:00:00,till_operator
SH-NRG-OSI-TSU-009-20260628-02,NRG-OSI-TSU-009,selma.nuugulu.00902,2026-06-28T07:00:00,2026-06-28T21:00:00,till_operator
SH-NRG-OSI-TSU-009-20260628-03,NRG-OSI-TSU-009,selma.kavari.00903,2026-06-28T07:00:00,2026-06-28T21:00:00,till_operator
SH-NRG-OSI-TSU-009-20260628-04,NRG-OSI-TSU-009,selma.haufiku.00904,2026-06-28T07:00:00,2026-06-28T21:00:00,till_operator
SH-NRG-OTJ-OTW-006-20260628-01,NRG-OTJ-OTW-006,nela.nakale.00601,2026-06-28T07:00:00,2026-06-28T21:00:00,till_operator
SH-NRG-OTJ-OTW-006-20260628-02,NRG-OTJ-OTW-006,nela.shikongo.00602,2026-06-28T07:00:00,2026-06-28T21:00:00,till_operator
SH-NRG-OTJ-OTW-006-20260628-03,NRG-OTJ-OTW-006,nela.hamutenya.00603,2026-06-28T07:00:00,2026-06-28T21:00:00,till_operator
SH-NRG-OTJ-OTW-006-20260628-04,NRG-OTJ-OTW-006,nela.amadhila.00604,2026-06-28T07:00:00,2026-06-28T21:00:00,till_operator
SH-NRG-OTJ-OTW-006-20260628-05,NRG-OTJ-OTW-006,nela.nuugulu.00605,2026-06-28T07:00:00,2026-06-28T21:00:00,till_operator
SH-NRG-ZAM-KTM-008-20260628-01,NRG-ZAM-KTM-008,elina.hamutenya.00801,2026-06-28T07:00:00,2026-06-28T21:00:00,till_operator
SH-NRG-ZAM-KTM-008-20260628-02,NRG-ZAM-KTM-008,elina.amadhila.00802,2026-06-28T07:00:00,2026-06-28T21:00:00,till_operator
SH-NRG-ZAM-KTM-008-20260628-03,NRG-ZAM-KTM-008,elina.nuugulu.00803,2026-06-28T07:00:00,2026-06-28T21:00:00,till_operator
SH-NRG-ZAM-KTM-008-20260628-04,NRG-ZAM-KTM-008,elina.kavari.00804,2026-06-28T07:00:00,2026-06-28T21:00:00,till_operator
SH-NRG-ERG-SWK-003-20260629-01,NRG-ERG-SWK-003,ndapewa.kavari.00301,2026-06-29T07:00:00,2026-06-29T21:00:00,till_operator
SH-NRG-ERG-SWK-003-20260629-02,NRG-ERG-SWK-003,ndapewa.haufiku.00302,2026-06-29T07:00:00,2026-06-29T21:00:00,till_operator
SH-NRG-ERG-SWK-003-20260629-03,NRG-ERG-SWK-003,ndapewa.mbeha.00303,2026-06-29T07:00:00,2026-06-29T21:00:00,till_operator
SH-NRG-ERG-SWK-003-20260629-04,NRG-ERG-SWK-003,ndapewa.nakale.00304,2026-06-29T07:00:00,2026-06-29T21:00:00,till_operator
SH-NRG-ERG-SWK-003-20260629-05,NRG-ERG-SWK-003,ndapewa.shikongo.00305,2026-06-29T07:00:00,2026-06-29T21:00:00,till_operator
SH-NRG-ERG-WVB-002-20260629-01,NRG-ERG-WVB-002,anna.nuugulu.00201,2026-06-29T07:00:00,2026-06-29T21:00:00,till_operator
SH-NRG-ERG-WVB-002-20260629-02,NRG-ERG-WVB-002,anna.kavari.00202,2026-06-29T07:00:00,2026-06-29T21:00:00,till_operator
SH-NRG-ERG-WVB-002-20260629-03,NRG-ERG-WVB-002,anna.haufiku.00203,2026-06-29T07:00:00,2026-06-29T21:00:00,till_operator
SH-NRG-ERG-WVB-002-20260629-04,NRG-ERG-WVB-002,anna.mbeha.00204,2026-06-29T07:00:00,2026-06-29T21:00:00,till_operator
SH-NRG-ERG-WVB-002-20260629-05,NRG-ERG-WVB-002,anna.nakale.00205,2026-06-29T07:00:00,2026-06-29T21:00:00,till_operator
SH-NRG-HAR-REH-011-20260629-01,NRG-HAR-REH-011,ndapewa.kavari.01101,2026-06-29T07:00:00,2026-06-29T21:00:00,till_operator
SH-NRG-HAR-REH-011-20260629-02,NRG-HAR-REH-011,ndapewa.haufiku.01102,2026-06-29T07:00:00,2026-06-29T21:00:00,till_operator
SH-NRG-HAR-REH-011-20260629-03,NRG-HAR-REH-011,ndapewa.mbeha.01103,2026-06-29T07:00:00,2026-06-29T21:00:00,till_operator
SH-NRG-HAR-REH-011-20260629-04,NRG-HAR-REH-011,ndapewa.nakale.01104,2026-06-29T07:00:00,2026-06-29T21:00:00,till_operator
SH-NRG-KHA-KTM-007-20260629-01,NRG-KHA-KTM-007,paulus.shikongo.00701,2026-06-29T07:00:00,2026-06-29T21:00:00,till_operator
SH-NRG-KHA-KTM-007-20260629-02,NRG-KHA-KTM-007,paulus.hamutenya.00702,2026-06-29T07:00:00,2026-06-29T21:00:00,till_operator
SH-NRG-KHA-KTM-007-20260629-03,NRG-KHA-KTM-007,paulus.amadhila.00703,2026-06-29T07:00:00,2026-06-29T21:00:00,till_operator
SH-NRG-KHA-KTM-007-20260629-04,NRG-KHA-KTM-007,paulus.nuugulu.00704,2026-06-29T07:00:00,2026-06-29T21:00:00,till_operator
SH-NRG-KHO-WDH-001-20260629-01,NRG-KHO-WDH-001,selma.amadhila.00101,2026-06-29T07:00:00,2026-06-29T21:00:00,till_operator
SH-NRG-KHO-WDH-001-20260629-02,NRG-KHO-WDH-001,selma.nuugulu.00102,2026-06-29T07:00:00,2026-06-29T21:00:00,till_operator
SH-NRG-KHO-WDH-001-20260629-03,NRG-KHO-WDH-001,selma.kavari.00103,2026-06-29T07:00:00,2026-06-29T21:00:00,till_operator
SH-NRG-KHO-WDH-001-20260629-04,NRG-KHO-WDH-001,selma.haufiku.00104,2026-06-29T07:00:00,2026-06-29T21:00:00,till_operator
SH-NRG-KHO-WDH-001-20260629-05,NRG-KHO-WDH-001,selma.mbeha.00105,2026-06-29T07:00:00,2026-06-29T21:00:00,till_operator
SH-NRG-KVE-RUN-005-20260629-01,NRG-KVE-RUN-005,martha.mbeha.00501,2026-06-29T07:00:00,2026-06-29T21:00:00,till_operator
SH-NRG-KVE-RUN-005-20260629-02,NRG-KVE-RUN-005,martha.nakale.00502,2026-06-29T07:00:00,2026-06-29T21:00:00,till_operator
SH-NRG-KVE-RUN-005-20260629-03,NRG-KVE-RUN-005,martha.shikongo.00503,2026-06-29T07:00:00,2026-06-29T21:00:00,till_operator
SH-NRG-KVE-RUN-005-20260629-04,NRG-KVE-RUN-005,martha.hamutenya.00504,2026-06-29T07:00:00,2026-06-29T21:00:00,till_operator
SH-NRG-KVE-RUN-005-20260629-05,NRG-KVE-RUN-005,martha.amadhila.00505,2026-06-29T07:00:00,2026-06-29T21:00:00,till_operator
SH-NRG-OME-GOB-010-20260629-01,NRG-OME-GOB-010,anna.nuugulu.01001,2026-06-29T07:00:00,2026-06-29T21:00:00,till_operator
SH-NRG-OME-GOB-010-20260629-02,NRG-OME-GOB-010,anna.kavari.01002,2026-06-29T07:00:00,2026-06-29T21:00:00,till_operator
SH-NRG-OME-GOB-010-20260629-03,NRG-OME-GOB-010,anna.haufiku.01003,2026-06-29T07:00:00,2026-06-29T21:00:00,till_operator
SH-NRG-OME-GOB-010-20260629-04,NRG-OME-GOB-010,anna.mbeha.01004,2026-06-29T07:00:00,2026-06-29T21:00:00,till_operator
SH-NRG-OSA-OND-012-20260629-01,NRG-OSA-OND-012,petrus.haufiku.01201,2026-06-29T07:00:00,2026-06-29T21:00:00,till_operator
SH-NRG-OSA-OND-012-20260629-02,NRG-OSA-OND-012,petrus.mbeha.01202,2026-06-29T07:00:00,2026-06-29T21:00:00,till_operator
SH-NRG-OSA-OND-012-20260629-03,NRG-OSA-OND-012,petrus.nakale.01203,2026-06-29T07:00:00,2026-06-29T21:00:00,till_operator
SH-NRG-OSA-OND-012-20260629-04,NRG-OSA-OND-012,petrus.shikongo.01204,2026-06-29T07:00:00,2026-06-29T21:00:00,till_operator
SH-NRG-OSA-OSK-004-20260629-01,NRG-OSA-OSK-004,petrus.haufiku.00401,2026-06-29T07:00:00,2026-06-29T21:00:00,till_operator
SH-NRG-OSA-OSK-004-20260629-02,NRG-OSA-OSK-004,petrus.mbeha.00402,2026-06-29T07:00:00,2026-06-29T21:00:00,till_operator
SH-NRG-OSA-OSK-004-20260629-03,NRG-OSA-OSK-004,petrus.nakale.00403,2026-06-29T07:00:00,2026-06-29T21:00:00,till_operator
SH-NRG-OSA-OSK-004-20260629-04,NRG-OSA-OSK-004,petrus.shikongo.00404,2026-06-29T07:00:00,2026-06-29T21:00:00,till_operator
SH-NRG-OSA-OSK-004-20260629-05,NRG-OSA-OSK-004,petrus.hamutenya.00405,2026-06-29T07:00:00,2026-06-29T21:00:00,till_operator
SH-NRG-OSI-TSU-009-20260629-01,NRG-OSI-TSU-009,selma.amadhila.00901,2026-06-29T07:00:00,2026-06-29T21:00:00,till_operator
SH-NRG-OSI-TSU-009-20260629-02,NRG-OSI-TSU-009,selma.nuugulu.00902,2026-06-29T07:00:00,2026-06-29T21:00:00,till_operator
SH-NRG-OSI-TSU-009-20260629-03,NRG-OSI-TSU-009,selma.kavari.00903,2026-06-29T07:00:00,2026-06-29T21:00:00,till_operator
SH-NRG-OSI-TSU-009-20260629-04,NRG-OSI-TSU-009,selma.haufiku.00904,2026-06-29T07:00:00,2026-06-29T21:00:00,till_operator
SH-NRG-OTJ-OTW-006-20260629-01,NRG-OTJ-OTW-006,nela.nakale.00601,2026-06-29T07:00:00,2026-06-29T21:00:00,till_operator
SH-NRG-OTJ-OTW-006-20260629-02,NRG-OTJ-OTW-006,nela.shikongo.00602,2026-06-29T07:00:00,2026-06-29T21:00:00,till_operator
SH-NRG-OTJ-OTW-006-20260629-03,NRG-OTJ-OTW-006,nela.hamutenya.00603,2026-06-29T07:00:00,2026-06-29T21:00:00,till_operator
SH-NRG-OTJ-OTW-006-20260629-04,NRG-OTJ-OTW-006,nela.amadhila.00604,2026-06-29T07:00:00,2026-06-29T21:00:00,till_operator
SH-NRG-OTJ-OTW-006-20260629-05,NRG-OTJ-OTW-006,nela.nuugulu.00605,2026-06-29T07:00:00,2026-06-29T21:00:00,till_operator
SH-NRG-ZAM-KTM-008-20260629-01,NRG-ZAM-KTM-008,elina.hamutenya.00801,2026-06-29T07:00:00,2026-06-29T21:00:00,till_operator
SH-NRG-ZAM-KTM-008-20260629-02,NRG-ZAM-KTM-008,elina.amadhila.00802,2026-06-29T07:00:00,2026-06-29T21:00:00,till_operator
SH-NRG-ZAM-KTM-008-20260629-03,NRG-ZAM-KTM-008,elina.nuugulu.00803,2026-06-29T07:00:00,2026-06-29T21:00:00,till_operator
SH-NRG-ZAM-KTM-008-20260629-04,NRG-ZAM-KTM-008,elina.kavari.00804,2026-06-29T07:00:00,2026-06-29T21:00:00,till_operator
SH-NRG-ERG-SWK-003-20260630-01,NRG-ERG-SWK-003,ndapewa.kavari.00301,2026-06-30T07:00:00,2026-06-30T21:00:00,till_operator
SH-NRG-ERG-SWK-003-20260630-02,NRG-ERG-SWK-003,ndapewa.haufiku.00302,2026-06-30T07:00:00,2026-06-30T21:00:00,till_operator
SH-NRG-ERG-SWK-003-20260630-03,NRG-ERG-SWK-003,ndapewa.mbeha.00303,2026-06-30T07:00:00,2026-06-30T21:00:00,till_operator
SH-NRG-ERG-SWK-003-20260630-04,NRG-ERG-SWK-003,ndapewa.nakale.00304,2026-06-30T07:00:00,2026-06-30T21:00:00,till_operator
SH-NRG-ERG-SWK-003-20260630-05,NRG-ERG-SWK-003,ndapewa.shikongo.00305,2026-06-30T07:00:00,2026-06-30T21:00:00,till_operator
SH-NRG-ERG-WVB-002-20260630-01,NRG-ERG-WVB-002,anna.nuugulu.00201,2026-06-30T07:00:00,2026-06-30T21:00:00,till_operator
SH-NRG-ERG-WVB-002-20260630-02,NRG-ERG-WVB-002,anna.kavari.00202,2026-06-30T07:00:00,2026-06-30T21:00:00,till_operator
SH-NRG-ERG-WVB-002-20260630-03,NRG-ERG-WVB-002,anna.haufiku.00203,2026-06-30T07:00:00,2026-06-30T21:00:00,till_operator
SH-NRG-ERG-WVB-002-20260630-04,NRG-ERG-WVB-002,anna.mbeha.00204,2026-06-30T07:00:00,2026-06-30T21:00:00,till_operator
SH-NRG-ERG-WVB-002-20260630-05,NRG-ERG-WVB-002,anna.nakale.00205,2026-06-30T07:00:00,2026-06-30T21:00:00,till_operator
SH-NRG-HAR-REH-011-20260630-01,NRG-HAR-REH-011,ndapewa.kavari.01101,2026-06-30T07:00:00,2026-06-30T21:00:00,till_operator
SH-NRG-HAR-REH-011-20260630-02,NRG-HAR-REH-011,ndapewa.haufiku.01102,2026-06-30T07:00:00,2026-06-30T21:00:00,till_operator
SH-NRG-HAR-REH-011-20260630-03,NRG-HAR-REH-011,ndapewa.mbeha.01103,2026-06-30T07:00:00,2026-06-30T21:00:00,till_operator
SH-NRG-HAR-REH-011-20260630-04,NRG-HAR-REH-011,ndapewa.nakale.01104,2026-06-30T07:00:00,2026-06-30T21:00:00,till_operator
SH-NRG-KHA-KTM-007-20260630-01,NRG-KHA-KTM-007,paulus.shikongo.00701,2026-06-30T07:00:00,2026-06-30T21:00:00,till_operator
SH-NRG-KHA-KTM-007-20260630-02,NRG-KHA-KTM-007,paulus.hamutenya.00702,2026-06-30T07:00:00,2026-06-30T21:00:00,till_operator
SH-NRG-KHA-KTM-007-20260630-03,NRG-KHA-KTM-007,paulus.amadhila.00703,2026-06-30T07:00:00,2026-06-30T21:00:00,till_operator
SH-NRG-KHA-KTM-007-20260630-04,NRG-KHA-KTM-007,paulus.nuugulu.00704,2026-06-30T07:00:00,2026-06-30T21:00:00,till_operator
SH-NRG-KHO-WDH-001-20260630-01,NRG-KHO-WDH-001,selma.amadhila.00101,2026-06-30T07:00:00,2026-06-30T21:00:00,till_operator
SH-NRG-KHO-WDH-001-20260630-02,NRG-KHO-WDH-001,selma.nuugulu.00102,2026-06-30T07:00:00,2026-06-30T21:00:00,till_operator
SH-NRG-KHO-WDH-001-20260630-03,NRG-KHO-WDH-001,selma.kavari.00103,2026-06-30T07:00:00,2026-06-30T21:00:00,till_operator
SH-NRG-KHO-WDH-001-20260630-04,NRG-KHO-WDH-001,selma.haufiku.00104,2026-06-30T07:00:00,2026-06-30T21:00:00,till_operator
SH-NRG-KHO-WDH-001-20260630-05,NRG-KHO-WDH-001,selma.mbeha.00105,2026-06-30T07:00:00,2026-06-30T21:00:00,till_operator
SH-NRG-KVE-RUN-005-20260630-01,NRG-KVE-RUN-005,martha.mbeha.00501,2026-06-30T07:00:00,2026-06-30T21:00:00,till_operator
SH-NRG-KVE-RUN-005-20260630-02,NRG-KVE-RUN-005,martha.nakale.00502,2026-06-30T07:00:00,2026-06-30T21:00:00,till_operator
SH-NRG-KVE-RUN-005-20260630-03,NRG-KVE-RUN-005,martha.shikongo.00503,2026-06-30T07:00:00,2026-06-30T21:00:00,till_operator
SH-NRG-KVE-RUN-005-20260630-04,NRG-KVE-RUN-005,martha.hamutenya.00504,2026-06-30T07:00:00,2026-06-30T21:00:00,till_operator
SH-NRG-KVE-RUN-005-20260630-05,NRG-KVE-RUN-005,martha.amadhila.00505,2026-06-30T07:00:00,2026-06-30T21:00:00,till_operator
SH-NRG-OME-GOB-010-20260630-01,NRG-OME-GOB-010,anna.nuugulu.01001,2026-06-30T07:00:00,2026-06-30T21:00:00,till_operator
SH-NRG-OME-GOB-010-20260630-02,NRG-OME-GOB-010,anna.kavari.01002,2026-06-30T07:00:00,2026-06-30T21:00:00,till_operator
SH-NRG-OME-GOB-010-20260630-03,NRG-OME-GOB-010,anna.haufiku.01003,2026-06-30T07:00:00,2026-06-30T21:00:00,till_operator
SH-NRG-OME-GOB-010-20260630-04,NRG-OME-GOB-010,anna.mbeha.01004,2026-06-30T07:00:00,2026-06-30T21:00:00,till_operator
SH-NRG-OSA-OND-012-20260630-01,NRG-OSA-OND-012,petrus.haufiku.01201,2026-06-30T07:00:00,2026-06-30T21:00:00,till_operator
SH-NRG-OSA-OND-012-20260630-02,NRG-OSA-OND-012,petrus.mbeha.01202,2026-06-30T07:00:00,2026-06-30T21:00:00,till_operator
SH-NRG-OSA-OND-012-20260630-03,NRG-OSA-OND-012,petrus.nakale.01203,2026-06-30T07:00:00,2026-06-30T21:00:00,till_operator
SH-NRG-OSA-OND-012-20260630-04,NRG-OSA-OND-012,petrus.shikongo.01204,2026-06-30T07:00:00,2026-06-30T21:00:00,till_operator
SH-NRG-OSA-OSK-004-20260630-01,NRG-OSA-OSK-004,petrus.haufiku.00401,2026-06-30T07:00:00,2026-06-30T21:00:00,till_operator
SH-NRG-OSA-OSK-004-20260630-02,NRG-OSA-OSK-004,petrus.mbeha.00402,2026-06-30T07:00:00,2026-06-30T21:00:00,till_operator
SH-NRG-OSA-OSK-004-20260630-03,NRG-OSA-OSK-004,petrus.nakale.00403,2026-06-30T07:00:00,2026-06-30T21:00:00,till_operator
SH-NRG-OSA-OSK-004-20260630-04,NRG-OSA-OSK-004,petrus.shikongo.00404,2026-06-30T07:00:00,2026-06-30T21:00:00,till_operator
SH-NRG-OSA-OSK-004-20260630-05,NRG-OSA-OSK-004,petrus.hamutenya.00405,2026-06-30T07:00:00,2026-06-30T21:00:00,till_operator
SH-NRG-OSI-TSU-009-20260630-01,NRG-OSI-TSU-009,selma.amadhila.00901,2026-06-30T07:00:00,2026-06-30T21:00:00,till_operator
SH-NRG-OSI-TSU-009-20260630-02,NRG-OSI-TSU-009,selma.nuugulu.00902,2026-06-30T07:00:00,2026-06-30T21:00:00,till_operator
SH-NRG-OSI-TSU-009-20260630-03,NRG-OSI-TSU-009,selma.kavari.00903,2026-06-30T07:00:00,2026-06-30T21:00:00,till_operator
SH-NRG-OSI-TSU-009-20260630-04,NRG-OSI-TSU-009,selma.haufiku.00904,2026-06-30T07:00:00,2026-06-30T21:00:00,till_operator
SH-NRG-OTJ-OTW-006-20260630-01,NRG-OTJ-OTW-006,nela.nakale.00601,2026-06-30T07:00:00,2026-06-30T21:00:00,till_operator
SH-NRG-OTJ-OTW-006-20260630-02,NRG-OTJ-OTW-006,nela.shikongo.00602,2026-06-30T07:00:00,2026-06-30T21:00:00,till_operator
SH-NRG-OTJ-OTW-006-20260630-03,NRG-OTJ-OTW-006,nela.hamutenya.00603,2026-06-30T07:00:00,2026-06-30T21:00:00,till_operator
SH-NRG-OTJ-OTW-006-20260630-04,NRG-OTJ-OTW-006,nela.amadhila.00604,2026-06-30T07:00:00,2026-06-30T21:00:00,till_operator
SH-NRG-OTJ-OTW-006-20260630-05,NRG-OTJ-OTW-006,nela.nuugulu.00605,2026-06-30T07:00:00,2026-06-30T21:00:00,till_operator
SH-NRG-ZAM-KTM-008-20260630-01,NRG-ZAM-KTM-008,elina.hamutenya.00801,2026-06-30T07:00:00,2026-06-30T21:00:00,till_operator
SH-NRG-ZAM-KTM-008-20260630-02,NRG-ZAM-KTM-008,elina.amadhila.00802,2026-06-30T07:00:00,2026-06-30T21:00:00,till_operator
SH-NRG-ZAM-KTM-008-20260630-03,NRG-ZAM-KTM-008,elina.nuugulu.00803,2026-06-30T07:00:00,2026-06-30T21:00:00,till_operator
SH-NRG-ZAM-KTM-008-20260630-04,NRG-ZAM-KTM-008,elina.kavari.00804,2026-06-30T07:00:00,2026-06-30T21:00:00,till_operator
SH-NRG-ERG-SWK-003-20260701-01,NRG-ERG-SWK-003,ndapewa.kavari.00301,2026-07-01T07:00:00,2026-07-01T21:00:00,till_operator
SH-NRG-ERG-SWK-003-20260701-02,NRG-ERG-SWK-003,ndapewa.haufiku.00302,2026-07-01T07:00:00,2026-07-01T21:00:00,till_operator
SH-NRG-ERG-SWK-003-20260701-03,NRG-ERG-SWK-003,ndapewa.mbeha.00303,2026-07-01T07:00:00,2026-07-01T21:00:00,till_operator
SH-NRG-ERG-SWK-003-20260701-04,NRG-ERG-SWK-003,ndapewa.nakale.00304,2026-07-01T07:00:00,2026-07-01T21:00:00,till_operator
SH-NRG-ERG-SWK-003-20260701-05,NRG-ERG-SWK-003,ndapewa.shikongo.00305,2026-07-01T07:00:00,2026-07-01T21:00:00,till_operator
SH-NRG-ERG-WVB-002-20260701-01,NRG-ERG-WVB-002,anna.nuugulu.00201,2026-07-01T07:00:00,2026-07-01T21:00:00,till_operator
SH-NRG-ERG-WVB-002-20260701-02,NRG-ERG-WVB-002,anna.kavari.00202,2026-07-01T07:00:00,2026-07-01T21:00:00,till_operator
SH-NRG-ERG-WVB-002-20260701-03,NRG-ERG-WVB-002,anna.haufiku.00203,2026-07-01T07:00:00,2026-07-01T21:00:00,till_operator
SH-NRG-ERG-WVB-002-20260701-04,NRG-ERG-WVB-002,anna.mbeha.00204,2026-07-01T07:00:00,2026-07-01T21:00:00,till_operator
SH-NRG-ERG-WVB-002-20260701-05,NRG-ERG-WVB-002,anna.nakale.00205,2026-07-01T07:00:00,2026-07-01T21:00:00,till_operator
SH-NRG-HAR-REH-011-20260701-01,NRG-HAR-REH-011,ndapewa.kavari.01101,2026-07-01T07:00:00,2026-07-01T21:00:00,till_operator
SH-NRG-HAR-REH-011-20260701-02,NRG-HAR-REH-011,ndapewa.haufiku.01102,2026-07-01T07:00:00,2026-07-01T21:00:00,till_operator
SH-NRG-HAR-REH-011-20260701-03,NRG-HAR-REH-011,ndapewa.mbeha.01103,2026-07-01T07:00:00,2026-07-01T21:00:00,till_operator
SH-NRG-HAR-REH-011-20260701-04,NRG-HAR-REH-011,ndapewa.nakale.01104,2026-07-01T07:00:00,2026-07-01T21:00:00,till_operator
SH-NRG-KHA-KTM-007-20260701-01,NRG-KHA-KTM-007,paulus.shikongo.00701,2026-07-01T07:00:00,2026-07-01T21:00:00,till_operator
SH-NRG-KHA-KTM-007-20260701-02,NRG-KHA-KTM-007,paulus.hamutenya.00702,2026-07-01T07:00:00,2026-07-01T21:00:00,till_operator
SH-NRG-KHA-KTM-007-20260701-03,NRG-KHA-KTM-007,paulus.amadhila.00703,2026-07-01T07:00:00,2026-07-01T21:00:00,till_operator
SH-NRG-KHA-KTM-007-20260701-04,NRG-KHA-KTM-007,paulus.nuugulu.00704,2026-07-01T07:00:00,2026-07-01T21:00:00,till_operator
SH-NRG-KHO-WDH-001-20260701-01,NRG-KHO-WDH-001,selma.amadhila.00101,2026-07-01T07:00:00,2026-07-01T21:00:00,till_operator
SH-NRG-KHO-WDH-001-20260701-02,NRG-KHO-WDH-001,selma.nuugulu.00102,2026-07-01T07:00:00,2026-07-01T21:00:00,till_operator
SH-NRG-KHO-WDH-001-20260701-03,NRG-KHO-WDH-001,selma.kavari.00103,2026-07-01T07:00:00,2026-07-01T21:00:00,till_operator
SH-NRG-KHO-WDH-001-20260701-04,NRG-KHO-WDH-001,selma.haufiku.00104,2026-07-01T07:00:00,2026-07-01T21:00:00,till_operator
SH-NRG-KHO-WDH-001-20260701-05,NRG-KHO-WDH-001,selma.mbeha.00105,2026-07-01T07:00:00,2026-07-01T21:00:00,till_operator
SH-NRG-KVE-RUN-005-20260701-01,NRG-KVE-RUN-005,martha.mbeha.00501,2026-07-01T07:00:00,2026-07-01T21:00:00,till_operator
SH-NRG-KVE-RUN-005-20260701-02,NRG-KVE-RUN-005,martha.nakale.00502,2026-07-01T07:00:00,2026-07-01T21:00:00,till_operator
SH-NRG-KVE-RUN-005-20260701-03,NRG-KVE-RUN-005,martha.shikongo.00503,2026-07-01T07:00:00,2026-07-01T21:00:00,till_operator
SH-NRG-KVE-RUN-005-20260701-04,NRG-KVE-RUN-005,martha.hamutenya.00504,2026-07-01T07:00:00,2026-07-01T21:00:00,till_operator
SH-NRG-KVE-RUN-005-20260701-05,NRG-KVE-RUN-005,martha.amadhila.00505,2026-07-01T07:00:00,2026-07-01T21:00:00,till_operator
SH-NRG-OME-GOB-010-20260701-01,NRG-OME-GOB-010,anna.nuugulu.01001,2026-07-01T07:00:00,2026-07-01T21:00:00,till_operator
SH-NRG-OME-GOB-010-20260701-02,NRG-OME-GOB-010,anna.kavari.01002,2026-07-01T07:00:00,2026-07-01T21:00:00,till_operator
SH-NRG-OME-GOB-010-20260701-03,NRG-OME-GOB-010,anna.haufiku.01003,2026-07-01T07:00:00,2026-07-01T21:00:00,till_operator
SH-NRG-OME-GOB-010-20260701-04,NRG-OME-GOB-010,anna.mbeha.01004,2026-07-01T07:00:00,2026-07-01T21:00:00,till_operator
SH-NRG-OSA-OND-012-20260701-01,NRG-OSA-OND-012,petrus.haufiku.01201,2026-07-01T07:00:00,2026-07-01T21:00:00,till_operator
SH-NRG-OSA-OND-012-20260701-02,NRG-OSA-OND-012,petrus.mbeha.01202,2026-07-01T07:00:00,2026-07-01T21:00:00,till_operator
SH-NRG-OSA-OND-012-20260701-03,NRG-OSA-OND-012,petrus.nakale.01203,2026-07-01T07:00:00,2026-07-01T21:00:00,till_operator
SH-NRG-OSA-OND-012-20260701-04,NRG-OSA-OND-012,petrus.shikongo.01204,2026-07-01T07:00:00,2026-07-01T21:00:00,till_operator
SH-NRG-OSA-OSK-004-20260701-01,NRG-OSA-OSK-004,petrus.haufiku.00401,2026-07-01T07:00:00,2026-07-01T21:00:00,till_operator
SH-NRG-OSA-OSK-004-20260701-02,NRG-OSA-OSK-004,petrus.mbeha.00402,2026-07-01T07:00:00,2026-07-01T21:00:00,till_operator
SH-NRG-OSA-OSK-004-20260701-03,NRG-OSA-OSK-004,petrus.nakale.00403,2026-07-01T07:00:00,2026-07-01T21:00:00,till_operator
SH-NRG-OSA-OSK-004-20260701-04,NRG-OSA-OSK-004,petrus.shikongo.00404,2026-07-01T07:00:00,2026-07-01T21:00:00,till_operator
SH-NRG-OSA-OSK-004-20260701-05,NRG-OSA-OSK-004,petrus.hamutenya.00405,2026-07-01T07:00:00,2026-07-01T21:00:00,till_operator
SH-NRG-OSI-TSU-009-20260701-01,NRG-OSI-TSU-009,selma.amadhila.00901,2026-07-01T07:00:00,2026-07-01T21:00:00,till_operator
SH-NRG-OSI-TSU-009-20260701-02,NRG-OSI-TSU-009,selma.nuugulu.00902,2026-07-01T07:00:00,2026-07-01T21:00:00,till_operator
SH-NRG-OSI-TSU-009-20260701-03,NRG-OSI-TSU-009,selma.kavari.00903,2026-07-01T07:00:00,2026-07-01T21:00:00,till_operator
SH-NRG-OSI-TSU-009-20260701-04,NRG-OSI-TSU-009,selma.haufiku.00904,2026-07-01T07:00:00,2026-07-01T21:00:00,till_operator
SH-NRG-OTJ-OTW-006-20260701-01,NRG-OTJ-OTW-006,nela.nakale.00601,2026-07-01T07:00:00,2026-07-01T21:00:00,till_operator
SH-NRG-OTJ-OTW-006-20260701-02,NRG-OTJ-OTW-006,nela.shikongo.00602,2026-07-01T07:00:00,2026-07-01T21:00:00,till_operator
SH-NRG-OTJ-OTW-006-20260701-03,NRG-OTJ-OTW-006,nela.hamutenya.00603,2026-07-01T07:00:00,2026-07-01T21:00:00,till_operator
SH-NRG-OTJ-OTW-006-20260701-04,NRG-OTJ-OTW-006,nela.amadhila.00604,2026-07-01T07:00:00,2026-07-01T21:00:00,till_operator
SH-NRG-OTJ-OTW-006-20260701-05,NRG-OTJ-OTW-006,nela.nuugulu.00605,2026-07-01T07:00:00,2026-07-01T21:00:00,till_operator
SH-NRG-ZAM-KTM-008-20260701-01,NRG-ZAM-KTM-008,elina.hamutenya.00801,2026-07-01T07:00:00,2026-07-01T21:00:00,till_operator
SH-NRG-ZAM-KTM-008-20260701-02,NRG-ZAM-KTM-008,elina.amadhila.00802,2026-07-01T07:00:00,2026-07-01T21:00:00,till_operator
SH-NRG-ZAM-KTM-008-20260701-03,NRG-ZAM-KTM-008,elina.nuugulu.00803,2026-07-01T07:00:00,2026-07-01T21:00:00,till_operator
SH-NRG-ZAM-KTM-008-20260701-04,NRG-ZAM-KTM-008,elina.kavari.00804,2026-07-01T07:00:00,2026-07-01T21:00:00,till_operator
SH-NRG-ERG-SWK-003-20260702-01,NRG-ERG-SWK-003,ndapewa.kavari.00301,2026-07-02T07:00:00,2026-07-02T21:00:00,till_operator
SH-NRG-ERG-SWK-003-20260702-02,NRG-ERG-SWK-003,ndapewa.haufiku.00302,2026-07-02T07:00:00,2026-07-02T21:00:00,till_operator
SH-NRG-ERG-SWK-003-20260702-03,NRG-ERG-SWK-003,ndapewa.mbeha.00303,2026-07-02T07:00:00,2026-07-02T21:00:00,till_operator
SH-NRG-ERG-SWK-003-20260702-04,NRG-ERG-SWK-003,ndapewa.nakale.00304,2026-07-02T07:00:00,2026-07-02T21:00:00,till_operator
SH-NRG-ERG-SWK-003-20260702-05,NRG-ERG-SWK-003,ndapewa.shikongo.00305,2026-07-02T07:00:00,2026-07-02T21:00:00,till_operator
SH-NRG-ERG-WVB-002-20260702-01,NRG-ERG-WVB-002,anna.nuugulu.00201,2026-07-02T07:00:00,2026-07-02T21:00:00,till_operator
SH-NRG-ERG-WVB-002-20260702-02,NRG-ERG-WVB-002,anna.kavari.00202,2026-07-02T07:00:00,2026-07-02T21:00:00,till_operator
SH-NRG-ERG-WVB-002-20260702-03,NRG-ERG-WVB-002,anna.haufiku.00203,2026-07-02T07:00:00,2026-07-02T21:00:00,till_operator
SH-NRG-ERG-WVB-002-20260702-04,NRG-ERG-WVB-002,anna.mbeha.00204,2026-07-02T07:00:00,2026-07-02T21:00:00,till_operator
SH-NRG-ERG-WVB-002-20260702-05,NRG-ERG-WVB-002,anna.nakale.00205,2026-07-02T07:00:00,2026-07-02T21:00:00,till_operator
SH-NRG-HAR-REH-011-20260702-01,NRG-HAR-REH-011,ndapewa.kavari.01101,2026-07-02T07:00:00,2026-07-02T21:00:00,till_operator
SH-NRG-HAR-REH-011-20260702-02,NRG-HAR-REH-011,ndapewa.haufiku.01102,2026-07-02T07:00:00,2026-07-02T21:00:00,till_operator
SH-NRG-HAR-REH-011-20260702-03,NRG-HAR-REH-011,ndapewa.mbeha.01103,2026-07-02T07:00:00,2026-07-02T21:00:00,till_operator
SH-NRG-HAR-REH-011-20260702-04,NRG-HAR-REH-011,ndapewa.nakale.01104,2026-07-02T07:00:00,2026-07-02T21:00:00,till_operator
SH-NRG-KHA-KTM-007-20260702-01,NRG-KHA-KTM-007,paulus.shikongo.00701,2026-07-02T07:00:00,2026-07-02T21:00:00,till_operator
SH-NRG-KHA-KTM-007-20260702-02,NRG-KHA-KTM-007,paulus.hamutenya.00702,2026-07-02T07:00:00,2026-07-02T21:00:00,till_operator
SH-NRG-KHA-KTM-007-20260702-03,NRG-KHA-KTM-007,paulus.amadhila.00703,2026-07-02T07:00:00,2026-07-02T21:00:00,till_operator
SH-NRG-KHA-KTM-007-20260702-04,NRG-KHA-KTM-007,paulus.nuugulu.00704,2026-07-02T07:00:00,2026-07-02T21:00:00,till_operator
SH-NRG-KHO-WDH-001-20260702-01,NRG-KHO-WDH-001,selma.amadhila.00101,2026-07-02T07:00:00,2026-07-02T21:00:00,till_operator
SH-NRG-KHO-WDH-001-20260702-02,NRG-KHO-WDH-001,selma.nuugulu.00102,2026-07-02T07:00:00,2026-07-02T21:00:00,till_operator
SH-NRG-KHO-WDH-001-20260702-03,NRG-KHO-WDH-001,selma.kavari.00103,2026-07-02T07:00:00,2026-07-02T21:00:00,till_operator
SH-NRG-KHO-WDH-001-20260702-04,NRG-KHO-WDH-001,selma.haufiku.00104,2026-07-02T07:00:00,2026-07-02T21:00:00,till_operator
SH-NRG-KHO-WDH-001-20260702-05,NRG-KHO-WDH-001,selma.mbeha.00105,2026-07-02T07:00:00,2026-07-02T21:00:00,till_operator
SH-NRG-KVE-RUN-005-20260702-01,NRG-KVE-RUN-005,martha.mbeha.00501,2026-07-02T07:00:00,2026-07-02T21:00:00,till_operator
SH-NRG-KVE-RUN-005-20260702-02,NRG-KVE-RUN-005,martha.nakale.00502,2026-07-02T07:00:00,2026-07-02T21:00:00,till_operator
SH-NRG-KVE-RUN-005-20260702-03,NRG-KVE-RUN-005,martha.shikongo.00503,2026-07-02T07:00:00,2026-07-02T21:00:00,till_operator
SH-NRG-KVE-RUN-005-20260702-04,NRG-KVE-RUN-005,martha.hamutenya.00504,2026-07-02T07:00:00,2026-07-02T21:00:00,till_operator
SH-NRG-KVE-RUN-005-20260702-05,NRG-KVE-RUN-005,martha.amadhila.00505,2026-07-02T07:00:00,2026-07-02T21:00:00,till_operator
SH-NRG-OME-GOB-010-20260702-01,NRG-OME-GOB-010,anna.nuugulu.01001,2026-07-02T07:00:00,2026-07-02T21:00:00,till_operator
SH-NRG-OME-GOB-010-20260702-02,NRG-OME-GOB-010,anna.kavari.01002,2026-07-02T07:00:00,2026-07-02T21:00:00,till_operator
SH-NRG-OME-GOB-010-20260702-03,NRG-OME-GOB-010,anna.haufiku.01003,2026-07-02T07:00:00,2026-07-02T21:00:00,till_operator
SH-NRG-OME-GOB-010-20260702-04,NRG-OME-GOB-010,anna.mbeha.01004,2026-07-02T07:00:00,2026-07-02T21:00:00,till_operator
SH-NRG-OSA-OND-012-20260702-01,NRG-OSA-OND-012,petrus.haufiku.01201,2026-07-02T07:00:00,2026-07-02T21:00:00,till_operator
SH-NRG-OSA-OND-012-20260702-02,NRG-OSA-OND-012,petrus.mbeha.01202,2026-07-02T07:00:00,2026-07-02T21:00:00,till_operator
SH-NRG-OSA-OND-012-20260702-03,NRG-OSA-OND-012,petrus.nakale.01203,2026-07-02T07:00:00,2026-07-02T21:00:00,till_operator
SH-NRG-OSA-OND-012-20260702-04,NRG-OSA-OND-012,petrus.shikongo.01204,2026-07-02T07:00:00,2026-07-02T21:00:00,till_operator
SH-NRG-OSA-OSK-004-20260702-01,NRG-OSA-OSK-004,petrus.haufiku.00401,2026-07-02T07:00:00,2026-07-02T21:00:00,till_operator
SH-NRG-OSA-OSK-004-20260702-02,NRG-OSA-OSK-004,petrus.mbeha.00402,2026-07-02T07:00:00,2026-07-02T21:00:00,till_operator
SH-NRG-OSA-OSK-004-20260702-03,NRG-OSA-OSK-004,petrus.nakale.00403,2026-07-02T07:00:00,2026-07-02T21:00:00,till_operator
SH-NRG-OSA-OSK-004-20260702-04,NRG-OSA-OSK-004,petrus.shikongo.00404,2026-07-02T07:00:00,2026-07-02T21:00:00,till_operator
SH-NRG-OSA-OSK-004-20260702-05,NRG-OSA-OSK-004,petrus.hamutenya.00405,2026-07-02T07:00:00,2026-07-02T21:00:00,till_operator
SH-NRG-OSI-TSU-009-20260702-01,NRG-OSI-TSU-009,selma.amadhila.00901,2026-07-02T07:00:00,2026-07-02T21:00:00,till_operator
SH-NRG-OSI-TSU-009-20260702-02,NRG-OSI-TSU-009,selma.nuugulu.00902,2026-07-02T07:00:00,2026-07-02T21:00:00,till_operator
SH-NRG-OSI-TSU-009-20260702-03,NRG-OSI-TSU-009,selma.kavari.00903,2026-07-02T07:00:00,2026-07-02T21:00:00,till_operator
SH-NRG-OSI-TSU-009-20260702-04,NRG-OSI-TSU-009,selma.haufiku.00904,2026-07-02T07:00:00,2026-07-02T21:00:00,till_operator
SH-NRG-OTJ-OTW-006-20260702-01,NRG-OTJ-OTW-006,nela.nakale.00601,2026-07-02T07:00:00,2026-07-02T21:00:00,till_operator
SH-NRG-OTJ-OTW-006-20260702-02,NRG-OTJ-OTW-006,nela.shikongo.00602,2026-07-02T07:00:00,2026-07-02T21:00:00,till_operator
SH-NRG-OTJ-OTW-006-20260702-03,NRG-OTJ-OTW-006,nela.hamutenya.00603,2026-07-02T07:00:00,2026-07-02T21:00:00,till_operator
SH-NRG-OTJ-OTW-006-20260702-04,NRG-OTJ-OTW-006,nela.amadhila.00604,2026-07-02T07:00:00,2026-07-02T21:00:00,till_operator
SH-NRG-OTJ-OTW-006-20260702-05,NRG-OTJ-OTW-006,nela.nuugulu.00605,2026-07-02T07:00:00,2026-07-02T21:00:00,till_operator
SH-NRG-ZAM-KTM-008-20260702-01,NRG-ZAM-KTM-008,elina.hamutenya.00801,2026-07-02T07:00:00,2026-07-02T21:00:00,till_operator
SH-NRG-ZAM-KTM-008-20260702-02,NRG-ZAM-KTM-008,elina.amadhila.00802,2026-07-02T07:00:00,2026-07-02T21:00:00,till_operator
SH-NRG-ZAM-KTM-008-20260702-03,NRG-ZAM-KTM-008,elina.nuugulu.00803,2026-07-02T07:00:00,2026-07-02T21:00:00,till_operator
SH-NRG-ZAM-KTM-008-20260702-04,NRG-ZAM-KTM-008,elina.kavari.00804,2026-07-02T07:00:00,2026-07-02T21:00:00,till_operator
SH-NRG-ERG-SWK-003-20260703-01,NRG-ERG-SWK-003,ndapewa.kavari.00301,2026-07-03T07:00:00,2026-07-03T21:00:00,till_operator
SH-NRG-ERG-SWK-003-20260703-02,NRG-ERG-SWK-003,ndapewa.haufiku.00302,2026-07-03T07:00:00,2026-07-03T21:00:00,till_operator
SH-NRG-ERG-SWK-003-20260703-03,NRG-ERG-SWK-003,ndapewa.mbeha.00303,2026-07-03T07:00:00,2026-07-03T21:00:00,till_operator
SH-NRG-ERG-SWK-003-20260703-04,NRG-ERG-SWK-003,ndapewa.nakale.00304,2026-07-03T07:00:00,2026-07-03T21:00:00,till_operator
SH-NRG-ERG-SWK-003-20260703-05,NRG-ERG-SWK-003,ndapewa.shikongo.00305,2026-07-03T07:00:00,2026-07-03T21:00:00,till_operator
SH-NRG-ERG-WVB-002-20260703-01,NRG-ERG-WVB-002,anna.nuugulu.00201,2026-07-03T07:00:00,2026-07-03T21:00:00,till_operator
SH-NRG-ERG-WVB-002-20260703-02,NRG-ERG-WVB-002,anna.kavari.00202,2026-07-03T07:00:00,2026-07-03T21:00:00,till_operator
SH-NRG-ERG-WVB-002-20260703-03,NRG-ERG-WVB-002,anna.haufiku.00203,2026-07-03T07:00:00,2026-07-03T21:00:00,till_operator
SH-NRG-ERG-WVB-002-20260703-04,NRG-ERG-WVB-002,anna.mbeha.00204,2026-07-03T07:00:00,2026-07-03T21:00:00,till_operator
SH-NRG-ERG-WVB-002-20260703-05,NRG-ERG-WVB-002,anna.nakale.00205,2026-07-03T07:00:00,2026-07-03T21:00:00,till_operator
SH-NRG-HAR-REH-011-20260703-01,NRG-HAR-REH-011,ndapewa.kavari.01101,2026-07-03T07:00:00,2026-07-03T21:00:00,till_operator
SH-NRG-HAR-REH-011-20260703-02,NRG-HAR-REH-011,ndapewa.haufiku.01102,2026-07-03T07:00:00,2026-07-03T21:00:00,till_operator
SH-NRG-HAR-REH-011-20260703-03,NRG-HAR-REH-011,ndapewa.mbeha.01103,2026-07-03T07:00:00,2026-07-03T21:00:00,till_operator
SH-NRG-HAR-REH-011-20260703-04,NRG-HAR-REH-011,ndapewa.nakale.01104,2026-07-03T07:00:00,2026-07-03T21:00:00,till_operator
SH-NRG-KHA-KTM-007-20260703-01,NRG-KHA-KTM-007,paulus.shikongo.00701,2026-07-03T07:00:00,2026-07-03T21:00:00,till_operator
SH-NRG-KHA-KTM-007-20260703-02,NRG-KHA-KTM-007,paulus.hamutenya.00702,2026-07-03T07:00:00,2026-07-03T21:00:00,till_operator
SH-NRG-KHA-KTM-007-20260703-03,NRG-KHA-KTM-007,paulus.amadhila.00703,2026-07-03T07:00:00,2026-07-03T21:00:00,till_operator
SH-NRG-KHA-KTM-007-20260703-04,NRG-KHA-KTM-007,paulus.nuugulu.00704,2026-07-03T07:00:00,2026-07-03T21:00:00,till_operator
SH-NRG-KHO-WDH-001-20260703-01,NRG-KHO-WDH-001,selma.amadhila.00101,2026-07-03T07:00:00,2026-07-03T21:00:00,till_operator
SH-NRG-KHO-WDH-001-20260703-02,NRG-KHO-WDH-001,selma.nuugulu.00102,2026-07-03T07:00:00,2026-07-03T21:00:00,till_operator
SH-NRG-KHO-WDH-001-20260703-03,NRG-KHO-WDH-001,selma.kavari.00103,2026-07-03T07:00:00,2026-07-03T21:00:00,till_operator
SH-NRG-KHO-WDH-001-20260703-04,NRG-KHO-WDH-001,selma.haufiku.00104,2026-07-03T07:00:00,2026-07-03T21:00:00,till_operator
SH-NRG-KHO-WDH-001-20260703-05,NRG-KHO-WDH-001,selma.mbeha.00105,2026-07-03T07:00:00,2026-07-03T21:00:00,till_operator
SH-NRG-KVE-RUN-005-20260703-01,NRG-KVE-RUN-005,martha.mbeha.00501,2026-07-03T07:00:00,2026-07-03T21:00:00,till_operator
SH-NRG-KVE-RUN-005-20260703-02,NRG-KVE-RUN-005,martha.nakale.00502,2026-07-03T07:00:00,2026-07-03T21:00:00,till_operator
SH-NRG-KVE-RUN-005-20260703-03,NRG-KVE-RUN-005,martha.shikongo.00503,2026-07-03T07:00:00,2026-07-03T21:00:00,till_operator
SH-NRG-KVE-RUN-005-20260703-04,NRG-KVE-RUN-005,martha.hamutenya.00504,2026-07-03T07:00:00,2026-07-03T21:00:00,till_operator
SH-NRG-KVE-RUN-005-20260703-05,NRG-KVE-RUN-005,martha.amadhila.00505,2026-07-03T07:00:00,2026-07-03T21:00:00,till_operator
SH-NRG-OME-GOB-010-20260703-01,NRG-OME-GOB-010,anna.nuugulu.01001,2026-07-03T07:00:00,2026-07-03T21:00:00,till_operator
SH-NRG-OME-GOB-010-20260703-02,NRG-OME-GOB-010,anna.kavari.01002,2026-07-03T07:00:00,2026-07-03T21:00:00,till_operator
SH-NRG-OME-GOB-010-20260703-03,NRG-OME-GOB-010,anna.haufiku.01003,2026-07-03T07:00:00,2026-07-03T21:00:00,till_operator
SH-NRG-OME-GOB-010-20260703-04,NRG-OME-GOB-010,anna.mbeha.01004,2026-07-03T07:00:00,2026-07-03T21:00:00,till_operator
SH-NRG-OSA-OND-012-20260703-01,NRG-OSA-OND-012,petrus.haufiku.01201,2026-07-03T07:00:00,2026-07-03T21:00:00,till_operator
SH-NRG-OSA-OND-012-20260703-02,NRG-OSA-OND-012,petrus.mbeha.01202,2026-07-03T07:00:00,2026-07-03T21:00:00,till_operator
SH-NRG-OSA-OND-012-20260703-03,NRG-OSA-OND-012,petrus.nakale.01203,2026-07-03T07:00:00,2026-07-03T21:00:00,till_operator
SH-NRG-OSA-OND-012-20260703-04,NRG-OSA-OND-012,petrus.shikongo.01204,2026-07-03T07:00:00,2026-07-03T21:00:00,till_operator
SH-NRG-OSA-OSK-004-20260703-01,NRG-OSA-OSK-004,petrus.haufiku.00401,2026-07-03T07:00:00,2026-07-03T21:00:00,till_operator
SH-NRG-OSA-OSK-004-20260703-02,NRG-OSA-OSK-004,petrus.mbeha.00402,2026-07-03T07:00:00,2026-07-03T21:00:00,till_operator
SH-NRG-OSA-OSK-004-20260703-03,NRG-OSA-OSK-004,petrus.nakale.00403,2026-07-03T07:00:00,2026-07-03T21:00:00,till_operator
SH-NRG-OSA-OSK-004-20260703-04,NRG-OSA-OSK-004,petrus.shikongo.00404,2026-07-03T07:00:00,2026-07-03T21:00:00,till_operator
SH-NRG-OSA-OSK-004-20260703-05,NRG-OSA-OSK-004,petrus.hamutenya.00405,2026-07-03T07:00:00,2026-07-03T21:00:00,till_operator
SH-NRG-OSI-TSU-009-20260703-01,NRG-OSI-TSU-009,selma.amadhila.00901,2026-07-03T07:00:00,2026-07-03T21:00:00,till_operator
SH-NRG-OSI-TSU-009-20260703-02,NRG-OSI-TSU-009,selma.nuugulu.00902,2026-07-03T07:00:00,2026-07-03T21:00:00,till_operator
SH-NRG-OSI-TSU-009-20260703-03,NRG-OSI-TSU-009,selma.kavari.00903,2026-07-03T07:00:00,2026-07-03T21:00:00,till_operator
SH-NRG-OSI-TSU-009-20260703-04,NRG-OSI-TSU-009,selma.haufiku.00904,2026-07-03T07:00:00,2026-07-03T21:00:00,till_operator
SH-NRG-OTJ-OTW-006-20260703-01,NRG-OTJ-OTW-006,nela.nakale.00601,2026-07-03T07:00:00,2026-07-03T21:00:00,till_operator
SH-NRG-OTJ-OTW-006-20260703-02,NRG-OTJ-OTW-006,nela.shikongo.00602,2026-07-03T07:00:00,2026-07-03T21:00:00,till_operator
SH-NRG-OTJ-OTW-006-20260703-03,NRG-OTJ-OTW-006,nela.hamutenya.00603,2026-07-03T07:00:00,2026-07-03T21:00:00,till_operator
SH-NRG-OTJ-OTW-006-20260703-04,NRG-OTJ-OTW-006,nela.amadhila.00604,2026-07-03T07:00:00,2026-07-03T21:00:00,till_operator
SH-NRG-OTJ-OTW-006-20260703-05,NRG-OTJ-OTW-006,nela.nuugulu.00605,2026-07-03T07:00:00,2026-07-03T21:00:00,till_operator
SH-NRG-ZAM-KTM-008-20260703-01,NRG-ZAM-KTM-008,elina.hamutenya.00801,2026-07-03T07:00:00,2026-07-03T21:00:00,till_operator
SH-NRG-ZAM-KTM-008-20260703-02,NRG-ZAM-KTM-008,elina.amadhila.00802,2026-07-03T07:00:00,2026-07-03T21:00:00,till_operator
SH-NRG-ZAM-KTM-008-20260703-03,NRG-ZAM-KTM-008,elina.nuugulu.00803,2026-07-03T07:00:00,2026-07-03T21:00:00,till_operator
SH-NRG-ZAM-KTM-008-20260703-04,NRG-ZAM-KTM-008,elina.kavari.00804,2026-07-03T07:00:00,2026-07-03T21:00:00,till_operator
SH-NRG-ERG-SWK-003-20260704-01,NRG-ERG-SWK-003,ndapewa.kavari.00301,2026-07-04T07:00:00,2026-07-04T21:00:00,till_operator
SH-NRG-ERG-SWK-003-20260704-02,NRG-ERG-SWK-003,ndapewa.haufiku.00302,2026-07-04T07:00:00,2026-07-04T21:00:00,till_operator
SH-NRG-ERG-SWK-003-20260704-03,NRG-ERG-SWK-003,ndapewa.mbeha.00303,2026-07-04T07:00:00,2026-07-04T21:00:00,till_operator
SH-NRG-ERG-SWK-003-20260704-04,NRG-ERG-SWK-003,ndapewa.nakale.00304,2026-07-04T07:00:00,2026-07-04T21:00:00,till_operator
SH-NRG-ERG-SWK-003-20260704-05,NRG-ERG-SWK-003,ndapewa.shikongo.00305,2026-07-04T07:00:00,2026-07-04T21:00:00,till_operator
SH-NRG-ERG-WVB-002-20260704-01,NRG-ERG-WVB-002,anna.nuugulu.00201,2026-07-04T07:00:00,2026-07-04T21:00:00,till_operator
SH-NRG-ERG-WVB-002-20260704-02,NRG-ERG-WVB-002,anna.kavari.00202,2026-07-04T07:00:00,2026-07-04T21:00:00,till_operator
SH-NRG-ERG-WVB-002-20260704-03,NRG-ERG-WVB-002,anna.haufiku.00203,2026-07-04T07:00:00,2026-07-04T21:00:00,till_operator
SH-NRG-ERG-WVB-002-20260704-04,NRG-ERG-WVB-002,anna.mbeha.00204,2026-07-04T07:00:00,2026-07-04T21:00:00,till_operator
SH-NRG-ERG-WVB-002-20260704-05,NRG-ERG-WVB-002,anna.nakale.00205,2026-07-04T07:00:00,2026-07-04T21:00:00,till_operator
SH-NRG-HAR-REH-011-20260704-01,NRG-HAR-REH-011,ndapewa.kavari.01101,2026-07-04T07:00:00,2026-07-04T21:00:00,till_operator
SH-NRG-HAR-REH-011-20260704-02,NRG-HAR-REH-011,ndapewa.haufiku.01102,2026-07-04T07:00:00,2026-07-04T21:00:00,till_operator
SH-NRG-HAR-REH-011-20260704-03,NRG-HAR-REH-011,ndapewa.mbeha.01103,2026-07-04T07:00:00,2026-07-04T21:00:00,till_operator
SH-NRG-HAR-REH-011-20260704-04,NRG-HAR-REH-011,ndapewa.nakale.01104,2026-07-04T07:00:00,2026-07-04T21:00:00,till_operator
SH-NRG-KHA-KTM-007-20260704-01,NRG-KHA-KTM-007,paulus.shikongo.00701,2026-07-04T07:00:00,2026-07-04T21:00:00,till_operator
SH-NRG-KHA-KTM-007-20260704-02,NRG-KHA-KTM-007,paulus.hamutenya.00702,2026-07-04T07:00:00,2026-07-04T21:00:00,till_operator
SH-NRG-KHA-KTM-007-20260704-03,NRG-KHA-KTM-007,paulus.amadhila.00703,2026-07-04T07:00:00,2026-07-04T21:00:00,till_operator
SH-NRG-KHA-KTM-007-20260704-04,NRG-KHA-KTM-007,paulus.nuugulu.00704,2026-07-04T07:00:00,2026-07-04T21:00:00,till_operator
SH-NRG-KHO-WDH-001-20260704-01,NRG-KHO-WDH-001,selma.amadhila.00101,2026-07-04T07:00:00,2026-07-04T21:00:00,till_operator
SH-NRG-KHO-WDH-001-20260704-02,NRG-KHO-WDH-001,selma.nuugulu.00102,2026-07-04T07:00:00,2026-07-04T21:00:00,till_operator
SH-NRG-KHO-WDH-001-20260704-03,NRG-KHO-WDH-001,selma.kavari.00103,2026-07-04T07:00:00,2026-07-04T21:00:00,till_operator
SH-NRG-KHO-WDH-001-20260704-04,NRG-KHO-WDH-001,selma.haufiku.00104,2026-07-04T07:00:00,2026-07-04T21:00:00,till_operator
SH-NRG-KHO-WDH-001-20260704-05,NRG-KHO-WDH-001,selma.mbeha.00105,2026-07-04T07:00:00,2026-07-04T21:00:00,till_operator
SH-NRG-KVE-RUN-005-20260704-01,NRG-KVE-RUN-005,martha.mbeha.00501,2026-07-04T07:00:00,2026-07-04T21:00:00,till_operator
SH-NRG-KVE-RUN-005-20260704-02,NRG-KVE-RUN-005,martha.nakale.00502,2026-07-04T07:00:00,2026-07-04T21:00:00,till_operator
SH-NRG-KVE-RUN-005-20260704-03,NRG-KVE-RUN-005,martha.shikongo.00503,2026-07-04T07:00:00,2026-07-04T21:00:00,till_operator
SH-NRG-KVE-RUN-005-20260704-04,NRG-KVE-RUN-005,martha.hamutenya.00504,2026-07-04T07:00:00,2026-07-04T21:00:00,till_operator
SH-NRG-KVE-RUN-005-20260704-05,NRG-KVE-RUN-005,martha.amadhila.00505,2026-07-04T07:00:00,2026-07-04T21:00:00,till_operator
SH-NRG-OME-GOB-010-20260704-01,NRG-OME-GOB-010,anna.nuugulu.01001,2026-07-04T07:00:00,2026-07-04T21:00:00,till_operator
SH-NRG-OME-GOB-010-20260704-02,NRG-OME-GOB-010,anna.kavari.01002,2026-07-04T07:00:00,2026-07-04T21:00:00,till_operator
SH-NRG-OME-GOB-010-20260704-03,NRG-OME-GOB-010,anna.haufiku.01003,2026-07-04T07:00:00,2026-07-04T21:00:00,till_operator
SH-NRG-OME-GOB-010-20260704-04,NRG-OME-GOB-010,anna.mbeha.01004,2026-07-04T07:00:00,2026-07-04T21:00:00,till_operator
SH-NRG-OSA-OND-012-20260704-01,NRG-OSA-OND-012,petrus.haufiku.01201,2026-07-04T07:00:00,2026-07-04T21:00:00,till_operator
SH-NRG-OSA-OND-012-20260704-02,NRG-OSA-OND-012,petrus.mbeha.01202,2026-07-04T07:00:00,2026-07-04T21:00:00,till_operator
SH-NRG-OSA-OND-012-20260704-03,NRG-OSA-OND-012,petrus.nakale.01203,2026-07-04T07:00:00,2026-07-04T21:00:00,till_operator
SH-NRG-OSA-OND-012-20260704-04,NRG-OSA-OND-012,petrus.shikongo.01204,2026-07-04T07:00:00,2026-07-04T21:00:00,till_operator
SH-NRG-OSA-OSK-004-20260704-01,NRG-OSA-OSK-004,petrus.haufiku.00401,2026-07-04T07:00:00,2026-07-04T21:00:00,till_operator
SH-NRG-OSA-OSK-004-20260704-02,NRG-OSA-OSK-004,petrus.mbeha.00402,2026-07-04T07:00:00,2026-07-04T21:00:00,till_operator
SH-NRG-OSA-OSK-004-20260704-03,NRG-OSA-OSK-004,petrus.nakale.00403,2026-07-04T07:00:00,2026-07-04T21:00:00,till_operator
SH-NRG-OSA-OSK-004-20260704-04,NRG-OSA-OSK-004,petrus.shikongo.00404,2026-07-04T07:00:00,2026-07-04T21:00:00,till_operator
SH-NRG-OSA-OSK-004-20260704-05,NRG-OSA-OSK-004,petrus.hamutenya.00405,2026-07-04T07:00:00,2026-07-04T21:00:00,till_operator
SH-NRG-OSI-TSU-009-20260704-01,NRG-OSI-TSU-009,selma.amadhila.00901,2026-07-04T07:00:00,2026-07-04T21:00:00,till_operator
SH-NRG-OSI-TSU-009-20260704-02,NRG-OSI-TSU-009,selma.nuugulu.00902,2026-07-04T07:00:00,2026-07-04T21:00:00,till_operator
SH-NRG-OSI-TSU-009-20260704-03,NRG-OSI-TSU-009,selma.kavari.00903,2026-07-04T07:00:00,2026-07-04T21:00:00,till_operator
SH-NRG-OSI-TSU-009-20260704-04,NRG-OSI-TSU-009,selma.haufiku.00904,2026-07-04T07:00:00,2026-07-04T21:00:00,till_operator
SH-NRG-OTJ-OTW-006-20260704-01,NRG-OTJ-OTW-006,nela.nakale.00601,2026-07-04T07:00:00,2026-07-04T21:00:00,till_operator
SH-NRG-OTJ-OTW-006-20260704-02,NRG-OTJ-OTW-006,nela.shikongo.00602,2026-07-04T07:00:00,2026-07-04T21:00:00,till_operator
SH-NRG-OTJ-OTW-006-20260704-03,NRG-OTJ-OTW-006,nela.hamutenya.00603,2026-07-04T07:00:00,2026-07-04T21:00:00,till_operator
SH-NRG-OTJ-OTW-006-20260704-04,NRG-OTJ-OTW-006,nela.amadhila.00604,2026-07-04T07:00:00,2026-07-04T21:00:00,till_operator
SH-NRG-OTJ-OTW-006-20260704-05,NRG-OTJ-OTW-006,nela.nuugulu.00605,2026-07-04T07:00:00,2026-07-04T21:00:00,till_operator
SH-NRG-ZAM-KTM-008-20260704-01,NRG-ZAM-KTM-008,elina.hamutenya.00801,2026-07-04T07:00:00,2026-07-04T21:00:00,till_operator
SH-NRG-ZAM-KTM-008-20260704-02,NRG-ZAM-KTM-008,elina.amadhila.00802,2026-07-04T07:00:00,2026-07-04T21:00:00,till_operator
SH-NRG-ZAM-KTM-008-20260704-03,NRG-ZAM-KTM-008,elina.nuugulu.00803,2026-07-04T07:00:00,2026-07-04T21:00:00,till_operator
SH-NRG-ZAM-KTM-008-20260704-04,NRG-ZAM-KTM-008,elina.kavari.00804,2026-07-04T07:00:00,2026-07-04T21:00:00,till_operator
SH-NRG-ERG-SWK-003-20260705-01,NRG-ERG-SWK-003,ndapewa.kavari.00301,2026-07-05T07:00:00,2026-07-05T21:00:00,till_operator
SH-NRG-ERG-SWK-003-20260705-02,NRG-ERG-SWK-003,ndapewa.haufiku.00302,2026-07-05T07:00:00,2026-07-05T21:00:00,till_operator
SH-NRG-ERG-SWK-003-20260705-03,NRG-ERG-SWK-003,ndapewa.mbeha.00303,2026-07-05T07:00:00,2026-07-05T21:00:00,till_operator
SH-NRG-ERG-SWK-003-20260705-04,NRG-ERG-SWK-003,ndapewa.nakale.00304,2026-07-05T07:00:00,2026-07-05T21:00:00,till_operator
SH-NRG-ERG-SWK-003-20260705-05,NRG-ERG-SWK-003,ndapewa.shikongo.00305,2026-07-05T07:00:00,2026-07-05T21:00:00,till_operator
SH-NRG-ERG-WVB-002-20260705-01,NRG-ERG-WVB-002,anna.nuugulu.00201,2026-07-05T07:00:00,2026-07-05T21:00:00,till_operator
SH-NRG-ERG-WVB-002-20260705-02,NRG-ERG-WVB-002,anna.kavari.00202,2026-07-05T07:00:00,2026-07-05T21:00:00,till_operator
SH-NRG-ERG-WVB-002-20260705-03,NRG-ERG-WVB-002,anna.haufiku.00203,2026-07-05T07:00:00,2026-07-05T21:00:00,till_operator
SH-NRG-ERG-WVB-002-20260705-04,NRG-ERG-WVB-002,anna.mbeha.00204,2026-07-05T07:00:00,2026-07-05T21:00:00,till_operator
SH-NRG-ERG-WVB-002-20260705-05,NRG-ERG-WVB-002,anna.nakale.00205,2026-07-05T07:00:00,2026-07-05T21:00:00,till_operator
SH-NRG-HAR-REH-011-20260705-01,NRG-HAR-REH-011,ndapewa.kavari.01101,2026-07-05T07:00:00,2026-07-05T21:00:00,till_operator
SH-NRG-HAR-REH-011-20260705-02,NRG-HAR-REH-011,ndapewa.haufiku.01102,2026-07-05T07:00:00,2026-07-05T21:00:00,till_operator
SH-NRG-HAR-REH-011-20260705-03,NRG-HAR-REH-011,ndapewa.mbeha.01103,2026-07-05T07:00:00,2026-07-05T21:00:00,till_operator
SH-NRG-HAR-REH-011-20260705-04,NRG-HAR-REH-011,ndapewa.nakale.01104,2026-07-05T07:00:00,2026-07-05T21:00:00,till_operator
SH-NRG-KHA-KTM-007-20260705-01,NRG-KHA-KTM-007,paulus.shikongo.00701,2026-07-05T07:00:00,2026-07-05T21:00:00,till_operator
SH-NRG-KHA-KTM-007-20260705-02,NRG-KHA-KTM-007,paulus.hamutenya.00702,2026-07-05T07:00:00,2026-07-05T21:00:00,till_operator
SH-NRG-KHA-KTM-007-20260705-03,NRG-KHA-KTM-007,paulus.amadhila.00703,2026-07-05T07:00:00,2026-07-05T21:00:00,till_operator
SH-NRG-KHA-KTM-007-20260705-04,NRG-KHA-KTM-007,paulus.nuugulu.00704,2026-07-05T07:00:00,2026-07-05T21:00:00,till_operator
SH-NRG-KHO-WDH-001-20260705-01,NRG-KHO-WDH-001,selma.amadhila.00101,2026-07-05T07:00:00,2026-07-05T21:00:00,till_operator
SH-NRG-KHO-WDH-001-20260705-02,NRG-KHO-WDH-001,selma.nuugulu.00102,2026-07-05T07:00:00,2026-07-05T21:00:00,till_operator
SH-NRG-KHO-WDH-001-20260705-03,NRG-KHO-WDH-001,selma.kavari.00103,2026-07-05T07:00:00,2026-07-05T21:00:00,till_operator
SH-NRG-KHO-WDH-001-20260705-04,NRG-KHO-WDH-001,selma.haufiku.00104,2026-07-05T07:00:00,2026-07-05T21:00:00,till_operator
SH-NRG-KHO-WDH-001-20260705-05,NRG-KHO-WDH-001,selma.mbeha.00105,2026-07-05T07:00:00,2026-07-05T21:00:00,till_operator
SH-NRG-KVE-RUN-005-20260705-01,NRG-KVE-RUN-005,martha.mbeha.00501,2026-07-05T07:00:00,2026-07-05T21:00:00,till_operator
SH-NRG-KVE-RUN-005-20260705-02,NRG-KVE-RUN-005,martha.nakale.00502,2026-07-05T07:00:00,2026-07-05T21:00:00,till_operator
SH-NRG-KVE-RUN-005-20260705-03,NRG-KVE-RUN-005,martha.shikongo.00503,2026-07-05T07:00:00,2026-07-05T21:00:00,till_operator
SH-NRG-KVE-RUN-005-20260705-04,NRG-KVE-RUN-005,martha.hamutenya.00504,2026-07-05T07:00:00,2026-07-05T21:00:00,till_operator
SH-NRG-KVE-RUN-005-20260705-05,NRG-KVE-RUN-005,martha.amadhila.00505,2026-07-05T07:00:00,2026-07-05T21:00:00,till_operator
SH-NRG-OME-GOB-010-20260705-01,NRG-OME-GOB-010,anna.nuugulu.01001,2026-07-05T07:00:00,2026-07-05T21:00:00,till_operator
SH-NRG-OME-GOB-010-20260705-02,NRG-OME-GOB-010,anna.kavari.01002,2026-07-05T07:00:00,2026-07-05T21:00:00,till_operator
SH-NRG-OME-GOB-010-20260705-03,NRG-OME-GOB-010,anna.haufiku.01003,2026-07-05T07:00:00,2026-07-05T21:00:00,till_operator
SH-NRG-OME-GOB-010-20260705-04,NRG-OME-GOB-010,anna.mbeha.01004,2026-07-05T07:00:00,2026-07-05T21:00:00,till_operator
SH-NRG-OSA-OND-012-20260705-01,NRG-OSA-OND-012,petrus.haufiku.01201,2026-07-05T07:00:00,2026-07-05T21:00:00,till_operator
SH-NRG-OSA-OND-012-20260705-02,NRG-OSA-OND-012,petrus.mbeha.01202,2026-07-05T07:00:00,2026-07-05T21:00:00,till_operator
SH-NRG-OSA-OND-012-20260705-03,NRG-OSA-OND-012,petrus.nakale.01203,2026-07-05T07:00:00,2026-07-05T21:00:00,till_operator
SH-NRG-OSA-OND-012-20260705-04,NRG-OSA-OND-012,petrus.shikongo.01204,2026-07-05T07:00:00,2026-07-05T21:00:00,till_operator
SH-NRG-OSA-OSK-004-20260705-01,NRG-OSA-OSK-004,petrus.haufiku.00401,2026-07-05T07:00:00,2026-07-05T21:00:00,till_operator
SH-NRG-OSA-OSK-004-20260705-02,NRG-OSA-OSK-004,petrus.mbeha.00402,2026-07-05T07:00:00,2026-07-05T21:00:00,till_operator
SH-NRG-OSA-OSK-004-20260705-03,NRG-OSA-OSK-004,petrus.nakale.00403,2026-07-05T07:00:00,2026-07-05T21:00:00,till_operator
SH-NRG-OSA-OSK-004-20260705-04,NRG-OSA-OSK-004,petrus.shikongo.00404,2026-07-05T07:00:00,2026-07-05T21:00:00,till_operator
SH-NRG-OSA-OSK-004-20260705-05,NRG-OSA-OSK-004,petrus.hamutenya.00405,2026-07-05T07:00:00,2026-07-05T21:00:00,till_operator
SH-NRG-OSI-TSU-009-20260705-01,NRG-OSI-TSU-009,selma.amadhila.00901,2026-07-05T07:00:00,2026-07-05T21:00:00,till_operator
SH-NRG-OSI-TSU-009-20260705-02,NRG-OSI-TSU-009,selma.nuugulu.00902,2026-07-05T07:00:00,2026-07-05T21:00:00,till_operator
SH-NRG-OSI-TSU-009-20260705-03,NRG-OSI-TSU-009,selma.kavari.00903,2026-07-05T07:00:00,2026-07-05T21:00:00,till_operator
SH-NRG-OSI-TSU-009-20260705-04,NRG-OSI-TSU-009,selma.haufiku.00904,2026-07-05T07:00:00,2026-07-05T21:00:00,till_operator
SH-NRG-OTJ-OTW-006-20260705-01,NRG-OTJ-OTW-006,nela.nakale.00601,2026-07-05T07:00:00,2026-07-05T21:00:00,till_operator
SH-NRG-OTJ-OTW-006-20260705-02,NRG-OTJ-OTW-006,nela.shikongo.00602,2026-07-05T07:00:00,2026-07-05T21:00:00,till_operator
SH-NRG-OTJ-OTW-006-20260705-03,NRG-OTJ-OTW-006,nela.hamutenya.00603,2026-07-05T07:00:00,2026-07-05T21:00:00,till_operator
SH-NRG-OTJ-OTW-006-20260705-04,NRG-OTJ-OTW-006,nela.amadhila.00604,2026-07-05T07:00:00,2026-07-05T21:00:00,till_operator
SH-NRG-OTJ-OTW-006-20260705-05,NRG-OTJ-OTW-006,nela.nuugulu.00605,2026-07-05T07:00:00,2026-07-05T21:00:00,till_operator
SH-NRG-ZAM-KTM-008-20260705-01,NRG-ZAM-KTM-008,elina.hamutenya.00801,2026-07-05T07:00:00,2026-07-05T21:00:00,till_operator
SH-NRG-ZAM-KTM-008-20260705-02,NRG-ZAM-KTM-008,elina.amadhila.00802,2026-07-05T07:00:00,2026-07-05T21:00:00,till_operator
SH-NRG-ZAM-KTM-008-20260705-03,NRG-ZAM-KTM-008,elina.nuugulu.00803,2026-07-05T07:00:00,2026-07-05T21:00:00,till_operator
SH-NRG-ZAM-KTM-008-20260705-04,NRG-ZAM-KTM-008,elina.kavari.00804,2026-07-05T07:00:00,2026-07-05T21:00:00,till_operator
SH-NRG-ERG-SWK-003-20260706-01,NRG-ERG-SWK-003,ndapewa.kavari.00301,2026-07-06T07:00:00,2026-07-06T21:00:00,till_operator
SH-NRG-ERG-SWK-003-20260706-02,NRG-ERG-SWK-003,ndapewa.haufiku.00302,2026-07-06T07:00:00,2026-07-06T21:00:00,till_operator
SH-NRG-ERG-SWK-003-20260706-03,NRG-ERG-SWK-003,ndapewa.mbeha.00303,2026-07-06T07:00:00,2026-07-06T21:00:00,till_operator
SH-NRG-ERG-SWK-003-20260706-04,NRG-ERG-SWK-003,ndapewa.nakale.00304,2026-07-06T07:00:00,2026-07-06T21:00:00,till_operator
SH-NRG-ERG-SWK-003-20260706-05,NRG-ERG-SWK-003,ndapewa.shikongo.00305,2026-07-06T07:00:00,2026-07-06T21:00:00,till_operator
SH-NRG-ERG-WVB-002-20260706-01,NRG-ERG-WVB-002,anna.nuugulu.00201,2026-07-06T07:00:00,2026-07-06T21:00:00,till_operator
SH-NRG-ERG-WVB-002-20260706-02,NRG-ERG-WVB-002,anna.kavari.00202,2026-07-06T07:00:00,2026-07-06T21:00:00,till_operator
SH-NRG-ERG-WVB-002-20260706-03,NRG-ERG-WVB-002,anna.haufiku.00203,2026-07-06T07:00:00,2026-07-06T21:00:00,till_operator
SH-NRG-ERG-WVB-002-20260706-04,NRG-ERG-WVB-002,anna.mbeha.00204,2026-07-06T07:00:00,2026-07-06T21:00:00,till_operator
SH-NRG-ERG-WVB-002-20260706-05,NRG-ERG-WVB-002,anna.nakale.00205,2026-07-06T07:00:00,2026-07-06T21:00:00,till_operator
SH-NRG-HAR-REH-011-20260706-01,NRG-HAR-REH-011,ndapewa.kavari.01101,2026-07-06T07:00:00,2026-07-06T21:00:00,till_operator
SH-NRG-HAR-REH-011-20260706-02,NRG-HAR-REH-011,ndapewa.haufiku.01102,2026-07-06T07:00:00,2026-07-06T21:00:00,till_operator
SH-NRG-HAR-REH-011-20260706-03,NRG-HAR-REH-011,ndapewa.mbeha.01103,2026-07-06T07:00:00,2026-07-06T21:00:00,till_operator
SH-NRG-HAR-REH-011-20260706-04,NRG-HAR-REH-011,ndapewa.nakale.01104,2026-07-06T07:00:00,2026-07-06T21:00:00,till_operator
SH-NRG-KHA-KTM-007-20260706-01,NRG-KHA-KTM-007,paulus.shikongo.00701,2026-07-06T07:00:00,2026-07-06T21:00:00,till_operator
SH-NRG-KHA-KTM-007-20260706-02,NRG-KHA-KTM-007,paulus.hamutenya.00702,2026-07-06T07:00:00,2026-07-06T21:00:00,till_operator
SH-NRG-KHA-KTM-007-20260706-03,NRG-KHA-KTM-007,paulus.amadhila.00703,2026-07-06T07:00:00,2026-07-06T21:00:00,till_operator
SH-NRG-KHA-KTM-007-20260706-04,NRG-KHA-KTM-007,paulus.nuugulu.00704,2026-07-06T07:00:00,2026-07-06T21:00:00,till_operator
SH-NRG-KHO-WDH-001-20260706-01,NRG-KHO-WDH-001,selma.amadhila.00101,2026-07-06T07:00:00,2026-07-06T21:00:00,till_operator
SH-NRG-KHO-WDH-001-20260706-02,NRG-KHO-WDH-001,selma.nuugulu.00102,2026-07-06T07:00:00,2026-07-06T21:00:00,till_operator
SH-NRG-KHO-WDH-001-20260706-03,NRG-KHO-WDH-001,selma.kavari.00103,2026-07-06T07:00:00,2026-07-06T21:00:00,till_operator
SH-NRG-KHO-WDH-001-20260706-04,NRG-KHO-WDH-001,selma.haufiku.00104,2026-07-06T07:00:00,2026-07-06T21:00:00,till_operator
SH-NRG-KHO-WDH-001-20260706-05,NRG-KHO-WDH-001,selma.mbeha.00105,2026-07-06T07:00:00,2026-07-06T21:00:00,till_operator
SH-NRG-KVE-RUN-005-20260706-01,NRG-KVE-RUN-005,martha.mbeha.00501,2026-07-06T07:00:00,2026-07-06T21:00:00,till_operator
SH-NRG-KVE-RUN-005-20260706-02,NRG-KVE-RUN-005,martha.nakale.00502,2026-07-06T07:00:00,2026-07-06T21:00:00,till_operator
SH-NRG-KVE-RUN-005-20260706-03,NRG-KVE-RUN-005,martha.shikongo.00503,2026-07-06T07:00:00,2026-07-06T21:00:00,till_operator
SH-NRG-KVE-RUN-005-20260706-04,NRG-KVE-RUN-005,martha.hamutenya.00504,2026-07-06T07:00:00,2026-07-06T21:00:00,till_operator
SH-NRG-KVE-RUN-005-20260706-05,NRG-KVE-RUN-005,martha.amadhila.00505,2026-07-06T07:00:00,2026-07-06T21:00:00,till_operator
SH-NRG-OME-GOB-010-20260706-01,NRG-OME-GOB-010,anna.nuugulu.01001,2026-07-06T07:00:00,2026-07-06T21:00:00,till_operator
SH-NRG-OME-GOB-010-20260706-02,NRG-OME-GOB-010,anna.kavari.01002,2026-07-06T07:00:00,2026-07-06T21:00:00,till_operator
SH-NRG-OME-GOB-010-20260706-03,NRG-OME-GOB-010,anna.haufiku.01003,2026-07-06T07:00:00,2026-07-06T21:00:00,till_operator
SH-NRG-OME-GOB-010-20260706-04,NRG-OME-GOB-010,anna.mbeha.01004,2026-07-06T07:00:00,2026-07-06T21:00:00,till_operator
SH-NRG-OSA-OND-012-20260706-01,NRG-OSA-OND-012,petrus.haufiku.01201,2026-07-06T07:00:00,2026-07-06T21:00:00,till_operator
SH-NRG-OSA-OND-012-20260706-02,NRG-OSA-OND-012,petrus.mbeha.01202,2026-07-06T07:00:00,2026-07-06T21:00:00,till_operator
SH-NRG-OSA-OND-012-20260706-03,NRG-OSA-OND-012,petrus.nakale.01203,2026-07-06T07:00:00,2026-07-06T21:00:00,till_operator
SH-NRG-OSA-OND-012-20260706-04,NRG-OSA-OND-012,petrus.shikongo.01204,2026-07-06T07:00:00,2026-07-06T21:00:00,till_operator
SH-NRG-OSA-OSK-004-20260706-01,NRG-OSA-OSK-004,petrus.haufiku.00401,2026-07-06T07:00:00,2026-07-06T21:00:00,till_operator
SH-NRG-OSA-OSK-004-20260706-02,NRG-OSA-OSK-004,petrus.mbeha.00402,2026-07-06T07:00:00,2026-07-06T21:00:00,till_operator
SH-NRG-OSA-OSK-004-20260706-03,NRG-OSA-OSK-004,petrus.nakale.00403,2026-07-06T07:00:00,2026-07-06T21:00:00,till_operator
SH-NRG-OSA-OSK-004-20260706-04,NRG-OSA-OSK-004,petrus.shikongo.00404,2026-07-06T07:00:00,2026-07-06T21:00:00,till_operator
SH-NRG-OSA-OSK-004-20260706-05,NRG-OSA-OSK-004,petrus.hamutenya.00405,2026-07-06T07:00:00,2026-07-06T21:00:00,till_operator
SH-NRG-OSI-TSU-009-20260706-01,NRG-OSI-TSU-009,selma.amadhila.00901,2026-07-06T07:00:00,2026-07-06T21:00:00,till_operator
SH-NRG-OSI-TSU-009-20260706-02,NRG-OSI-TSU-009,selma.nuugulu.00902,2026-07-06T07:00:00,2026-07-06T21:00:00,till_operator
SH-NRG-OSI-TSU-009-20260706-03,NRG-OSI-TSU-009,selma.kavari.00903,2026-07-06T07:00:00,2026-07-06T21:00:00,till_operator
SH-NRG-OSI-TSU-009-20260706-04,NRG-OSI-TSU-009,selma.haufiku.00904,2026-07-06T07:00:00,2026-07-06T21:00:00,till_operator
SH-NRG-OTJ-OTW-006-20260706-01,NRG-OTJ-OTW-006,nela.nakale.00601,2026-07-06T07:00:00,2026-07-06T21:00:00,till_operator
SH-NRG-OTJ-OTW-006-20260706-02,NRG-OTJ-OTW-006,nela.shikongo.00602,2026-07-06T07:00:00,2026-07-06T21:00:00,till_operator
SH-NRG-OTJ-OTW-006-20260706-03,NRG-OTJ-OTW-006,nela.hamutenya.00603,2026-07-06T07:00:00,2026-07-06T21:00:00,till_operator
SH-NRG-OTJ-OTW-006-20260706-04,NRG-OTJ-OTW-006,nela.amadhila.00604,2026-07-06T07:00:00,2026-07-06T21:00:00,till_operator
SH-NRG-OTJ-OTW-006-20260706-05,NRG-OTJ-OTW-006,nela.nuugulu.00605,2026-07-06T07:00:00,2026-07-06T21:00:00,till_operator
SH-NRG-ZAM-KTM-008-20260706-01,NRG-ZAM-KTM-008,elina.hamutenya.00801,2026-07-06T07:00:00,2026-07-06T21:00:00,till_operator
SH-NRG-ZAM-KTM-008-20260706-02,NRG-ZAM-KTM-008,elina.amadhila.00802,2026-07-06T07:00:00,2026-07-06T21:00:00,till_operator
SH-NRG-ZAM-KTM-008-20260706-03,NRG-ZAM-KTM-008,elina.nuugulu.00803,2026-07-06T07:00:00,2026-07-06T21:00:00,till_operator
SH-NRG-ZAM-KTM-008-20260706-04,NRG-ZAM-KTM-008,elina.kavari.00804,2026-07-06T07:00:00,2026-07-06T21:00:00,till_operator
SH-NRG-ERG-SWK-003-20260707-01,NRG-ERG-SWK-003,ndapewa.kavari.00301,2026-07-07T07:00:00,2026-07-07T21:00:00,till_operator
SH-NRG-ERG-SWK-003-20260707-02,NRG-ERG-SWK-003,ndapewa.haufiku.00302,2026-07-07T07:00:00,2026-07-07T21:00:00,till_operator
SH-NRG-ERG-SWK-003-20260707-03,NRG-ERG-SWK-003,ndapewa.mbeha.00303,2026-07-07T07:00:00,2026-07-07T21:00:00,till_operator
SH-NRG-ERG-SWK-003-20260707-04,NRG-ERG-SWK-003,ndapewa.nakale.00304,2026-07-07T07:00:00,2026-07-07T21:00:00,till_operator
SH-NRG-ERG-SWK-003-20260707-05,NRG-ERG-SWK-003,ndapewa.shikongo.00305,2026-07-07T07:00:00,2026-07-07T21:00:00,till_operator
SH-NRG-ERG-WVB-002-20260707-01,NRG-ERG-WVB-002,anna.nuugulu.00201,2026-07-07T07:00:00,2026-07-07T21:00:00,till_operator
SH-NRG-ERG-WVB-002-20260707-02,NRG-ERG-WVB-002,anna.kavari.00202,2026-07-07T07:00:00,2026-07-07T21:00:00,till_operator
SH-NRG-ERG-WVB-002-20260707-03,NRG-ERG-WVB-002,anna.haufiku.00203,2026-07-07T07:00:00,2026-07-07T21:00:00,till_operator
SH-NRG-ERG-WVB-002-20260707-04,NRG-ERG-WVB-002,anna.mbeha.00204,2026-07-07T07:00:00,2026-07-07T21:00:00,till_operator
SH-NRG-ERG-WVB-002-20260707-05,NRG-ERG-WVB-002,anna.nakale.00205,2026-07-07T07:00:00,2026-07-07T21:00:00,till_operator
SH-NRG-HAR-REH-011-20260707-01,NRG-HAR-REH-011,ndapewa.kavari.01101,2026-07-07T07:00:00,2026-07-07T21:00:00,till_operator
SH-NRG-HAR-REH-011-20260707-02,NRG-HAR-REH-011,ndapewa.haufiku.01102,2026-07-07T07:00:00,2026-07-07T21:00:00,till_operator
SH-NRG-HAR-REH-011-20260707-03,NRG-HAR-REH-011,ndapewa.mbeha.01103,2026-07-07T07:00:00,2026-07-07T21:00:00,till_operator
SH-NRG-HAR-REH-011-20260707-04,NRG-HAR-REH-011,ndapewa.nakale.01104,2026-07-07T07:00:00,2026-07-07T21:00:00,till_operator
SH-NRG-KHA-KTM-007-20260707-01,NRG-KHA-KTM-007,paulus.shikongo.00701,2026-07-07T07:00:00,2026-07-07T21:00:00,till_operator
SH-NRG-KHA-KTM-007-20260707-02,NRG-KHA-KTM-007,paulus.hamutenya.00702,2026-07-07T07:00:00,2026-07-07T21:00:00,till_operator
SH-NRG-KHA-KTM-007-20260707-03,NRG-KHA-KTM-007,paulus.amadhila.00703,2026-07-07T07:00:00,2026-07-07T21:00:00,till_operator
SH-NRG-KHA-KTM-007-20260707-04,NRG-KHA-KTM-007,paulus.nuugulu.00704,2026-07-07T07:00:00,2026-07-07T21:00:00,till_operator
SH-NRG-KHO-WDH-001-20260707-01,NRG-KHO-WDH-001,selma.amadhila.00101,2026-07-07T07:00:00,2026-07-07T21:00:00,till_operator
SH-NRG-KHO-WDH-001-20260707-02,NRG-KHO-WDH-001,selma.nuugulu.00102,2026-07-07T07:00:00,2026-07-07T21:00:00,till_operator
SH-NRG-KHO-WDH-001-20260707-03,NRG-KHO-WDH-001,selma.kavari.00103,2026-07-07T07:00:00,2026-07-07T21:00:00,till_operator
SH-NRG-KHO-WDH-001-20260707-04,NRG-KHO-WDH-001,selma.haufiku.00104,2026-07-07T07:00:00,2026-07-07T21:00:00,till_operator
SH-NRG-KHO-WDH-001-20260707-05,NRG-KHO-WDH-001,selma.mbeha.00105,2026-07-07T07:00:00,2026-07-07T21:00:00,till_operator
SH-NRG-KVE-RUN-005-20260707-01,NRG-KVE-RUN-005,martha.mbeha.00501,2026-07-07T07:00:00,2026-07-07T21:00:00,till_operator
SH-NRG-KVE-RUN-005-20260707-02,NRG-KVE-RUN-005,martha.nakale.00502,2026-07-07T07:00:00,2026-07-07T21:00:00,till_operator
SH-NRG-KVE-RUN-005-20260707-03,NRG-KVE-RUN-005,martha.shikongo.00503,2026-07-07T07:00:00,2026-07-07T21:00:00,till_operator
SH-NRG-KVE-RUN-005-20260707-04,NRG-KVE-RUN-005,martha.hamutenya.00504,2026-07-07T07:00:00,2026-07-07T21:00:00,till_operator
SH-NRG-KVE-RUN-005-20260707-05,NRG-KVE-RUN-005,martha.amadhila.00505,2026-07-07T07:00:00,2026-07-07T21:00:00,till_operator
SH-NRG-OME-GOB-010-20260707-01,NRG-OME-GOB-010,anna.nuugulu.01001,2026-07-07T07:00:00,2026-07-07T21:00:00,till_operator
SH-NRG-OME-GOB-010-20260707-02,NRG-OME-GOB-010,anna.kavari.01002,2026-07-07T07:00:00,2026-07-07T21:00:00,till_operator
SH-NRG-OME-GOB-010-20260707-03,NRG-OME-GOB-010,anna.haufiku.01003,2026-07-07T07:00:00,2026-07-07T21:00:00,till_operator
SH-NRG-OME-GOB-010-20260707-04,NRG-OME-GOB-010,anna.mbeha.01004,2026-07-07T07:00:00,2026-07-07T21:00:00,till_operator
SH-NRG-OSA-OND-012-20260707-01,NRG-OSA-OND-012,petrus.haufiku.01201,2026-07-07T07:00:00,2026-07-07T21:00:00,till_operator
SH-NRG-OSA-OND-012-20260707-02,NRG-OSA-OND-012,petrus.mbeha.01202,2026-07-07T07:00:00,2026-07-07T21:00:00,till_operator
SH-NRG-OSA-OND-012-20260707-03,NRG-OSA-OND-012,petrus.nakale.01203,2026-07-07T07:00:00,2026-07-07T21:00:00,till_operator
SH-NRG-OSA-OND-012-20260707-04,NRG-OSA-OND-012,petrus.shikongo.01204,2026-07-07T07:00:00,2026-07-07T21:00:00,till_operator
SH-NRG-OSA-OSK-004-20260707-01,NRG-OSA-OSK-004,petrus.haufiku.00401,2026-07-07T07:00:00,2026-07-07T21:00:00,till_operator
SH-NRG-OSA-OSK-004-20260707-02,NRG-OSA-OSK-004,petrus.mbeha.00402,2026-07-07T07:00:00,2026-07-07T21:00:00,till_operator
SH-NRG-OSA-OSK-004-20260707-03,NRG-OSA-OSK-004,petrus.nakale.00403,2026-07-07T07:00:00,2026-07-07T21:00:00,till_operator
SH-NRG-OSA-OSK-004-20260707-04,NRG-OSA-OSK-004,petrus.shikongo.00404,2026-07-07T07:00:00,2026-07-07T21:00:00,till_operator
SH-NRG-OSA-OSK-004-20260707-05,NRG-OSA-OSK-004,petrus.hamutenya.00405,2026-07-07T07:00:00,2026-07-07T21:00:00,till_operator
SH-NRG-OSI-TSU-009-20260707-01,NRG-OSI-TSU-009,selma.amadhila.00901,2026-07-07T07:00:00,2026-07-07T21:00:00,till_operator
SH-NRG-OSI-TSU-009-20260707-02,NRG-OSI-TSU-009,selma.nuugulu.00902,2026-07-07T07:00:00,2026-07-07T21:00:00,till_operator
SH-NRG-OSI-TSU-009-20260707-03,NRG-OSI-TSU-009,selma.kavari.00903,2026-07-07T07:00:00,2026-07-07T21:00:00,till_operator
SH-NRG-OSI-TSU-009-20260707-04,NRG-OSI-TSU-009,selma.haufiku.00904,2026-07-07T07:00:00,2026-07-07T21:00:00,till_operator
SH-NRG-OTJ-OTW-006-20260707-01,NRG-OTJ-OTW-006,nela.nakale.00601,2026-07-07T07:00:00,2026-07-07T21:00:00,till_operator
SH-NRG-OTJ-OTW-006-20260707-02,NRG-OTJ-OTW-006,nela.shikongo.00602,2026-07-07T07:00:00,2026-07-07T21:00:00,till_operator
SH-NRG-OTJ-OTW-006-20260707-03,NRG-OTJ-OTW-006,nela.hamutenya.00603,2026-07-07T07:00:00,2026-07-07T21:00:00,till_operator
SH-NRG-OTJ-OTW-006-20260707-04,NRG-OTJ-OTW-006,nela.amadhila.00604,2026-07-07T07:00:00,2026-07-07T21:00:00,till_operator
SH-NRG-OTJ-OTW-006-20260707-05,NRG-OTJ-OTW-006,nela.nuugulu.00605,2026-07-07T07:00:00,2026-07-07T21:00:00,till_operator
SH-NRG-ZAM-KTM-008-20260707-01,NRG-ZAM-KTM-008,elina.hamutenya.00801,2026-07-07T07:00:00,2026-07-07T21:00:00,till_operator
SH-NRG-ZAM-KTM-008-20260707-02,NRG-ZAM-KTM-008,elina.amadhila.00802,2026-07-07T07:00:00,2026-07-07T21:00:00,till_operator
SH-NRG-ZAM-KTM-008-20260707-03,NRG-ZAM-KTM-008,elina.nuugulu.00803,2026-07-07T07:00:00,2026-07-07T21:00:00,till_operator
SH-NRG-ZAM-KTM-008-20260707-04,NRG-ZAM-KTM-008,elina.kavari.00804,2026-07-07T07:00:00,2026-07-07T21:00:00,till_operator
SH-NRG-ERG-SWK-003-20260708-01,NRG-ERG-SWK-003,ndapewa.kavari.00301,2026-07-08T07:00:00,2026-07-08T21:00:00,till_operator
SH-NRG-ERG-SWK-003-20260708-02,NRG-ERG-SWK-003,ndapewa.haufiku.00302,2026-07-08T07:00:00,2026-07-08T21:00:00,till_operator
SH-NRG-ERG-SWK-003-20260708-03,NRG-ERG-SWK-003,ndapewa.mbeha.00303,2026-07-08T07:00:00,2026-07-08T21:00:00,till_operator
SH-NRG-ERG-SWK-003-20260708-04,NRG-ERG-SWK-003,ndapewa.nakale.00304,2026-07-08T07:00:00,2026-07-08T21:00:00,till_operator
SH-NRG-ERG-SWK-003-20260708-05,NRG-ERG-SWK-003,ndapewa.shikongo.00305,2026-07-08T07:00:00,2026-07-08T21:00:00,till_operator
SH-NRG-ERG-WVB-002-20260708-01,NRG-ERG-WVB-002,anna.nuugulu.00201,2026-07-08T07:00:00,2026-07-08T21:00:00,till_operator
SH-NRG-ERG-WVB-002-20260708-02,NRG-ERG-WVB-002,anna.kavari.00202,2026-07-08T07:00:00,2026-07-08T21:00:00,till_operator
SH-NRG-ERG-WVB-002-20260708-03,NRG-ERG-WVB-002,anna.haufiku.00203,2026-07-08T07:00:00,2026-07-08T21:00:00,till_operator
SH-NRG-ERG-WVB-002-20260708-04,NRG-ERG-WVB-002,anna.mbeha.00204,2026-07-08T07:00:00,2026-07-08T21:00:00,till_operator
SH-NRG-ERG-WVB-002-20260708-05,NRG-ERG-WVB-002,anna.nakale.00205,2026-07-08T07:00:00,2026-07-08T21:00:00,till_operator
SH-NRG-HAR-REH-011-20260708-01,NRG-HAR-REH-011,ndapewa.kavari.01101,2026-07-08T07:00:00,2026-07-08T21:00:00,till_operator
SH-NRG-HAR-REH-011-20260708-02,NRG-HAR-REH-011,ndapewa.haufiku.01102,2026-07-08T07:00:00,2026-07-08T21:00:00,till_operator
SH-NRG-HAR-REH-011-20260708-03,NRG-HAR-REH-011,ndapewa.mbeha.01103,2026-07-08T07:00:00,2026-07-08T21:00:00,till_operator
SH-NRG-HAR-REH-011-20260708-04,NRG-HAR-REH-011,ndapewa.nakale.01104,2026-07-08T07:00:00,2026-07-08T21:00:00,till_operator
SH-NRG-KHA-KTM-007-20260708-01,NRG-KHA-KTM-007,paulus.shikongo.00701,2026-07-08T07:00:00,2026-07-08T21:00:00,till_operator
SH-NRG-KHA-KTM-007-20260708-02,NRG-KHA-KTM-007,paulus.hamutenya.00702,2026-07-08T07:00:00,2026-07-08T21:00:00,till_operator
SH-NRG-KHA-KTM-007-20260708-03,NRG-KHA-KTM-007,paulus.amadhila.00703,2026-07-08T07:00:00,2026-07-08T21:00:00,till_operator
SH-NRG-KHA-KTM-007-20260708-04,NRG-KHA-KTM-007,paulus.nuugulu.00704,2026-07-08T07:00:00,2026-07-08T21:00:00,till_operator
SH-NRG-KHO-WDH-001-20260708-01,NRG-KHO-WDH-001,selma.amadhila.00101,2026-07-08T07:00:00,2026-07-08T21:00:00,till_operator
SH-NRG-KHO-WDH-001-20260708-02,NRG-KHO-WDH-001,selma.nuugulu.00102,2026-07-08T07:00:00,2026-07-08T21:00:00,till_operator
SH-NRG-KHO-WDH-001-20260708-03,NRG-KHO-WDH-001,selma.kavari.00103,2026-07-08T07:00:00,2026-07-08T21:00:00,till_operator
SH-NRG-KHO-WDH-001-20260708-04,NRG-KHO-WDH-001,selma.haufiku.00104,2026-07-08T07:00:00,2026-07-08T21:00:00,till_operator
SH-NRG-KHO-WDH-001-20260708-05,NRG-KHO-WDH-001,selma.mbeha.00105,2026-07-08T07:00:00,2026-07-08T21:00:00,till_operator
SH-NRG-KVE-RUN-005-20260708-01,NRG-KVE-RUN-005,martha.mbeha.00501,2026-07-08T07:00:00,2026-07-08T21:00:00,till_operator
SH-NRG-KVE-RUN-005-20260708-02,NRG-KVE-RUN-005,martha.nakale.00502,2026-07-08T07:00:00,2026-07-08T21:00:00,till_operator
SH-NRG-KVE-RUN-005-20260708-03,NRG-KVE-RUN-005,martha.shikongo.00503,2026-07-08T07:00:00,2026-07-08T21:00:00,till_operator
SH-NRG-KVE-RUN-005-20260708-04,NRG-KVE-RUN-005,martha.hamutenya.00504,2026-07-08T07:00:00,2026-07-08T21:00:00,till_operator
SH-NRG-KVE-RUN-005-20260708-05,NRG-KVE-RUN-005,martha.amadhila.00505,2026-07-08T07:00:00,2026-07-08T21:00:00,till_operator
SH-NRG-OME-GOB-010-20260708-01,NRG-OME-GOB-010,anna.nuugulu.01001,2026-07-08T07:00:00,2026-07-08T21:00:00,till_operator
SH-NRG-OME-GOB-010-20260708-02,NRG-OME-GOB-010,anna.kavari.01002,2026-07-08T07:00:00,2026-07-08T21:00:00,till_operator
SH-NRG-OME-GOB-010-20260708-03,NRG-OME-GOB-010,anna.haufiku.01003,2026-07-08T07:00:00,2026-07-08T21:00:00,till_operator
SH-NRG-OME-GOB-010-20260708-04,NRG-OME-GOB-010,anna.mbeha.01004,2026-07-08T07:00:00,2026-07-08T21:00:00,till_operator
SH-NRG-OSA-OND-012-20260708-01,NRG-OSA-OND-012,petrus.haufiku.01201,2026-07-08T07:00:00,2026-07-08T21:00:00,till_operator
SH-NRG-OSA-OND-012-20260708-02,NRG-OSA-OND-012,petrus.mbeha.01202,2026-07-08T07:00:00,2026-07-08T21:00:00,till_operator
SH-NRG-OSA-OND-012-20260708-03,NRG-OSA-OND-012,petrus.nakale.01203,2026-07-08T07:00:00,2026-07-08T21:00:00,till_operator
SH-NRG-OSA-OND-012-20260708-04,NRG-OSA-OND-012,petrus.shikongo.01204,2026-07-08T07:00:00,2026-07-08T21:00:00,till_operator
SH-NRG-OSA-OSK-004-20260708-01,NRG-OSA-OSK-004,petrus.haufiku.00401,2026-07-08T07:00:00,2026-07-08T21:00:00,till_operator
SH-NRG-OSA-OSK-004-20260708-02,NRG-OSA-OSK-004,petrus.mbeha.00402,2026-07-08T07:00:00,2026-07-08T21:00:00,till_operator
SH-NRG-OSA-OSK-004-20260708-03,NRG-OSA-OSK-004,petrus.nakale.00403,2026-07-08T07:00:00,2026-07-08T21:00:00,till_operator
SH-NRG-OSA-OSK-004-20260708-04,NRG-OSA-OSK-004,petrus.shikongo.00404,2026-07-08T07:00:00,2026-07-08T21:00:00,till_operator
SH-NRG-OSA-OSK-004-20260708-05,NRG-OSA-OSK-004,petrus.hamutenya.00405,2026-07-08T07:00:00,2026-07-08T21:00:00,till_operator
SH-NRG-OSI-TSU-009-20260708-01,NRG-OSI-TSU-009,selma.amadhila.00901,2026-07-08T07:00:00,2026-07-08T21:00:00,till_operator
SH-NRG-OSI-TSU-009-20260708-02,NRG-OSI-TSU-009,selma.nuugulu.00902,2026-07-08T07:00:00,2026-07-08T21:00:00,till_operator
SH-NRG-OSI-TSU-009-20260708-03,NRG-OSI-TSU-009,selma.kavari.00903,2026-07-08T07:00:00,2026-07-08T21:00:00,till_operator
SH-NRG-OSI-TSU-009-20260708-04,NRG-OSI-TSU-009,selma.haufiku.00904,2026-07-08T07:00:00,2026-07-08T21:00:00,till_operator
SH-NRG-OTJ-OTW-006-20260708-01,NRG-OTJ-OTW-006,nela.nakale.00601,2026-07-08T07:00:00,2026-07-08T21:00:00,till_operator
SH-NRG-OTJ-OTW-006-20260708-02,NRG-OTJ-OTW-006,nela.shikongo.00602,2026-07-08T07:00:00,2026-07-08T21:00:00,till_operator
SH-NRG-OTJ-OTW-006-20260708-03,NRG-OTJ-OTW-006,nela.hamutenya.00603,2026-07-08T07:00:00,2026-07-08T21:00:00,till_operator
SH-NRG-OTJ-OTW-006-20260708-04,NRG-OTJ-OTW-006,nela.amadhila.00604,2026-07-08T07:00:00,2026-07-08T21:00:00,till_operator
SH-NRG-OTJ-OTW-006-20260708-05,NRG-OTJ-OTW-006,nela.nuugulu.00605,2026-07-08T07:00:00,2026-07-08T21:00:00,till_operator
SH-NRG-ZAM-KTM-008-20260708-01,NRG-ZAM-KTM-008,elina.hamutenya.00801,2026-07-08T07:00:00,2026-07-08T21:00:00,till_operator
SH-NRG-ZAM-KTM-008-20260708-02,NRG-ZAM-KTM-008,elina.amadhila.00802,2026-07-08T07:00:00,2026-07-08T21:00:00,till_operator
SH-NRG-ZAM-KTM-008-20260708-03,NRG-ZAM-KTM-008,elina.nuugulu.00803,2026-07-08T07:00:00,2026-07-08T21:00:00,till_operator
SH-NRG-ZAM-KTM-008-20260708-04,NRG-ZAM-KTM-008,elina.kavari.00804,2026-07-08T07:00:00,2026-07-08T21:00:00,till_operator
SH-NRG-ERG-SWK-003-20260709-01,NRG-ERG-SWK-003,ndapewa.kavari.00301,2026-07-09T07:00:00,2026-07-09T21:00:00,till_operator
SH-NRG-ERG-SWK-003-20260709-02,NRG-ERG-SWK-003,ndapewa.haufiku.00302,2026-07-09T07:00:00,2026-07-09T21:00:00,till_operator
SH-NRG-ERG-SWK-003-20260709-03,NRG-ERG-SWK-003,ndapewa.mbeha.00303,2026-07-09T07:00:00,2026-07-09T21:00:00,till_operator
SH-NRG-ERG-SWK-003-20260709-04,NRG-ERG-SWK-003,ndapewa.nakale.00304,2026-07-09T07:00:00,2026-07-09T21:00:00,till_operator
SH-NRG-ERG-SWK-003-20260709-05,NRG-ERG-SWK-003,ndapewa.shikongo.00305,2026-07-09T07:00:00,2026-07-09T21:00:00,till_operator
SH-NRG-ERG-WVB-002-20260709-01,NRG-ERG-WVB-002,anna.nuugulu.00201,2026-07-09T07:00:00,2026-07-09T21:00:00,till_operator
SH-NRG-ERG-WVB-002-20260709-02,NRG-ERG-WVB-002,anna.kavari.00202,2026-07-09T07:00:00,2026-07-09T21:00:00,till_operator
SH-NRG-ERG-WVB-002-20260709-03,NRG-ERG-WVB-002,anna.haufiku.00203,2026-07-09T07:00:00,2026-07-09T21:00:00,till_operator
SH-NRG-ERG-WVB-002-20260709-04,NRG-ERG-WVB-002,anna.mbeha.00204,2026-07-09T07:00:00,2026-07-09T21:00:00,till_operator
SH-NRG-ERG-WVB-002-20260709-05,NRG-ERG-WVB-002,anna.nakale.00205,2026-07-09T07:00:00,2026-07-09T21:00:00,till_operator
SH-NRG-HAR-REH-011-20260709-01,NRG-HAR-REH-011,ndapewa.kavari.01101,2026-07-09T07:00:00,2026-07-09T21:00:00,till_operator
SH-NRG-HAR-REH-011-20260709-02,NRG-HAR-REH-011,ndapewa.haufiku.01102,2026-07-09T07:00:00,2026-07-09T21:00:00,till_operator
SH-NRG-HAR-REH-011-20260709-03,NRG-HAR-REH-011,ndapewa.mbeha.01103,2026-07-09T07:00:00,2026-07-09T21:00:00,till_operator
SH-NRG-HAR-REH-011-20260709-04,NRG-HAR-REH-011,ndapewa.nakale.01104,2026-07-09T07:00:00,2026-07-09T21:00:00,till_operator
SH-NRG-KHA-KTM-007-20260709-01,NRG-KHA-KTM-007,paulus.shikongo.00701,2026-07-09T07:00:00,2026-07-09T21:00:00,till_operator
SH-NRG-KHA-KTM-007-20260709-02,NRG-KHA-KTM-007,paulus.hamutenya.00702,2026-07-09T07:00:00,2026-07-09T21:00:00,till_operator
SH-NRG-KHA-KTM-007-20260709-03,NRG-KHA-KTM-007,paulus.amadhila.00703,2026-07-09T07:00:00,2026-07-09T21:00:00,till_operator
SH-NRG-KHA-KTM-007-20260709-04,NRG-KHA-KTM-007,paulus.nuugulu.00704,2026-07-09T07:00:00,2026-07-09T21:00:00,till_operator
SH-NRG-KHO-WDH-001-20260709-01,NRG-KHO-WDH-001,selma.amadhila.00101,2026-07-09T07:00:00,2026-07-09T21:00:00,till_operator
SH-NRG-KHO-WDH-001-20260709-02,NRG-KHO-WDH-001,selma.nuugulu.00102,2026-07-09T07:00:00,2026-07-09T21:00:00,till_operator
SH-NRG-KHO-WDH-001-20260709-03,NRG-KHO-WDH-001,selma.kavari.00103,2026-07-09T07:00:00,2026-07-09T21:00:00,till_operator
SH-NRG-KHO-WDH-001-20260709-04,NRG-KHO-WDH-001,selma.haufiku.00104,2026-07-09T07:00:00,2026-07-09T21:00:00,till_operator
SH-NRG-KHO-WDH-001-20260709-05,NRG-KHO-WDH-001,selma.mbeha.00105,2026-07-09T07:00:00,2026-07-09T21:00:00,till_operator
SH-NRG-KVE-RUN-005-20260709-01,NRG-KVE-RUN-005,martha.mbeha.00501,2026-07-09T07:00:00,2026-07-09T21:00:00,till_operator
SH-NRG-KVE-RUN-005-20260709-02,NRG-KVE-RUN-005,martha.nakale.00502,2026-07-09T07:00:00,2026-07-09T21:00:00,till_operator
SH-NRG-KVE-RUN-005-20260709-03,NRG-KVE-RUN-005,martha.shikongo.00503,2026-07-09T07:00:00,2026-07-09T21:00:00,till_operator
SH-NRG-KVE-RUN-005-20260709-04,NRG-KVE-RUN-005,martha.hamutenya.00504,2026-07-09T07:00:00,2026-07-09T21:00:00,till_operator
SH-NRG-KVE-RUN-005-20260709-05,NRG-KVE-RUN-005,martha.amadhila.00505,2026-07-09T07:00:00,2026-07-09T21:00:00,till_operator
SH-NRG-OME-GOB-010-20260709-01,NRG-OME-GOB-010,anna.nuugulu.01001,2026-07-09T07:00:00,2026-07-09T21:00:00,till_operator
SH-NRG-OME-GOB-010-20260709-02,NRG-OME-GOB-010,anna.kavari.01002,2026-07-09T07:00:00,2026-07-09T21:00:00,till_operator
SH-NRG-OME-GOB-010-20260709-03,NRG-OME-GOB-010,anna.haufiku.01003,2026-07-09T07:00:00,2026-07-09T21:00:00,till_operator
SH-NRG-OME-GOB-010-20260709-04,NRG-OME-GOB-010,anna.mbeha.01004,2026-07-09T07:00:00,2026-07-09T21:00:00,till_operator
SH-NRG-OSA-OND-012-20260709-01,NRG-OSA-OND-012,petrus.haufiku.01201,2026-07-09T07:00:00,2026-07-09T21:00:00,till_operator
SH-NRG-OSA-OND-012-20260709-02,NRG-OSA-OND-012,petrus.mbeha.01202,2026-07-09T07:00:00,2026-07-09T21:00:00,till_operator
SH-NRG-OSA-OND-012-20260709-03,NRG-OSA-OND-012,petrus.nakale.01203,2026-07-09T07:00:00,2026-07-09T21:00:00,till_operator
SH-NRG-OSA-OND-012-20260709-04,NRG-OSA-OND-012,petrus.shikongo.01204,2026-07-09T07:00:00,2026-07-09T21:00:00,till_operator
SH-NRG-OSA-OSK-004-20260709-01,NRG-OSA-OSK-004,petrus.haufiku.00401,2026-07-09T07:00:00,2026-07-09T21:00:00,till_operator
SH-NRG-OSA-OSK-004-20260709-02,NRG-OSA-OSK-004,petrus.mbeha.00402,2026-07-09T07:00:00,2026-07-09T21:00:00,till_operator
SH-NRG-OSA-OSK-004-20260709-03,NRG-OSA-OSK-004,petrus.nakale.00403,2026-07-09T07:00:00,2026-07-09T21:00:00,till_operator
SH-NRG-OSA-OSK-004-20260709-04,NRG-OSA-OSK-004,petrus.shikongo.00404,2026-07-09T07:00:00,2026-07-09T21:00:00,till_operator
SH-NRG-OSA-OSK-004-20260709-05,NRG-OSA-OSK-004,petrus.hamutenya.00405,2026-07-09T07:00:00,2026-07-09T21:00:00,till_operator
SH-NRG-OSI-TSU-009-20260709-01,NRG-OSI-TSU-009,selma.amadhila.00901,2026-07-09T07:00:00,2026-07-09T21:00:00,till_operator
SH-NRG-OSI-TSU-009-20260709-02,NRG-OSI-TSU-009,selma.nuugulu.00902,2026-07-09T07:00:00,2026-07-09T21:00:00,till_operator
SH-NRG-OSI-TSU-009-20260709-03,NRG-OSI-TSU-009,selma.kavari.00903,2026-07-09T07:00:00,2026-07-09T21:00:00,till_operator
SH-NRG-OSI-TSU-009-20260709-04,NRG-OSI-TSU-009,selma.haufiku.00904,2026-07-09T07:00:00,2026-07-09T21:00:00,till_operator
SH-NRG-OTJ-OTW-006-20260709-01,NRG-OTJ-OTW-006,nela.nakale.00601,2026-07-09T07:00:00,2026-07-09T21:00:00,till_operator
SH-NRG-OTJ-OTW-006-20260709-02,NRG-OTJ-OTW-006,nela.shikongo.00602,2026-07-09T07:00:00,2026-07-09T21:00:00,till_operator
SH-NRG-OTJ-OTW-006-20260709-03,NRG-OTJ-OTW-006,nela.hamutenya.00603,2026-07-09T07:00:00,2026-07-09T21:00:00,till_operator
SH-NRG-OTJ-OTW-006-20260709-04,NRG-OTJ-OTW-006,nela.amadhila.00604,2026-07-09T07:00:00,2026-07-09T21:00:00,till_operator
SH-NRG-OTJ-OTW-006-20260709-05,NRG-OTJ-OTW-006,nela.nuugulu.00605,2026-07-09T07:00:00,2026-07-09T21:00:00,till_operator
SH-NRG-ZAM-KTM-008-20260709-01,NRG-ZAM-KTM-008,elina.hamutenya.00801,2026-07-09T07:00:00,2026-07-09T21:00:00,till_operator
SH-NRG-ZAM-KTM-008-20260709-02,NRG-ZAM-KTM-008,elina.amadhila.00802,2026-07-09T07:00:00,2026-07-09T21:00:00,till_operator
SH-NRG-ZAM-KTM-008-20260709-03,NRG-ZAM-KTM-008,elina.nuugulu.00803,2026-07-09T07:00:00,2026-07-09T21:00:00,till_operator
SH-NRG-ZAM-KTM-008-20260709-04,NRG-ZAM-KTM-008,elina.kavari.00804,2026-07-09T07:00:00,2026-07-09T21:00:00,till_operator
SH-NRG-ERG-SWK-003-20260710-01,NRG-ERG-SWK-003,ndapewa.kavari.00301,2026-07-10T07:00:00,2026-07-10T21:00:00,till_operator
SH-NRG-ERG-SWK-003-20260710-02,NRG-ERG-SWK-003,ndapewa.haufiku.00302,2026-07-10T07:00:00,2026-07-10T21:00:00,till_operator
SH-NRG-ERG-SWK-003-20260710-03,NRG-ERG-SWK-003,ndapewa.mbeha.00303,2026-07-10T07:00:00,2026-07-10T21:00:00,till_operator
SH-NRG-ERG-SWK-003-20260710-04,NRG-ERG-SWK-003,ndapewa.nakale.00304,2026-07-10T07:00:00,2026-07-10T21:00:00,till_operator
SH-NRG-ERG-SWK-003-20260710-05,NRG-ERG-SWK-003,ndapewa.shikongo.00305,2026-07-10T07:00:00,2026-07-10T21:00:00,till_operator
SH-NRG-ERG-WVB-002-20260710-01,NRG-ERG-WVB-002,anna.nuugulu.00201,2026-07-10T07:00:00,2026-07-10T21:00:00,till_operator
SH-NRG-ERG-WVB-002-20260710-02,NRG-ERG-WVB-002,anna.kavari.00202,2026-07-10T07:00:00,2026-07-10T21:00:00,till_operator
SH-NRG-ERG-WVB-002-20260710-03,NRG-ERG-WVB-002,anna.haufiku.00203,2026-07-10T07:00:00,2026-07-10T21:00:00,till_operator
SH-NRG-ERG-WVB-002-20260710-04,NRG-ERG-WVB-002,anna.mbeha.00204,2026-07-10T07:00:00,2026-07-10T21:00:00,till_operator
SH-NRG-ERG-WVB-002-20260710-05,NRG-ERG-WVB-002,anna.nakale.00205,2026-07-10T07:00:00,2026-07-10T21:00:00,till_operator
SH-NRG-HAR-REH-011-20260710-01,NRG-HAR-REH-011,ndapewa.kavari.01101,2026-07-10T07:00:00,2026-07-10T21:00:00,till_operator
SH-NRG-HAR-REH-011-20260710-02,NRG-HAR-REH-011,ndapewa.haufiku.01102,2026-07-10T07:00:00,2026-07-10T21:00:00,till_operator
SH-NRG-HAR-REH-011-20260710-03,NRG-HAR-REH-011,ndapewa.mbeha.01103,2026-07-10T07:00:00,2026-07-10T21:00:00,till_operator
SH-NRG-HAR-REH-011-20260710-04,NRG-HAR-REH-011,ndapewa.nakale.01104,2026-07-10T07:00:00,2026-07-10T21:00:00,till_operator
SH-NRG-KHA-KTM-007-20260710-01,NRG-KHA-KTM-007,paulus.shikongo.00701,2026-07-10T07:00:00,2026-07-10T21:00:00,till_operator
SH-NRG-KHA-KTM-007-20260710-02,NRG-KHA-KTM-007,paulus.hamutenya.00702,2026-07-10T07:00:00,2026-07-10T21:00:00,till_operator
SH-NRG-KHA-KTM-007-20260710-03,NRG-KHA-KTM-007,paulus.amadhila.00703,2026-07-10T07:00:00,2026-07-10T21:00:00,till_operator
SH-NRG-KHA-KTM-007-20260710-04,NRG-KHA-KTM-007,paulus.nuugulu.00704,2026-07-10T07:00:00,2026-07-10T21:00:00,till_operator
SH-NRG-KHO-WDH-001-20260710-01,NRG-KHO-WDH-001,selma.amadhila.00101,2026-07-10T07:00:00,2026-07-10T21:00:00,till_operator
SH-NRG-KHO-WDH-001-20260710-02,NRG-KHO-WDH-001,selma.nuugulu.00102,2026-07-10T07:00:00,2026-07-10T21:00:00,till_operator
SH-NRG-KHO-WDH-001-20260710-03,NRG-KHO-WDH-001,selma.kavari.00103,2026-07-10T07:00:00,2026-07-10T21:00:00,till_operator
SH-NRG-KHO-WDH-001-20260710-04,NRG-KHO-WDH-001,selma.haufiku.00104,2026-07-10T07:00:00,2026-07-10T21:00:00,till_operator
SH-NRG-KHO-WDH-001-20260710-05,NRG-KHO-WDH-001,selma.mbeha.00105,2026-07-10T07:00:00,2026-07-10T21:00:00,till_operator
SH-NRG-KVE-RUN-005-20260710-01,NRG-KVE-RUN-005,martha.mbeha.00501,2026-07-10T07:00:00,2026-07-10T21:00:00,till_operator
SH-NRG-KVE-RUN-005-20260710-02,NRG-KVE-RUN-005,martha.nakale.00502,2026-07-10T07:00:00,2026-07-10T21:00:00,till_operator
SH-NRG-KVE-RUN-005-20260710-03,NRG-KVE-RUN-005,martha.shikongo.00503,2026-07-10T07:00:00,2026-07-10T21:00:00,till_operator
SH-NRG-KVE-RUN-005-20260710-04,NRG-KVE-RUN-005,martha.hamutenya.00504,2026-07-10T07:00:00,2026-07-10T21:00:00,till_operator
SH-NRG-KVE-RUN-005-20260710-05,NRG-KVE-RUN-005,martha.amadhila.00505,2026-07-10T07:00:00,2026-07-10T21:00:00,till_operator
SH-NRG-OME-GOB-010-20260710-01,NRG-OME-GOB-010,anna.nuugulu.01001,2026-07-10T07:00:00,2026-07-10T21:00:00,till_operator
SH-NRG-OME-GOB-010-20260710-02,NRG-OME-GOB-010,anna.kavari.01002,2026-07-10T07:00:00,2026-07-10T21:00:00,till_operator
SH-NRG-OME-GOB-010-20260710-03,NRG-OME-GOB-010,anna.haufiku.01003,2026-07-10T07:00:00,2026-07-10T21:00:00,till_operator
SH-NRG-OME-GOB-010-20260710-04,NRG-OME-GOB-010,anna.mbeha.01004,2026-07-10T07:00:00,2026-07-10T21:00:00,till_operator
SH-NRG-OSA-OND-012-20260710-01,NRG-OSA-OND-012,petrus.haufiku.01201,2026-07-10T07:00:00,2026-07-10T21:00:00,till_operator
SH-NRG-OSA-OND-012-20260710-02,NRG-OSA-OND-012,petrus.mbeha.01202,2026-07-10T07:00:00,2026-07-10T21:00:00,till_operator
SH-NRG-OSA-OND-012-20260710-03,NRG-OSA-OND-012,petrus.nakale.01203,2026-07-10T07:00:00,2026-07-10T21:00:00,till_operator
SH-NRG-OSA-OND-012-20260710-04,NRG-OSA-OND-012,petrus.shikongo.01204,2026-07-10T07:00:00,2026-07-10T21:00:00,till_operator
SH-NRG-OSA-OSK-004-20260710-01,NRG-OSA-OSK-004,petrus.haufiku.00401,2026-07-10T07:00:00,2026-07-10T21:00:00,till_operator
SH-NRG-OSA-OSK-004-20260710-02,NRG-OSA-OSK-004,petrus.mbeha.00402,2026-07-10T07:00:00,2026-07-10T21:00:00,till_operator
SH-NRG-OSA-OSK-004-20260710-03,NRG-OSA-OSK-004,petrus.nakale.00403,2026-07-10T07:00:00,2026-07-10T21:00:00,till_operator
SH-NRG-OSA-OSK-004-20260710-04,NRG-OSA-OSK-004,petrus.shikongo.00404,2026-07-10T07:00:00,2026-07-10T21:00:00,till_operator
SH-NRG-OSA-OSK-004-20260710-05,NRG-OSA-OSK-004,petrus.hamutenya.00405,2026-07-10T07:00:00,2026-07-10T21:00:00,till_operator
SH-NRG-OSI-TSU-009-20260710-01,NRG-OSI-TSU-009,selma.amadhila.00901,2026-07-10T07:00:00,2026-07-10T21:00:00,till_operator
SH-NRG-OSI-TSU-009-20260710-02,NRG-OSI-TSU-009,selma.nuugulu.00902,2026-07-10T07:00:00,2026-07-10T21:00:00,till_operator
SH-NRG-OSI-TSU-009-20260710-03,NRG-OSI-TSU-009,selma.kavari.00903,2026-07-10T07:00:00,2026-07-10T21:00:00,till_operator
SH-NRG-OSI-TSU-009-20260710-04,NRG-OSI-TSU-009,selma.haufiku.00904,2026-07-10T07:00:00,2026-07-10T21:00:00,till_operator
SH-NRG-OTJ-OTW-006-20260710-01,NRG-OTJ-OTW-006,nela.nakale.00601,2026-07-10T07:00:00,2026-07-10T21:00:00,till_operator
SH-NRG-OTJ-OTW-006-20260710-02,NRG-OTJ-OTW-006,nela.shikongo.00602,2026-07-10T07:00:00,2026-07-10T21:00:00,till_operator
SH-NRG-OTJ-OTW-006-20260710-03,NRG-OTJ-OTW-006,nela.hamutenya.00603,2026-07-10T07:00:00,2026-07-10T21:00:00,till_operator
SH-NRG-OTJ-OTW-006-20260710-04,NRG-OTJ-OTW-006,nela.amadhila.00604,2026-07-10T07:00:00,2026-07-10T21:00:00,till_operator
SH-NRG-OTJ-OTW-006-20260710-05,NRG-OTJ-OTW-006,nela.nuugulu.00605,2026-07-10T07:00:00,2026-07-10T21:00:00,till_operator
SH-NRG-ZAM-KTM-008-20260710-01,NRG-ZAM-KTM-008,elina.hamutenya.00801,2026-07-10T07:00:00,2026-07-10T21:00:00,till_operator
SH-NRG-ZAM-KTM-008-20260710-02,NRG-ZAM-KTM-008,elina.amadhila.00802,2026-07-10T07:00:00,2026-07-10T21:00:00,till_operator
SH-NRG-ZAM-KTM-008-20260710-03,NRG-ZAM-KTM-008,elina.nuugulu.00803,2026-07-10T07:00:00,2026-07-10T21:00:00,till_operator
SH-NRG-ZAM-KTM-008-20260710-04,NRG-ZAM-KTM-008,elina.kavari.00804,2026-07-10T07:00:00,2026-07-10T21:00:00,till_operator
SH-NRG-ERG-SWK-003-20260711-01,NRG-ERG-SWK-003,ndapewa.kavari.00301,2026-07-11T07:00:00,2026-07-11T21:00:00,till_operator
SH-NRG-ERG-SWK-003-20260711-02,NRG-ERG-SWK-003,ndapewa.haufiku.00302,2026-07-11T07:00:00,2026-07-11T21:00:00,till_operator
SH-NRG-ERG-SWK-003-20260711-03,NRG-ERG-SWK-003,ndapewa.mbeha.00303,2026-07-11T07:00:00,2026-07-11T21:00:00,till_operator
SH-NRG-ERG-SWK-003-20260711-04,NRG-ERG-SWK-003,ndapewa.nakale.00304,2026-07-11T07:00:00,2026-07-11T21:00:00,till_operator
SH-NRG-ERG-SWK-003-20260711-05,NRG-ERG-SWK-003,ndapewa.shikongo.00305,2026-07-11T07:00:00,2026-07-11T21:00:00,till_operator
SH-NRG-ERG-WVB-002-20260711-01,NRG-ERG-WVB-002,anna.nuugulu.00201,2026-07-11T07:00:00,2026-07-11T21:00:00,till_operator
SH-NRG-ERG-WVB-002-20260711-02,NRG-ERG-WVB-002,anna.kavari.00202,2026-07-11T07:00:00,2026-07-11T21:00:00,till_operator
SH-NRG-ERG-WVB-002-20260711-03,NRG-ERG-WVB-002,anna.haufiku.00203,2026-07-11T07:00:00,2026-07-11T21:00:00,till_operator
SH-NRG-ERG-WVB-002-20260711-04,NRG-ERG-WVB-002,anna.mbeha.00204,2026-07-11T07:00:00,2026-07-11T21:00:00,till_operator
SH-NRG-ERG-WVB-002-20260711-05,NRG-ERG-WVB-002,anna.nakale.00205,2026-07-11T07:00:00,2026-07-11T21:00:00,till_operator
SH-NRG-HAR-REH-011-20260711-01,NRG-HAR-REH-011,ndapewa.kavari.01101,2026-07-11T07:00:00,2026-07-11T21:00:00,till_operator
SH-NRG-HAR-REH-011-20260711-02,NRG-HAR-REH-011,ndapewa.haufiku.01102,2026-07-11T07:00:00,2026-07-11T21:00:00,till_operator
SH-NRG-HAR-REH-011-20260711-03,NRG-HAR-REH-011,ndapewa.mbeha.01103,2026-07-11T07:00:00,2026-07-11T21:00:00,till_operator
SH-NRG-HAR-REH-011-20260711-04,NRG-HAR-REH-011,ndapewa.nakale.01104,2026-07-11T07:00:00,2026-07-11T21:00:00,till_operator
SH-NRG-KHA-KTM-007-20260711-01,NRG-KHA-KTM-007,paulus.shikongo.00701,2026-07-11T07:00:00,2026-07-11T21:00:00,till_operator
SH-NRG-KHA-KTM-007-20260711-02,NRG-KHA-KTM-007,paulus.hamutenya.00702,2026-07-11T07:00:00,2026-07-11T21:00:00,till_operator
SH-NRG-KHA-KTM-007-20260711-03,NRG-KHA-KTM-007,paulus.amadhila.00703,2026-07-11T07:00:00,2026-07-11T21:00:00,till_operator
SH-NRG-KHA-KTM-007-20260711-04,NRG-KHA-KTM-007,paulus.nuugulu.00704,2026-07-11T07:00:00,2026-07-11T21:00:00,till_operator
SH-NRG-KHO-WDH-001-20260711-01,NRG-KHO-WDH-001,selma.amadhila.00101,2026-07-11T07:00:00,2026-07-11T21:00:00,till_operator
SH-NRG-KHO-WDH-001-20260711-02,NRG-KHO-WDH-001,selma.nuugulu.00102,2026-07-11T07:00:00,2026-07-11T21:00:00,till_operator
SH-NRG-KHO-WDH-001-20260711-03,NRG-KHO-WDH-001,selma.kavari.00103,2026-07-11T07:00:00,2026-07-11T21:00:00,till_operator
SH-NRG-KHO-WDH-001-20260711-04,NRG-KHO-WDH-001,selma.haufiku.00104,2026-07-11T07:00:00,2026-07-11T21:00:00,till_operator
SH-NRG-KHO-WDH-001-20260711-05,NRG-KHO-WDH-001,selma.mbeha.00105,2026-07-11T07:00:00,2026-07-11T21:00:00,till_operator
SH-NRG-KVE-RUN-005-20260711-01,NRG-KVE-RUN-005,martha.mbeha.00501,2026-07-11T07:00:00,2026-07-11T21:00:00,till_operator
SH-NRG-KVE-RUN-005-20260711-02,NRG-KVE-RUN-005,martha.nakale.00502,2026-07-11T07:00:00,2026-07-11T21:00:00,till_operator
SH-NRG-KVE-RUN-005-20260711-03,NRG-KVE-RUN-005,martha.shikongo.00503,2026-07-11T07:00:00,2026-07-11T21:00:00,till_operator
SH-NRG-KVE-RUN-005-20260711-04,NRG-KVE-RUN-005,martha.hamutenya.00504,2026-07-11T07:00:00,2026-07-11T21:00:00,till_operator
SH-NRG-KVE-RUN-005-20260711-05,NRG-KVE-RUN-005,martha.amadhila.00505,2026-07-11T07:00:00,2026-07-11T21:00:00,till_operator
SH-NRG-OME-GOB-010-20260711-01,NRG-OME-GOB-010,anna.nuugulu.01001,2026-07-11T07:00:00,2026-07-11T21:00:00,till_operator
SH-NRG-OME-GOB-010-20260711-02,NRG-OME-GOB-010,anna.kavari.01002,2026-07-11T07:00:00,2026-07-11T21:00:00,till_operator
SH-NRG-OME-GOB-010-20260711-03,NRG-OME-GOB-010,anna.haufiku.01003,2026-07-11T07:00:00,2026-07-11T21:00:00,till_operator
SH-NRG-OME-GOB-010-20260711-04,NRG-OME-GOB-010,anna.mbeha.01004,2026-07-11T07:00:00,2026-07-11T21:00:00,till_operator
SH-NRG-OSA-OND-012-20260711-01,NRG-OSA-OND-012,petrus.haufiku.01201,2026-07-11T07:00:00,2026-07-11T21:00:00,till_operator
SH-NRG-OSA-OND-012-20260711-02,NRG-OSA-OND-012,petrus.mbeha.01202,2026-07-11T07:00:00,2026-07-11T21:00:00,till_operator
SH-NRG-OSA-OND-012-20260711-03,NRG-OSA-OND-012,petrus.nakale.01203,2026-07-11T07:00:00,2026-07-11T21:00:00,till_operator
SH-NRG-OSA-OND-012-20260711-04,NRG-OSA-OND-012,petrus.shikongo.01204,2026-07-11T07:00:00,2026-07-11T21:00:00,till_operator
SH-NRG-OSA-OSK-004-20260711-01,NRG-OSA-OSK-004,petrus.haufiku.00401,2026-07-11T07:00:00,2026-07-11T21:00:00,till_operator
SH-NRG-OSA-OSK-004-20260711-02,NRG-OSA-OSK-004,petrus.mbeha.00402,2026-07-11T07:00:00,2026-07-11T21:00:00,till_operator
SH-NRG-OSA-OSK-004-20260711-03,NRG-OSA-OSK-004,petrus.nakale.00403,2026-07-11T07:00:00,2026-07-11T21:00:00,till_operator
SH-NRG-OSA-OSK-004-20260711-04,NRG-OSA-OSK-004,petrus.shikongo.00404,2026-07-11T07:00:00,2026-07-11T21:00:00,till_operator
SH-NRG-OSA-OSK-004-20260711-05,NRG-OSA-OSK-004,petrus.hamutenya.00405,2026-07-11T07:00:00,2026-07-11T21:00:00,till_operator
SH-NRG-OSI-TSU-009-20260711-01,NRG-OSI-TSU-009,selma.amadhila.00901,2026-07-11T07:00:00,2026-07-11T21:00:00,till_operator
SH-NRG-OSI-TSU-009-20260711-02,NRG-OSI-TSU-009,selma.nuugulu.00902,2026-07-11T07:00:00,2026-07-11T21:00:00,till_operator
SH-NRG-OSI-TSU-009-20260711-03,NRG-OSI-TSU-009,selma.kavari.00903,2026-07-11T07:00:00,2026-07-11T21:00:00,till_operator
SH-NRG-OSI-TSU-009-20260711-04,NRG-OSI-TSU-009,selma.haufiku.00904,2026-07-11T07:00:00,2026-07-11T21:00:00,till_operator
SH-NRG-OTJ-OTW-006-20260711-01,NRG-OTJ-OTW-006,nela.nakale.00601,2026-07-11T07:00:00,2026-07-11T21:00:00,till_operator
SH-NRG-OTJ-OTW-006-20260711-02,NRG-OTJ-OTW-006,nela.shikongo.00602,2026-07-11T07:00:00,2026-07-11T21:00:00,till_operator
SH-NRG-OTJ-OTW-006-20260711-03,NRG-OTJ-OTW-006,nela.hamutenya.00603,2026-07-11T07:00:00,2026-07-11T21:00:00,till_operator
SH-NRG-OTJ-OTW-006-20260711-04,NRG-OTJ-OTW-006,nela.amadhila.00604,2026-07-11T07:00:00,2026-07-11T21:00:00,till_operator
SH-NRG-OTJ-OTW-006-20260711-05,NRG-OTJ-OTW-006,nela.nuugulu.00605,2026-07-11T07:00:00,2026-07-11T21:00:00,till_operator
SH-NRG-ZAM-KTM-008-20260711-01,NRG-ZAM-KTM-008,elina.hamutenya.00801,2026-07-11T07:00:00,2026-07-11T21:00:00,till_operator
SH-NRG-ZAM-KTM-008-20260711-02,NRG-ZAM-KTM-008,elina.amadhila.00802,2026-07-11T07:00:00,2026-07-11T21:00:00,till_operator
SH-NRG-ZAM-KTM-008-20260711-03,NRG-ZAM-KTM-008,elina.nuugulu.00803,2026-07-11T07:00:00,2026-07-11T21:00:00,till_operator
SH-NRG-ZAM-KTM-008-20260711-04,NRG-ZAM-KTM-008,elina.kavari.00804,2026-07-11T07:00:00,2026-07-11T21:00:00,till_operator
SH-NRG-ERG-SWK-003-20260712-01,NRG-ERG-SWK-003,ndapewa.kavari.00301,2026-07-12T07:00:00,2026-07-12T21:00:00,till_operator
SH-NRG-ERG-SWK-003-20260712-02,NRG-ERG-SWK-003,ndapewa.haufiku.00302,2026-07-12T07:00:00,2026-07-12T21:00:00,till_operator
SH-NRG-ERG-SWK-003-20260712-03,NRG-ERG-SWK-003,ndapewa.mbeha.00303,2026-07-12T07:00:00,2026-07-12T21:00:00,till_operator
SH-NRG-ERG-SWK-003-20260712-04,NRG-ERG-SWK-003,ndapewa.nakale.00304,2026-07-12T07:00:00,2026-07-12T21:00:00,till_operator
SH-NRG-ERG-SWK-003-20260712-05,NRG-ERG-SWK-003,ndapewa.shikongo.00305,2026-07-12T07:00:00,2026-07-12T21:00:00,till_operator
SH-NRG-ERG-WVB-002-20260712-01,NRG-ERG-WVB-002,anna.nuugulu.00201,2026-07-12T07:00:00,2026-07-12T21:00:00,till_operator
SH-NRG-ERG-WVB-002-20260712-02,NRG-ERG-WVB-002,anna.kavari.00202,2026-07-12T07:00:00,2026-07-12T21:00:00,till_operator
SH-NRG-ERG-WVB-002-20260712-03,NRG-ERG-WVB-002,anna.haufiku.00203,2026-07-12T07:00:00,2026-07-12T21:00:00,till_operator
SH-NRG-ERG-WVB-002-20260712-04,NRG-ERG-WVB-002,anna.mbeha.00204,2026-07-12T07:00:00,2026-07-12T21:00:00,till_operator
SH-NRG-ERG-WVB-002-20260712-05,NRG-ERG-WVB-002,anna.nakale.00205,2026-07-12T07:00:00,2026-07-12T21:00:00,till_operator
SH-NRG-HAR-REH-011-20260712-01,NRG-HAR-REH-011,ndapewa.kavari.01101,2026-07-12T07:00:00,2026-07-12T21:00:00,till_operator
SH-NRG-HAR-REH-011-20260712-02,NRG-HAR-REH-011,ndapewa.haufiku.01102,2026-07-12T07:00:00,2026-07-12T21:00:00,till_operator
SH-NRG-HAR-REH-011-20260712-03,NRG-HAR-REH-011,ndapewa.mbeha.01103,2026-07-12T07:00:00,2026-07-12T21:00:00,till_operator
SH-NRG-HAR-REH-011-20260712-04,NRG-HAR-REH-011,ndapewa.nakale.01104,2026-07-12T07:00:00,2026-07-12T21:00:00,till_operator
SH-NRG-KHA-KTM-007-20260712-01,NRG-KHA-KTM-007,paulus.shikongo.00701,2026-07-12T07:00:00,2026-07-12T21:00:00,till_operator
SH-NRG-KHA-KTM-007-20260712-02,NRG-KHA-KTM-007,paulus.hamutenya.00702,2026-07-12T07:00:00,2026-07-12T21:00:00,till_operator
SH-NRG-KHA-KTM-007-20260712-03,NRG-KHA-KTM-007,paulus.amadhila.00703,2026-07-12T07:00:00,2026-07-12T21:00:00,till_operator
SH-NRG-KHA-KTM-007-20260712-04,NRG-KHA-KTM-007,paulus.nuugulu.00704,2026-07-12T07:00:00,2026-07-12T21:00:00,till_operator
SH-NRG-KHO-WDH-001-20260712-01,NRG-KHO-WDH-001,selma.amadhila.00101,2026-07-12T07:00:00,2026-07-12T21:00:00,till_operator
SH-NRG-KHO-WDH-001-20260712-02,NRG-KHO-WDH-001,selma.nuugulu.00102,2026-07-12T07:00:00,2026-07-12T21:00:00,till_operator
SH-NRG-KHO-WDH-001-20260712-03,NRG-KHO-WDH-001,selma.kavari.00103,2026-07-12T07:00:00,2026-07-12T21:00:00,till_operator
SH-NRG-KHO-WDH-001-20260712-04,NRG-KHO-WDH-001,selma.haufiku.00104,2026-07-12T07:00:00,2026-07-12T21:00:00,till_operator
SH-NRG-KHO-WDH-001-20260712-05,NRG-KHO-WDH-001,selma.mbeha.00105,2026-07-12T07:00:00,2026-07-12T21:00:00,till_operator
SH-NRG-KVE-RUN-005-20260712-01,NRG-KVE-RUN-005,martha.mbeha.00501,2026-07-12T07:00:00,2026-07-12T21:00:00,till_operator
SH-NRG-KVE-RUN-005-20260712-02,NRG-KVE-RUN-005,martha.nakale.00502,2026-07-12T07:00:00,2026-07-12T21:00:00,till_operator
SH-NRG-KVE-RUN-005-20260712-03,NRG-KVE-RUN-005,martha.shikongo.00503,2026-07-12T07:00:00,2026-07-12T21:00:00,till_operator
SH-NRG-KVE-RUN-005-20260712-04,NRG-KVE-RUN-005,martha.hamutenya.00504,2026-07-12T07:00:00,2026-07-12T21:00:00,till_operator
SH-NRG-KVE-RUN-005-20260712-05,NRG-KVE-RUN-005,martha.amadhila.00505,2026-07-12T07:00:00,2026-07-12T21:00:00,till_operator
SH-NRG-OME-GOB-010-20260712-01,NRG-OME-GOB-010,anna.nuugulu.01001,2026-07-12T07:00:00,2026-07-12T21:00:00,till_operator
SH-NRG-OME-GOB-010-20260712-02,NRG-OME-GOB-010,anna.kavari.01002,2026-07-12T07:00:00,2026-07-12T21:00:00,till_operator
SH-NRG-OME-GOB-010-20260712-03,NRG-OME-GOB-010,anna.haufiku.01003,2026-07-12T07:00:00,2026-07-12T21:00:00,till_operator
SH-NRG-OME-GOB-010-20260712-04,NRG-OME-GOB-010,anna.mbeha.01004,2026-07-12T07:00:00,2026-07-12T21:00:00,till_operator
SH-NRG-OSA-OND-012-20260712-01,NRG-OSA-OND-012,petrus.haufiku.01201,2026-07-12T07:00:00,2026-07-12T21:00:00,till_operator
SH-NRG-OSA-OND-012-20260712-02,NRG-OSA-OND-012,petrus.mbeha.01202,2026-07-12T07:00:00,2026-07-12T21:00:00,till_operator
SH-NRG-OSA-OND-012-20260712-03,NRG-OSA-OND-012,petrus.nakale.01203,2026-07-12T07:00:00,2026-07-12T21:00:00,till_operator
SH-NRG-OSA-OND-012-20260712-04,NRG-OSA-OND-012,petrus.shikongo.01204,2026-07-12T07:00:00,2026-07-12T21:00:00,till_operator
SH-NRG-OSA-OSK-004-20260712-01,NRG-OSA-OSK-004,petrus.haufiku.00401,2026-07-12T07:00:00,2026-07-12T21:00:00,till_operator
SH-NRG-OSA-OSK-004-20260712-02,NRG-OSA-OSK-004,petrus.mbeha.00402,2026-07-12T07:00:00,2026-07-12T21:00:00,till_operator
SH-NRG-OSA-OSK-004-20260712-03,NRG-OSA-OSK-004,petrus.nakale.00403,2026-07-12T07:00:00,2026-07-12T21:00:00,till_operator
SH-NRG-OSA-OSK-004-20260712-04,NRG-OSA-OSK-004,petrus.shikongo.00404,2026-07-12T07:00:00,2026-07-12T21:00:00,till_operator
SH-NRG-OSA-OSK-004-20260712-05,NRG-OSA-OSK-004,petrus.hamutenya.00405,2026-07-12T07:00:00,2026-07-12T21:00:00,till_operator
SH-NRG-OSI-TSU-009-20260712-01,NRG-OSI-TSU-009,selma.amadhila.00901,2026-07-12T07:00:00,2026-07-12T21:00:00,till_operator
SH-NRG-OSI-TSU-009-20260712-02,NRG-OSI-TSU-009,selma.nuugulu.00902,2026-07-12T07:00:00,2026-07-12T21:00:00,till_operator
SH-NRG-OSI-TSU-009-20260712-03,NRG-OSI-TSU-009,selma.kavari.00903,2026-07-12T07:00:00,2026-07-12T21:00:00,till_operator
SH-NRG-OSI-TSU-009-20260712-04,NRG-OSI-TSU-009,selma.haufiku.00904,2026-07-12T07:00:00,2026-07-12T21:00:00,till_operator
SH-NRG-OTJ-OTW-006-20260712-01,NRG-OTJ-OTW-006,nela.nakale.00601,2026-07-12T07:00:00,2026-07-12T21:00:00,till_operator
SH-NRG-OTJ-OTW-006-20260712-02,NRG-OTJ-OTW-006,nela.shikongo.00602,2026-07-12T07:00:00,2026-07-12T21:00:00,till_operator
SH-NRG-OTJ-OTW-006-20260712-03,NRG-OTJ-OTW-006,nela.hamutenya.00603,2026-07-12T07:00:00,2026-07-12T21:00:00,till_operator
SH-NRG-OTJ-OTW-006-20260712-04,NRG-OTJ-OTW-006,nela.amadhila.00604,2026-07-12T07:00:00,2026-07-12T21:00:00,till_operator
SH-NRG-OTJ-OTW-006-20260712-05,NRG-OTJ-OTW-006,nela.nuugulu.00605,2026-07-12T07:00:00,2026-07-12T21:00:00,till_operator
SH-NRG-ZAM-KTM-008-20260712-01,NRG-ZAM-KTM-008,elina.hamutenya.00801,2026-07-12T07:00:00,2026-07-12T21:00:00,till_operator
SH-NRG-ZAM-KTM-008-20260712-02,NRG-ZAM-KTM-008,elina.amadhila.00802,2026-07-12T07:00:00,2026-07-12T21:00:00,till_operator
SH-NRG-ZAM-KTM-008-20260712-03,NRG-ZAM-KTM-008,elina.nuugulu.00803,2026-07-12T07:00:00,2026-07-12T21:00:00,till_operator
SH-NRG-ZAM-KTM-008-20260712-04,NRG-ZAM-KTM-008,elina.kavari.00804,2026-07-12T07:00:00,2026-07-12T21:00:00,till_operator
SH-NRG-ERG-SWK-003-20260713-01,NRG-ERG-SWK-003,ndapewa.kavari.00301,2026-07-13T07:00:00,2026-07-13T21:00:00,till_operator
SH-NRG-ERG-SWK-003-20260713-02,NRG-ERG-SWK-003,ndapewa.haufiku.00302,2026-07-13T07:00:00,2026-07-13T21:00:00,till_operator
SH-NRG-ERG-SWK-003-20260713-03,NRG-ERG-SWK-003,ndapewa.mbeha.00303,2026-07-13T07:00:00,2026-07-13T21:00:00,till_operator
SH-NRG-ERG-SWK-003-20260713-04,NRG-ERG-SWK-003,ndapewa.nakale.00304,2026-07-13T07:00:00,2026-07-13T21:00:00,till_operator
SH-NRG-ERG-SWK-003-20260713-05,NRG-ERG-SWK-003,ndapewa.shikongo.00305,2026-07-13T07:00:00,2026-07-13T21:00:00,till_operator
SH-NRG-ERG-WVB-002-20260713-01,NRG-ERG-WVB-002,anna.nuugulu.00201,2026-07-13T07:00:00,2026-07-13T21:00:00,till_operator
SH-NRG-ERG-WVB-002-20260713-02,NRG-ERG-WVB-002,anna.kavari.00202,2026-07-13T07:00:00,2026-07-13T21:00:00,till_operator
SH-NRG-ERG-WVB-002-20260713-03,NRG-ERG-WVB-002,anna.haufiku.00203,2026-07-13T07:00:00,2026-07-13T21:00:00,till_operator
SH-NRG-ERG-WVB-002-20260713-04,NRG-ERG-WVB-002,anna.mbeha.00204,2026-07-13T07:00:00,2026-07-13T21:00:00,till_operator
SH-NRG-ERG-WVB-002-20260713-05,NRG-ERG-WVB-002,anna.nakale.00205,2026-07-13T07:00:00,2026-07-13T21:00:00,till_operator
SH-NRG-HAR-REH-011-20260713-01,NRG-HAR-REH-011,ndapewa.kavari.01101,2026-07-13T07:00:00,2026-07-13T21:00:00,till_operator
SH-NRG-HAR-REH-011-20260713-02,NRG-HAR-REH-011,ndapewa.haufiku.01102,2026-07-13T07:00:00,2026-07-13T21:00:00,till_operator
SH-NRG-HAR-REH-011-20260713-03,NRG-HAR-REH-011,ndapewa.mbeha.01103,2026-07-13T07:00:00,2026-07-13T21:00:00,till_operator
SH-NRG-HAR-REH-011-20260713-04,NRG-HAR-REH-011,ndapewa.nakale.01104,2026-07-13T07:00:00,2026-07-13T21:00:00,till_operator
SH-NRG-KHA-KTM-007-20260713-01,NRG-KHA-KTM-007,paulus.shikongo.00701,2026-07-13T07:00:00,2026-07-13T21:00:00,till_operator
SH-NRG-KHA-KTM-007-20260713-02,NRG-KHA-KTM-007,paulus.hamutenya.00702,2026-07-13T07:00:00,2026-07-13T21:00:00,till_operator
SH-NRG-KHA-KTM-007-20260713-03,NRG-KHA-KTM-007,paulus.amadhila.00703,2026-07-13T07:00:00,2026-07-13T21:00:00,till_operator
SH-NRG-KHA-KTM-007-20260713-04,NRG-KHA-KTM-007,paulus.nuugulu.00704,2026-07-13T07:00:00,2026-07-13T21:00:00,till_operator
SH-NRG-KHO-WDH-001-20260713-01,NRG-KHO-WDH-001,selma.amadhila.00101,2026-07-13T07:00:00,2026-07-13T21:00:00,till_operator
SH-NRG-KHO-WDH-001-20260713-02,NRG-KHO-WDH-001,selma.nuugulu.00102,2026-07-13T07:00:00,2026-07-13T21:00:00,till_operator
SH-NRG-KHO-WDH-001-20260713-03,NRG-KHO-WDH-001,selma.kavari.00103,2026-07-13T07:00:00,2026-07-13T21:00:00,till_operator
SH-NRG-KHO-WDH-001-20260713-04,NRG-KHO-WDH-001,selma.haufiku.00104,2026-07-13T07:00:00,2026-07-13T21:00:00,till_operator
SH-NRG-KHO-WDH-001-20260713-05,NRG-KHO-WDH-001,selma.mbeha.00105,2026-07-13T07:00:00,2026-07-13T21:00:00,till_operator
SH-NRG-KVE-RUN-005-20260713-01,NRG-KVE-RUN-005,martha.mbeha.00501,2026-07-13T07:00:00,2026-07-13T21:00:00,till_operator
SH-NRG-KVE-RUN-005-20260713-02,NRG-KVE-RUN-005,martha.nakale.00502,2026-07-13T07:00:00,2026-07-13T21:00:00,till_operator
SH-NRG-KVE-RUN-005-20260713-03,NRG-KVE-RUN-005,martha.shikongo.00503,2026-07-13T07:00:00,2026-07-13T21:00:00,till_operator
SH-NRG-KVE-RUN-005-20260713-04,NRG-KVE-RUN-005,martha.hamutenya.00504,2026-07-13T07:00:00,2026-07-13T21:00:00,till_operator
SH-NRG-KVE-RUN-005-20260713-05,NRG-KVE-RUN-005,martha.amadhila.00505,2026-07-13T07:00:00,2026-07-13T21:00:00,till_operator
SH-NRG-OME-GOB-010-20260713-01,NRG-OME-GOB-010,anna.nuugulu.01001,2026-07-13T07:00:00,2026-07-13T21:00:00,till_operator
SH-NRG-OME-GOB-010-20260713-02,NRG-OME-GOB-010,anna.kavari.01002,2026-07-13T07:00:00,2026-07-13T21:00:00,till_operator
SH-NRG-OME-GOB-010-20260713-03,NRG-OME-GOB-010,anna.haufiku.01003,2026-07-13T07:00:00,2026-07-13T21:00:00,till_operator
SH-NRG-OME-GOB-010-20260713-04,NRG-OME-GOB-010,anna.mbeha.01004,2026-07-13T07:00:00,2026-07-13T21:00:00,till_operator
SH-NRG-OSA-OND-012-20260713-01,NRG-OSA-OND-012,petrus.haufiku.01201,2026-07-13T07:00:00,2026-07-13T21:00:00,till_operator
SH-NRG-OSA-OND-012-20260713-02,NRG-OSA-OND-012,petrus.mbeha.01202,2026-07-13T07:00:00,2026-07-13T21:00:00,till_operator
SH-NRG-OSA-OND-012-20260713-03,NRG-OSA-OND-012,petrus.nakale.01203,2026-07-13T07:00:00,2026-07-13T21:00:00,till_operator
SH-NRG-OSA-OND-012-20260713-04,NRG-OSA-OND-012,petrus.shikongo.01204,2026-07-13T07:00:00,2026-07-13T21:00:00,till_operator
SH-NRG-OSA-OSK-004-20260713-01,NRG-OSA-OSK-004,petrus.haufiku.00401,2026-07-13T07:00:00,2026-07-13T21:00:00,till_operator
SH-NRG-OSA-OSK-004-20260713-02,NRG-OSA-OSK-004,petrus.mbeha.00402,2026-07-13T07:00:00,2026-07-13T21:00:00,till_operator
SH-NRG-OSA-OSK-004-20260713-03,NRG-OSA-OSK-004,petrus.nakale.00403,2026-07-13T07:00:00,2026-07-13T21:00:00,till_operator
SH-NRG-OSA-OSK-004-20260713-04,NRG-OSA-OSK-004,petrus.shikongo.00404,2026-07-13T07:00:00,2026-07-13T21:00:00,till_operator
SH-NRG-OSA-OSK-004-20260713-05,NRG-OSA-OSK-004,petrus.hamutenya.00405,2026-07-13T07:00:00,2026-07-13T21:00:00,till_operator
SH-NRG-OSI-TSU-009-20260713-01,NRG-OSI-TSU-009,selma.amadhila.00901,2026-07-13T07:00:00,2026-07-13T21:00:00,till_operator
SH-NRG-OSI-TSU-009-20260713-02,NRG-OSI-TSU-009,selma.nuugulu.00902,2026-07-13T07:00:00,2026-07-13T21:00:00,till_operator
SH-NRG-OSI-TSU-009-20260713-03,NRG-OSI-TSU-009,selma.kavari.00903,2026-07-13T07:00:00,2026-07-13T21:00:00,till_operator
SH-NRG-OSI-TSU-009-20260713-04,NRG-OSI-TSU-009,selma.haufiku.00904,2026-07-13T07:00:00,2026-07-13T21:00:00,till_operator
SH-NRG-OTJ-OTW-006-20260713-01,NRG-OTJ-OTW-006,nela.nakale.00601,2026-07-13T07:00:00,2026-07-13T21:00:00,till_operator
SH-NRG-OTJ-OTW-006-20260713-02,NRG-OTJ-OTW-006,nela.shikongo.00602,2026-07-13T07:00:00,2026-07-13T21:00:00,till_operator
SH-NRG-OTJ-OTW-006-20260713-03,NRG-OTJ-OTW-006,nela.hamutenya.00603,2026-07-13T07:00:00,2026-07-13T21:00:00,till_operator
SH-NRG-OTJ-OTW-006-20260713-04,NRG-OTJ-OTW-006,nela.amadhila.00604,2026-07-13T07:00:00,2026-07-13T21:00:00,till_operator
SH-NRG-OTJ-OTW-006-20260713-05,NRG-OTJ-OTW-006,nela.nuugulu.00605,2026-07-13T07:00:00,2026-07-13T21:00:00,till_operator
SH-NRG-ZAM-KTM-008-20260713-01,NRG-ZAM-KTM-008,elina.hamutenya.00801,2026-07-13T07:00:00,2026-07-13T21:00:00,till_operator
SH-NRG-ZAM-KTM-008-20260713-02,NRG-ZAM-KTM-008,elina.amadhila.00802,2026-07-13T07:00:00,2026-07-13T21:00:00,till_operator
SH-NRG-ZAM-KTM-008-20260713-03,NRG-ZAM-KTM-008,elina.nuugulu.00803,2026-07-13T07:00:00,2026-07-13T21:00:00,till_operator
SH-NRG-ZAM-KTM-008-20260713-04,NRG-ZAM-KTM-008,elina.kavari.00804,2026-07-13T07:00:00,2026-07-13T21:00:00,till_operator
SH-NRG-ERG-SWK-003-20260714-01,NRG-ERG-SWK-003,ndapewa.kavari.00301,2026-07-14T07:00:00,2026-07-14T21:00:00,till_operator
SH-NRG-ERG-SWK-003-20260714-02,NRG-ERG-SWK-003,ndapewa.haufiku.00302,2026-07-14T07:00:00,2026-07-14T21:00:00,till_operator
SH-NRG-ERG-SWK-003-20260714-03,NRG-ERG-SWK-003,ndapewa.mbeha.00303,2026-07-14T07:00:00,2026-07-14T21:00:00,till_operator
SH-NRG-ERG-SWK-003-20260714-04,NRG-ERG-SWK-003,ndapewa.nakale.00304,2026-07-14T07:00:00,2026-07-14T21:00:00,till_operator
SH-NRG-ERG-SWK-003-20260714-05,NRG-ERG-SWK-003,ndapewa.shikongo.00305,2026-07-14T07:00:00,2026-07-14T21:00:00,till_operator
SH-NRG-ERG-WVB-002-20260714-01,NRG-ERG-WVB-002,anna.nuugulu.00201,2026-07-14T07:00:00,2026-07-14T21:00:00,till_operator
SH-NRG-ERG-WVB-002-20260714-02,NRG-ERG-WVB-002,anna.kavari.00202,2026-07-14T07:00:00,2026-07-14T21:00:00,till_operator
SH-NRG-ERG-WVB-002-20260714-03,NRG-ERG-WVB-002,anna.haufiku.00203,2026-07-14T07:00:00,2026-07-14T21:00:00,till_operator
SH-NRG-ERG-WVB-002-20260714-04,NRG-ERG-WVB-002,anna.mbeha.00204,2026-07-14T07:00:00,2026-07-14T21:00:00,till_operator
SH-NRG-ERG-WVB-002-20260714-05,NRG-ERG-WVB-002,anna.nakale.00205,2026-07-14T07:00:00,2026-07-14T21:00:00,till_operator
SH-NRG-HAR-REH-011-20260714-01,NRG-HAR-REH-011,ndapewa.kavari.01101,2026-07-14T07:00:00,2026-07-14T21:00:00,till_operator
SH-NRG-HAR-REH-011-20260714-02,NRG-HAR-REH-011,ndapewa.haufiku.01102,2026-07-14T07:00:00,2026-07-14T21:00:00,till_operator
SH-NRG-HAR-REH-011-20260714-03,NRG-HAR-REH-011,ndapewa.mbeha.01103,2026-07-14T07:00:00,2026-07-14T21:00:00,till_operator
SH-NRG-HAR-REH-011-20260714-04,NRG-HAR-REH-011,ndapewa.nakale.01104,2026-07-14T07:00:00,2026-07-14T21:00:00,till_operator
SH-NRG-KHA-KTM-007-20260714-01,NRG-KHA-KTM-007,paulus.shikongo.00701,2026-07-14T07:00:00,2026-07-14T21:00:00,till_operator
SH-NRG-KHA-KTM-007-20260714-02,NRG-KHA-KTM-007,paulus.hamutenya.00702,2026-07-14T07:00:00,2026-07-14T21:00:00,till_operator
SH-NRG-KHA-KTM-007-20260714-03,NRG-KHA-KTM-007,paulus.amadhila.00703,2026-07-14T07:00:00,2026-07-14T21:00:00,till_operator
SH-NRG-KHA-KTM-007-20260714-04,NRG-KHA-KTM-007,paulus.nuugulu.00704,2026-07-14T07:00:00,2026-07-14T21:00:00,till_operator
SH-NRG-KHO-WDH-001-20260714-01,NRG-KHO-WDH-001,selma.amadhila.00101,2026-07-14T07:00:00,2026-07-14T21:00:00,till_operator
SH-NRG-KHO-WDH-001-20260714-02,NRG-KHO-WDH-001,selma.nuugulu.00102,2026-07-14T07:00:00,2026-07-14T21:00:00,till_operator
SH-NRG-KHO-WDH-001-20260714-03,NRG-KHO-WDH-001,selma.kavari.00103,2026-07-14T07:00:00,2026-07-14T21:00:00,till_operator
SH-NRG-KHO-WDH-001-20260714-04,NRG-KHO-WDH-001,selma.haufiku.00104,2026-07-14T07:00:00,2026-07-14T21:00:00,till_operator
SH-NRG-KHO-WDH-001-20260714-05,NRG-KHO-WDH-001,selma.mbeha.00105,2026-07-14T07:00:00,2026-07-14T21:00:00,till_operator
SH-NRG-KVE-RUN-005-20260714-01,NRG-KVE-RUN-005,martha.mbeha.00501,2026-07-14T07:00:00,2026-07-14T21:00:00,till_operator
SH-NRG-KVE-RUN-005-20260714-02,NRG-KVE-RUN-005,martha.nakale.00502,2026-07-14T07:00:00,2026-07-14T21:00:00,till_operator
SH-NRG-KVE-RUN-005-20260714-03,NRG-KVE-RUN-005,martha.shikongo.00503,2026-07-14T07:00:00,2026-07-14T21:00:00,till_operator
SH-NRG-KVE-RUN-005-20260714-04,NRG-KVE-RUN-005,martha.hamutenya.00504,2026-07-14T07:00:00,2026-07-14T21:00:00,till_operator
SH-NRG-KVE-RUN-005-20260714-05,NRG-KVE-RUN-005,martha.amadhila.00505,2026-07-14T07:00:00,2026-07-14T21:00:00,till_operator
SH-NRG-OME-GOB-010-20260714-01,NRG-OME-GOB-010,anna.nuugulu.01001,2026-07-14T07:00:00,2026-07-14T21:00:00,till_operator
SH-NRG-OME-GOB-010-20260714-02,NRG-OME-GOB-010,anna.kavari.01002,2026-07-14T07:00:00,2026-07-14T21:00:00,till_operator
SH-NRG-OME-GOB-010-20260714-03,NRG-OME-GOB-010,anna.haufiku.01003,2026-07-14T07:00:00,2026-07-14T21:00:00,till_operator
SH-NRG-OME-GOB-010-20260714-04,NRG-OME-GOB-010,anna.mbeha.01004,2026-07-14T07:00:00,2026-07-14T21:00:00,till_operator
SH-NRG-OSA-OND-012-20260714-01,NRG-OSA-OND-012,petrus.haufiku.01201,2026-07-14T07:00:00,2026-07-14T21:00:00,till_operator
SH-NRG-OSA-OND-012-20260714-02,NRG-OSA-OND-012,petrus.mbeha.01202,2026-07-14T07:00:00,2026-07-14T21:00:00,till_operator
SH-NRG-OSA-OND-012-20260714-03,NRG-OSA-OND-012,petrus.nakale.01203,2026-07-14T07:00:00,2026-07-14T21:00:00,till_operator
SH-NRG-OSA-OND-012-20260714-04,NRG-OSA-OND-012,petrus.shikongo.01204,2026-07-14T07:00:00,2026-07-14T21:00:00,till_operator
SH-NRG-OSA-OSK-004-20260714-01,NRG-OSA-OSK-004,petrus.haufiku.00401,2026-07-14T07:00:00,2026-07-14T21:00:00,till_operator
SH-NRG-OSA-OSK-004-20260714-02,NRG-OSA-OSK-004,petrus.mbeha.00402,2026-07-14T07:00:00,2026-07-14T21:00:00,till_operator
SH-NRG-OSA-OSK-004-20260714-03,NRG-OSA-OSK-004,petrus.nakale.00403,2026-07-14T07:00:00,2026-07-14T21:00:00,till_operator
SH-NRG-OSA-OSK-004-20260714-04,NRG-OSA-OSK-004,petrus.shikongo.00404,2026-07-14T07:00:00,2026-07-14T21:00:00,till_operator
SH-NRG-OSA-OSK-004-20260714-05,NRG-OSA-OSK-004,petrus.hamutenya.00405,2026-07-14T07:00:00,2026-07-14T21:00:00,till_operator
SH-NRG-OSI-TSU-009-20260714-01,NRG-OSI-TSU-009,selma.amadhila.00901,2026-07-14T07:00:00,2026-07-14T21:00:00,till_operator
SH-NRG-OSI-TSU-009-20260714-02,NRG-OSI-TSU-009,selma.nuugulu.00902,2026-07-14T07:00:00,2026-07-14T21:00:00,till_operator
SH-NRG-OSI-TSU-009-20260714-03,NRG-OSI-TSU-009,selma.kavari.00903,2026-07-14T07:00:00,2026-07-14T21:00:00,till_operator
SH-NRG-OSI-TSU-009-20260714-04,NRG-OSI-TSU-009,selma.haufiku.00904,2026-07-14T07:00:00,2026-07-14T21:00:00,till_operator
SH-NRG-OTJ-OTW-006-20260714-01,NRG-OTJ-OTW-006,nela.nakale.00601,2026-07-14T07:00:00,2026-07-14T21:00:00,till_operator
SH-NRG-OTJ-OTW-006-20260714-02,NRG-OTJ-OTW-006,nela.shikongo.00602,2026-07-14T07:00:00,2026-07-14T21:00:00,till_operator
SH-NRG-OTJ-OTW-006-20260714-03,NRG-OTJ-OTW-006,nela.hamutenya.00603,2026-07-14T07:00:00,2026-07-14T21:00:00,till_operator
SH-NRG-OTJ-OTW-006-20260714-04,NRG-OTJ-OTW-006,nela.amadhila.00604,2026-07-14T07:00:00,2026-07-14T21:00:00,till_operator
SH-NRG-OTJ-OTW-006-20260714-05,NRG-OTJ-OTW-006,nela.nuugulu.00605,2026-07-14T07:00:00,2026-07-14T21:00:00,till_operator
SH-NRG-ZAM-KTM-008-20260714-01,NRG-ZAM-KTM-008,elina.hamutenya.00801,2026-07-14T07:00:00,2026-07-14T21:00:00,till_operator
SH-NRG-ZAM-KTM-008-20260714-02,NRG-ZAM-KTM-008,elina.amadhila.00802,2026-07-14T07:00:00,2026-07-14T21:00:00,till_operator
SH-NRG-ZAM-KTM-008-20260714-03,NRG-ZAM-KTM-008,elina.nuugulu.00803,2026-07-14T07:00:00,2026-07-14T21:00:00,till_operator
SH-NRG-ZAM-KTM-008-20260714-04,NRG-ZAM-KTM-008,elina.kavari.00804,2026-07-14T07:00:00,2026-07-14T21:00:00,till_operator
SH-NRG-ERG-SWK-003-20260715-01,NRG-ERG-SWK-003,ndapewa.kavari.00301,2026-07-15T07:00:00,2026-07-15T21:00:00,till_operator
SH-NRG-ERG-SWK-003-20260715-02,NRG-ERG-SWK-003,ndapewa.haufiku.00302,2026-07-15T07:00:00,2026-07-15T21:00:00,till_operator
SH-NRG-ERG-SWK-003-20260715-03,NRG-ERG-SWK-003,ndapewa.mbeha.00303,2026-07-15T07:00:00,2026-07-15T21:00:00,till_operator
SH-NRG-ERG-SWK-003-20260715-04,NRG-ERG-SWK-003,ndapewa.nakale.00304,2026-07-15T07:00:00,2026-07-15T21:00:00,till_operator
SH-NRG-ERG-SWK-003-20260715-05,NRG-ERG-SWK-003,ndapewa.shikongo.00305,2026-07-15T07:00:00,2026-07-15T21:00:00,till_operator
SH-NRG-ERG-WVB-002-20260715-01,NRG-ERG-WVB-002,anna.nuugulu.00201,2026-07-15T07:00:00,2026-07-15T21:00:00,till_operator
SH-NRG-ERG-WVB-002-20260715-02,NRG-ERG-WVB-002,anna.kavari.00202,2026-07-15T07:00:00,2026-07-15T21:00:00,till_operator
SH-NRG-ERG-WVB-002-20260715-03,NRG-ERG-WVB-002,anna.haufiku.00203,2026-07-15T07:00:00,2026-07-15T21:00:00,till_operator
SH-NRG-ERG-WVB-002-20260715-04,NRG-ERG-WVB-002,anna.mbeha.00204,2026-07-15T07:00:00,2026-07-15T21:00:00,till_operator
SH-NRG-ERG-WVB-002-20260715-05,NRG-ERG-WVB-002,anna.nakale.00205,2026-07-15T07:00:00,2026-07-15T21:00:00,till_operator
SH-NRG-HAR-REH-011-20260715-01,NRG-HAR-REH-011,ndapewa.kavari.01101,2026-07-15T07:00:00,2026-07-15T21:00:00,till_operator
SH-NRG-HAR-REH-011-20260715-02,NRG-HAR-REH-011,ndapewa.haufiku.01102,2026-07-15T07:00:00,2026-07-15T21:00:00,till_operator
SH-NRG-HAR-REH-011-20260715-03,NRG-HAR-REH-011,ndapewa.mbeha.01103,2026-07-15T07:00:00,2026-07-15T21:00:00,till_operator
SH-NRG-HAR-REH-011-20260715-04,NRG-HAR-REH-011,ndapewa.nakale.01104,2026-07-15T07:00:00,2026-07-15T21:00:00,till_operator
SH-NRG-KHA-KTM-007-20260715-01,NRG-KHA-KTM-007,paulus.shikongo.00701,2026-07-15T07:00:00,2026-07-15T21:00:00,till_operator
SH-NRG-KHA-KTM-007-20260715-02,NRG-KHA-KTM-007,paulus.hamutenya.00702,2026-07-15T07:00:00,2026-07-15T21:00:00,till_operator
SH-NRG-KHA-KTM-007-20260715-03,NRG-KHA-KTM-007,paulus.amadhila.00703,2026-07-15T07:00:00,2026-07-15T21:00:00,till_operator
SH-NRG-KHA-KTM-007-20260715-04,NRG-KHA-KTM-007,paulus.nuugulu.00704,2026-07-15T07:00:00,2026-07-15T21:00:00,till_operator
SH-NRG-KHO-WDH-001-20260715-01,NRG-KHO-WDH-001,selma.amadhila.00101,2026-07-15T07:00:00,2026-07-15T21:00:00,till_operator
SH-NRG-KHO-WDH-001-20260715-02,NRG-KHO-WDH-001,selma.nuugulu.00102,2026-07-15T07:00:00,2026-07-15T21:00:00,till_operator
SH-NRG-KHO-WDH-001-20260715-03,NRG-KHO-WDH-001,selma.kavari.00103,2026-07-15T07:00:00,2026-07-15T21:00:00,till_operator
SH-NRG-KHO-WDH-001-20260715-04,NRG-KHO-WDH-001,selma.haufiku.00104,2026-07-15T07:00:00,2026-07-15T21:00:00,till_operator
SH-NRG-KHO-WDH-001-20260715-05,NRG-KHO-WDH-001,selma.mbeha.00105,2026-07-15T07:00:00,2026-07-15T21:00:00,till_operator
SH-NRG-KVE-RUN-005-20260715-01,NRG-KVE-RUN-005,martha.mbeha.00501,2026-07-15T07:00:00,2026-07-15T21:00:00,till_operator
SH-NRG-KVE-RUN-005-20260715-02,NRG-KVE-RUN-005,martha.nakale.00502,2026-07-15T07:00:00,2026-07-15T21:00:00,till_operator
SH-NRG-KVE-RUN-005-20260715-03,NRG-KVE-RUN-005,martha.shikongo.00503,2026-07-15T07:00:00,2026-07-15T21:00:00,till_operator
SH-NRG-KVE-RUN-005-20260715-04,NRG-KVE-RUN-005,martha.hamutenya.00504,2026-07-15T07:00:00,2026-07-15T21:00:00,till_operator
SH-NRG-KVE-RUN-005-20260715-05,NRG-KVE-RUN-005,martha.amadhila.00505,2026-07-15T07:00:00,2026-07-15T21:00:00,till_operator
SH-NRG-OME-GOB-010-20260715-01,NRG-OME-GOB-010,anna.nuugulu.01001,2026-07-15T07:00:00,2026-07-15T21:00:00,till_operator
SH-NRG-OME-GOB-010-20260715-02,NRG-OME-GOB-010,anna.kavari.01002,2026-07-15T07:00:00,2026-07-15T21:00:00,till_operator
SH-NRG-OME-GOB-010-20260715-03,NRG-OME-GOB-010,anna.haufiku.01003,2026-07-15T07:00:00,2026-07-15T21:00:00,till_operator
SH-NRG-OME-GOB-010-20260715-04,NRG-OME-GOB-010,anna.mbeha.01004,2026-07-15T07:00:00,2026-07-15T21:00:00,till_operator
SH-NRG-OSA-OND-012-20260715-01,NRG-OSA-OND-012,petrus.haufiku.01201,2026-07-15T07:00:00,2026-07-15T21:00:00,till_operator
SH-NRG-OSA-OND-012-20260715-02,NRG-OSA-OND-012,petrus.mbeha.01202,2026-07-15T07:00:00,2026-07-15T21:00:00,till_operator
SH-NRG-OSA-OND-012-20260715-03,NRG-OSA-OND-012,petrus.nakale.01203,2026-07-15T07:00:00,2026-07-15T21:00:00,till_operator
SH-NRG-OSA-OND-012-20260715-04,NRG-OSA-OND-012,petrus.shikongo.01204,2026-07-15T07:00:00,2026-07-15T21:00:00,till_operator
SH-NRG-OSA-OSK-004-20260715-01,NRG-OSA-OSK-004,petrus.haufiku.00401,2026-07-15T07:00:00,2026-07-15T21:00:00,till_operator
SH-NRG-OSA-OSK-004-20260715-02,NRG-OSA-OSK-004,petrus.mbeha.00402,2026-07-15T07:00:00,2026-07-15T21:00:00,till_operator
SH-NRG-OSA-OSK-004-20260715-03,NRG-OSA-OSK-004,petrus.nakale.00403,2026-07-15T07:00:00,2026-07-15T21:00:00,till_operator
SH-NRG-OSA-OSK-004-20260715-04,NRG-OSA-OSK-004,petrus.shikongo.00404,2026-07-15T07:00:00,2026-07-15T21:00:00,till_operator
SH-NRG-OSA-OSK-004-20260715-05,NRG-OSA-OSK-004,petrus.hamutenya.00405,2026-07-15T07:00:00,2026-07-15T21:00:00,till_operator
SH-NRG-OSI-TSU-009-20260715-01,NRG-OSI-TSU-009,selma.amadhila.00901,2026-07-15T07:00:00,2026-07-15T21:00:00,till_operator
SH-NRG-OSI-TSU-009-20260715-02,NRG-OSI-TSU-009,selma.nuugulu.00902,2026-07-15T07:00:00,2026-07-15T21:00:00,till_operator
SH-NRG-OSI-TSU-009-20260715-03,NRG-OSI-TSU-009,selma.kavari.00903,2026-07-15T07:00:00,2026-07-15T21:00:00,till_operator
SH-NRG-OSI-TSU-009-20260715-04,NRG-OSI-TSU-009,selma.haufiku.00904,2026-07-15T07:00:00,2026-07-15T21:00:00,till_operator
SH-NRG-OTJ-OTW-006-20260715-01,NRG-OTJ-OTW-006,nela.nakale.00601,2026-07-15T07:00:00,2026-07-15T21:00:00,till_operator
SH-NRG-OTJ-OTW-006-20260715-02,NRG-OTJ-OTW-006,nela.shikongo.00602,2026-07-15T07:00:00,2026-07-15T21:00:00,till_operator
SH-NRG-OTJ-OTW-006-20260715-03,NRG-OTJ-OTW-006,nela.hamutenya.00603,2026-07-15T07:00:00,2026-07-15T21:00:00,till_operator
SH-NRG-OTJ-OTW-006-20260715-04,NRG-OTJ-OTW-006,nela.amadhila.00604,2026-07-15T07:00:00,2026-07-15T21:00:00,till_operator
SH-NRG-OTJ-OTW-006-20260715-05,NRG-OTJ-OTW-006,nela.nuugulu.00605,2026-07-15T07:00:00,2026-07-15T21:00:00,till_operator
SH-NRG-ZAM-KTM-008-20260715-01,NRG-ZAM-KTM-008,elina.hamutenya.00801,2026-07-15T07:00:00,2026-07-15T21:00:00,till_operator
SH-NRG-ZAM-KTM-008-20260715-02,NRG-ZAM-KTM-008,elina.amadhila.00802,2026-07-15T07:00:00,2026-07-15T21:00:00,till_operator
SH-NRG-ZAM-KTM-008-20260715-03,NRG-ZAM-KTM-008,elina.nuugulu.00803,2026-07-15T07:00:00,2026-07-15T21:00:00,till_operator
SH-NRG-ZAM-KTM-008-20260715-04,NRG-ZAM-KTM-008,elina.kavari.00804,2026-07-15T07:00:00,2026-07-15T21:00:00,till_operator
SH-NRG-ERG-SWK-003-20260716-01,NRG-ERG-SWK-003,ndapewa.kavari.00301,2026-07-16T07:00:00,2026-07-16T21:00:00,till_operator
SH-NRG-ERG-SWK-003-20260716-02,NRG-ERG-SWK-003,ndapewa.haufiku.00302,2026-07-16T07:00:00,2026-07-16T21:00:00,till_operator
SH-NRG-ERG-SWK-003-20260716-03,NRG-ERG-SWK-003,ndapewa.mbeha.00303,2026-07-16T07:00:00,2026-07-16T21:00:00,till_operator
SH-NRG-ERG-SWK-003-20260716-04,NRG-ERG-SWK-003,ndapewa.nakale.00304,2026-07-16T07:00:00,2026-07-16T21:00:00,till_operator
SH-NRG-ERG-SWK-003-20260716-05,NRG-ERG-SWK-003,ndapewa.shikongo.00305,2026-07-16T07:00:00,2026-07-16T21:00:00,till_operator
SH-NRG-ERG-WVB-002-20260716-01,NRG-ERG-WVB-002,anna.nuugulu.00201,2026-07-16T07:00:00,2026-07-16T21:00:00,till_operator
SH-NRG-ERG-WVB-002-20260716-02,NRG-ERG-WVB-002,anna.kavari.00202,2026-07-16T07:00:00,2026-07-16T21:00:00,till_operator
SH-NRG-ERG-WVB-002-20260716-03,NRG-ERG-WVB-002,anna.haufiku.00203,2026-07-16T07:00:00,2026-07-16T21:00:00,till_operator
SH-NRG-ERG-WVB-002-20260716-04,NRG-ERG-WVB-002,anna.mbeha.00204,2026-07-16T07:00:00,2026-07-16T21:00:00,till_operator
SH-NRG-ERG-WVB-002-20260716-05,NRG-ERG-WVB-002,anna.nakale.00205,2026-07-16T07:00:00,2026-07-16T21:00:00,till_operator
SH-NRG-HAR-REH-011-20260716-01,NRG-HAR-REH-011,ndapewa.kavari.01101,2026-07-16T07:00:00,2026-07-16T21:00:00,till_operator
SH-NRG-HAR-REH-011-20260716-02,NRG-HAR-REH-011,ndapewa.haufiku.01102,2026-07-16T07:00:00,2026-07-16T21:00:00,till_operator
SH-NRG-HAR-REH-011-20260716-03,NRG-HAR-REH-011,ndapewa.mbeha.01103,2026-07-16T07:00:00,2026-07-16T21:00:00,till_operator
SH-NRG-HAR-REH-011-20260716-04,NRG-HAR-REH-011,ndapewa.nakale.01104,2026-07-16T07:00:00,2026-07-16T21:00:00,till_operator
SH-NRG-KHA-KTM-007-20260716-01,NRG-KHA-KTM-007,paulus.shikongo.00701,2026-07-16T07:00:00,2026-07-16T21:00:00,till_operator
SH-NRG-KHA-KTM-007-20260716-02,NRG-KHA-KTM-007,paulus.hamutenya.00702,2026-07-16T07:00:00,2026-07-16T21:00:00,till_operator
SH-NRG-KHA-KTM-007-20260716-03,NRG-KHA-KTM-007,paulus.amadhila.00703,2026-07-16T07:00:00,2026-07-16T21:00:00,till_operator
SH-NRG-KHA-KTM-007-20260716-04,NRG-KHA-KTM-007,paulus.nuugulu.00704,2026-07-16T07:00:00,2026-07-16T21:00:00,till_operator
SH-NRG-KHO-WDH-001-20260716-01,NRG-KHO-WDH-001,selma.amadhila.00101,2026-07-16T07:00:00,2026-07-16T21:00:00,till_operator
SH-NRG-KHO-WDH-001-20260716-02,NRG-KHO-WDH-001,selma.nuugulu.00102,2026-07-16T07:00:00,2026-07-16T21:00:00,till_operator
SH-NRG-KHO-WDH-001-20260716-03,NRG-KHO-WDH-001,selma.kavari.00103,2026-07-16T07:00:00,2026-07-16T21:00:00,till_operator
SH-NRG-KHO-WDH-001-20260716-04,NRG-KHO-WDH-001,selma.haufiku.00104,2026-07-16T07:00:00,2026-07-16T21:00:00,till_operator
SH-NRG-KHO-WDH-001-20260716-05,NRG-KHO-WDH-001,selma.mbeha.00105,2026-07-16T07:00:00,2026-07-16T21:00:00,till_operator
SH-NRG-KVE-RUN-005-20260716-01,NRG-KVE-RUN-005,martha.mbeha.00501,2026-07-16T07:00:00,2026-07-16T21:00:00,till_operator
SH-NRG-KVE-RUN-005-20260716-02,NRG-KVE-RUN-005,martha.nakale.00502,2026-07-16T07:00:00,2026-07-16T21:00:00,till_operator
SH-NRG-KVE-RUN-005-20260716-03,NRG-KVE-RUN-005,martha.shikongo.00503,2026-07-16T07:00:00,2026-07-16T21:00:00,till_operator
SH-NRG-KVE-RUN-005-20260716-04,NRG-KVE-RUN-005,martha.hamutenya.00504,2026-07-16T07:00:00,2026-07-16T21:00:00,till_operator
SH-NRG-KVE-RUN-005-20260716-05,NRG-KVE-RUN-005,martha.amadhila.00505,2026-07-16T07:00:00,2026-07-16T21:00:00,till_operator
SH-NRG-OME-GOB-010-20260716-01,NRG-OME-GOB-010,anna.nuugulu.01001,2026-07-16T07:00:00,2026-07-16T21:00:00,till_operator
SH-NRG-OME-GOB-010-20260716-02,NRG-OME-GOB-010,anna.kavari.01002,2026-07-16T07:00:00,2026-07-16T21:00:00,till_operator
SH-NRG-OME-GOB-010-20260716-03,NRG-OME-GOB-010,anna.haufiku.01003,2026-07-16T07:00:00,2026-07-16T21:00:00,till_operator
SH-NRG-OME-GOB-010-20260716-04,NRG-OME-GOB-010,anna.mbeha.01004,2026-07-16T07:00:00,2026-07-16T21:00:00,till_operator
SH-NRG-OSA-OND-012-20260716-01,NRG-OSA-OND-012,petrus.haufiku.01201,2026-07-16T07:00:00,2026-07-16T21:00:00,till_operator
SH-NRG-OSA-OND-012-20260716-02,NRG-OSA-OND-012,petrus.mbeha.01202,2026-07-16T07:00:00,2026-07-16T21:00:00,till_operator
SH-NRG-OSA-OND-012-20260716-03,NRG-OSA-OND-012,petrus.nakale.01203,2026-07-16T07:00:00,2026-07-16T21:00:00,till_operator
SH-NRG-OSA-OND-012-20260716-04,NRG-OSA-OND-012,petrus.shikongo.01204,2026-07-16T07:00:00,2026-07-16T21:00:00,till_operator
SH-NRG-OSA-OSK-004-20260716-01,NRG-OSA-OSK-004,petrus.haufiku.00401,2026-07-16T07:00:00,2026-07-16T21:00:00,till_operator
SH-NRG-OSA-OSK-004-20260716-02,NRG-OSA-OSK-004,petrus.mbeha.00402,2026-07-16T07:00:00,2026-07-16T21:00:00,till_operator
SH-NRG-OSA-OSK-004-20260716-03,NRG-OSA-OSK-004,petrus.nakale.00403,2026-07-16T07:00:00,2026-07-16T21:00:00,till_operator
SH-NRG-OSA-OSK-004-20260716-04,NRG-OSA-OSK-004,petrus.shikongo.00404,2026-07-16T07:00:00,2026-07-16T21:00:00,till_operator
SH-NRG-OSA-OSK-004-20260716-05,NRG-OSA-OSK-004,petrus.hamutenya.00405,2026-07-16T07:00:00,2026-07-16T21:00:00,till_operator
SH-NRG-OSI-TSU-009-20260716-01,NRG-OSI-TSU-009,selma.amadhila.00901,2026-07-16T07:00:00,2026-07-16T21:00:00,till_operator
SH-NRG-OSI-TSU-009-20260716-02,NRG-OSI-TSU-009,selma.nuugulu.00902,2026-07-16T07:00:00,2026-07-16T21:00:00,till_operator
SH-NRG-OSI-TSU-009-20260716-03,NRG-OSI-TSU-009,selma.kavari.00903,2026-07-16T07:00:00,2026-07-16T21:00:00,till_operator
SH-NRG-OSI-TSU-009-20260716-04,NRG-OSI-TSU-009,selma.haufiku.00904,2026-07-16T07:00:00,2026-07-16T21:00:00,till_operator
SH-NRG-OTJ-OTW-006-20260716-01,NRG-OTJ-OTW-006,nela.nakale.00601,2026-07-16T07:00:00,2026-07-16T21:00:00,till_operator
SH-NRG-OTJ-OTW-006-20260716-02,NRG-OTJ-OTW-006,nela.shikongo.00602,2026-07-16T07:00:00,2026-07-16T21:00:00,till_operator
SH-NRG-OTJ-OTW-006-20260716-03,NRG-OTJ-OTW-006,nela.hamutenya.00603,2026-07-16T07:00:00,2026-07-16T21:00:00,till_operator
SH-NRG-OTJ-OTW-006-20260716-04,NRG-OTJ-OTW-006,nela.amadhila.00604,2026-07-16T07:00:00,2026-07-16T21:00:00,till_operator
SH-NRG-OTJ-OTW-006-20260716-05,NRG-OTJ-OTW-006,nela.nuugulu.00605,2026-07-16T07:00:00,2026-07-16T21:00:00,till_operator
SH-NRG-ZAM-KTM-008-20260716-01,NRG-ZAM-KTM-008,elina.hamutenya.00801,2026-07-16T07:00:00,2026-07-16T21:00:00,till_operator
SH-NRG-ZAM-KTM-008-20260716-02,NRG-ZAM-KTM-008,elina.amadhila.00802,2026-07-16T07:00:00,2026-07-16T21:00:00,till_operator
SH-NRG-ZAM-KTM-008-20260716-03,NRG-ZAM-KTM-008,elina.nuugulu.00803,2026-07-16T07:00:00,2026-07-16T21:00:00,till_operator
SH-NRG-ZAM-KTM-008-20260716-04,NRG-ZAM-KTM-008,elina.kavari.00804,2026-07-16T07:00:00,2026-07-16T21:00:00,till_operator
SH-NRG-ERG-SWK-003-20260717-01,NRG-ERG-SWK-003,ndapewa.kavari.00301,2026-07-17T07:00:00,2026-07-17T21:00:00,till_operator
SH-NRG-ERG-SWK-003-20260717-02,NRG-ERG-SWK-003,ndapewa.haufiku.00302,2026-07-17T07:00:00,2026-07-17T21:00:00,till_operator
SH-NRG-ERG-SWK-003-20260717-03,NRG-ERG-SWK-003,ndapewa.mbeha.00303,2026-07-17T07:00:00,2026-07-17T21:00:00,till_operator
SH-NRG-ERG-SWK-003-20260717-04,NRG-ERG-SWK-003,ndapewa.nakale.00304,2026-07-17T07:00:00,2026-07-17T21:00:00,till_operator
SH-NRG-ERG-SWK-003-20260717-05,NRG-ERG-SWK-003,ndapewa.shikongo.00305,2026-07-17T07:00:00,2026-07-17T21:00:00,till_operator
SH-NRG-ERG-WVB-002-20260717-01,NRG-ERG-WVB-002,anna.nuugulu.00201,2026-07-17T07:00:00,2026-07-17T21:00:00,till_operator
SH-NRG-ERG-WVB-002-20260717-02,NRG-ERG-WVB-002,anna.kavari.00202,2026-07-17T07:00:00,2026-07-17T21:00:00,till_operator
SH-NRG-ERG-WVB-002-20260717-03,NRG-ERG-WVB-002,anna.haufiku.00203,2026-07-17T07:00:00,2026-07-17T21:00:00,till_operator
SH-NRG-ERG-WVB-002-20260717-04,NRG-ERG-WVB-002,anna.mbeha.00204,2026-07-17T07:00:00,2026-07-17T21:00:00,till_operator
SH-NRG-ERG-WVB-002-20260717-05,NRG-ERG-WVB-002,anna.nakale.00205,2026-07-17T07:00:00,2026-07-17T21:00:00,till_operator
SH-NRG-HAR-REH-011-20260717-01,NRG-HAR-REH-011,ndapewa.kavari.01101,2026-07-17T07:00:00,2026-07-17T21:00:00,till_operator
SH-NRG-HAR-REH-011-20260717-02,NRG-HAR-REH-011,ndapewa.haufiku.01102,2026-07-17T07:00:00,2026-07-17T21:00:00,till_operator
SH-NRG-HAR-REH-011-20260717-03,NRG-HAR-REH-011,ndapewa.mbeha.01103,2026-07-17T07:00:00,2026-07-17T21:00:00,till_operator
SH-NRG-HAR-REH-011-20260717-04,NRG-HAR-REH-011,ndapewa.nakale.01104,2026-07-17T07:00:00,2026-07-17T21:00:00,till_operator
SH-NRG-KHA-KTM-007-20260717-01,NRG-KHA-KTM-007,paulus.shikongo.00701,2026-07-17T07:00:00,2026-07-17T21:00:00,till_operator
SH-NRG-KHA-KTM-007-20260717-02,NRG-KHA-KTM-007,paulus.hamutenya.00702,2026-07-17T07:00:00,2026-07-17T21:00:00,till_operator
SH-NRG-KHA-KTM-007-20260717-03,NRG-KHA-KTM-007,paulus.amadhila.00703,2026-07-17T07:00:00,2026-07-17T21:00:00,till_operator
SH-NRG-KHA-KTM-007-20260717-04,NRG-KHA-KTM-007,paulus.nuugulu.00704,2026-07-17T07:00:00,2026-07-17T21:00:00,till_operator
SH-NRG-KHO-WDH-001-20260717-01,NRG-KHO-WDH-001,selma.amadhila.00101,2026-07-17T07:00:00,2026-07-17T21:00:00,till_operator
SH-NRG-KHO-WDH-001-20260717-02,NRG-KHO-WDH-001,selma.nuugulu.00102,2026-07-17T07:00:00,2026-07-17T21:00:00,till_operator
SH-NRG-KHO-WDH-001-20260717-03,NRG-KHO-WDH-001,selma.kavari.00103,2026-07-17T07:00:00,2026-07-17T21:00:00,till_operator
SH-NRG-KHO-WDH-001-20260717-04,NRG-KHO-WDH-001,selma.haufiku.00104,2026-07-17T07:00:00,2026-07-17T21:00:00,till_operator
SH-NRG-KHO-WDH-001-20260717-05,NRG-KHO-WDH-001,selma.mbeha.00105,2026-07-17T07:00:00,2026-07-17T21:00:00,till_operator
SH-NRG-KVE-RUN-005-20260717-01,NRG-KVE-RUN-005,martha.mbeha.00501,2026-07-17T07:00:00,2026-07-17T21:00:00,till_operator
SH-NRG-KVE-RUN-005-20260717-02,NRG-KVE-RUN-005,martha.nakale.00502,2026-07-17T07:00:00,2026-07-17T21:00:00,till_operator
SH-NRG-KVE-RUN-005-20260717-03,NRG-KVE-RUN-005,martha.shikongo.00503,2026-07-17T07:00:00,2026-07-17T21:00:00,till_operator
SH-NRG-KVE-RUN-005-20260717-04,NRG-KVE-RUN-005,martha.hamutenya.00504,2026-07-17T07:00:00,2026-07-17T21:00:00,till_operator
SH-NRG-KVE-RUN-005-20260717-05,NRG-KVE-RUN-005,martha.amadhila.00505,2026-07-17T07:00:00,2026-07-17T21:00:00,till_operator
SH-NRG-OME-GOB-010-20260717-01,NRG-OME-GOB-010,anna.nuugulu.01001,2026-07-17T07:00:00,2026-07-17T21:00:00,till_operator
SH-NRG-OME-GOB-010-20260717-02,NRG-OME-GOB-010,anna.kavari.01002,2026-07-17T07:00:00,2026-07-17T21:00:00,till_operator
SH-NRG-OME-GOB-010-20260717-03,NRG-OME-GOB-010,anna.haufiku.01003,2026-07-17T07:00:00,2026-07-17T21:00:00,till_operator
SH-NRG-OME-GOB-010-20260717-04,NRG-OME-GOB-010,anna.mbeha.01004,2026-07-17T07:00:00,2026-07-17T21:00:00,till_operator
SH-NRG-OSA-OND-012-20260717-01,NRG-OSA-OND-012,petrus.haufiku.01201,2026-07-17T07:00:00,2026-07-17T21:00:00,till_operator
SH-NRG-OSA-OND-012-20260717-02,NRG-OSA-OND-012,petrus.mbeha.01202,2026-07-17T07:00:00,2026-07-17T21:00:00,till_operator
SH-NRG-OSA-OND-012-20260717-03,NRG-OSA-OND-012,petrus.nakale.01203,2026-07-17T07:00:00,2026-07-17T21:00:00,till_operator
SH-NRG-OSA-OND-012-20260717-04,NRG-OSA-OND-012,petrus.shikongo.01204,2026-07-17T07:00:00,2026-07-17T21:00:00,till_operator
SH-NRG-OSA-OSK-004-20260717-01,NRG-OSA-OSK-004,petrus.haufiku.00401,2026-07-17T07:00:00,2026-07-17T21:00:00,till_operator
SH-NRG-OSA-OSK-004-20260717-02,NRG-OSA-OSK-004,petrus.mbeha.00402,2026-07-17T07:00:00,2026-07-17T21:00:00,till_operator
SH-NRG-OSA-OSK-004-20260717-03,NRG-OSA-OSK-004,petrus.nakale.00403,2026-07-17T07:00:00,2026-07-17T21:00:00,till_operator
SH-NRG-OSA-OSK-004-20260717-04,NRG-OSA-OSK-004,petrus.shikongo.00404,2026-07-17T07:00:00,2026-07-17T21:00:00,till_operator
SH-NRG-OSA-OSK-004-20260717-05,NRG-OSA-OSK-004,petrus.hamutenya.00405,2026-07-17T07:00:00,2026-07-17T21:00:00,till_operator
SH-NRG-OSI-TSU-009-20260717-01,NRG-OSI-TSU-009,selma.amadhila.00901,2026-07-17T07:00:00,2026-07-17T21:00:00,till_operator
SH-NRG-OSI-TSU-009-20260717-02,NRG-OSI-TSU-009,selma.nuugulu.00902,2026-07-17T07:00:00,2026-07-17T21:00:00,till_operator
SH-NRG-OSI-TSU-009-20260717-03,NRG-OSI-TSU-009,selma.kavari.00903,2026-07-17T07:00:00,2026-07-17T21:00:00,till_operator
SH-NRG-OSI-TSU-009-20260717-04,NRG-OSI-TSU-009,selma.haufiku.00904,2026-07-17T07:00:00,2026-07-17T21:00:00,till_operator
SH-NRG-OTJ-OTW-006-20260717-01,NRG-OTJ-OTW-006,nela.nakale.00601,2026-07-17T07:00:00,2026-07-17T21:00:00,till_operator
SH-NRG-OTJ-OTW-006-20260717-02,NRG-OTJ-OTW-006,nela.shikongo.00602,2026-07-17T07:00:00,2026-07-17T21:00:00,till_operator
SH-NRG-OTJ-OTW-006-20260717-03,NRG-OTJ-OTW-006,nela.hamutenya.00603,2026-07-17T07:00:00,2026-07-17T21:00:00,till_operator
SH-NRG-OTJ-OTW-006-20260717-04,NRG-OTJ-OTW-006,nela.amadhila.00604,2026-07-17T07:00:00,2026-07-17T21:00:00,till_operator
SH-NRG-OTJ-OTW-006-20260717-05,NRG-OTJ-OTW-006,nela.nuugulu.00605,2026-07-17T07:00:00,2026-07-17T21:00:00,till_operator
SH-NRG-ZAM-KTM-008-20260717-01,NRG-ZAM-KTM-008,elina.hamutenya.00801,2026-07-17T07:00:00,2026-07-17T21:00:00,till_operator
SH-NRG-ZAM-KTM-008-20260717-02,NRG-ZAM-KTM-008,elina.amadhila.00802,2026-07-17T07:00:00,2026-07-17T21:00:00,till_operator
SH-NRG-ZAM-KTM-008-20260717-03,NRG-ZAM-KTM-008,elina.nuugulu.00803,2026-07-17T07:00:00,2026-07-17T21:00:00,till_operator
SH-NRG-ZAM-KTM-008-20260717-04,NRG-ZAM-KTM-008,elina.kavari.00804,2026-07-17T07:00:00,2026-07-17T21:00:00,till_operator
SH-NRG-ERG-SWK-003-20260718-01,NRG-ERG-SWK-003,ndapewa.kavari.00301,2026-07-18T07:00:00,2026-07-18T21:00:00,till_operator
SH-NRG-ERG-SWK-003-20260718-02,NRG-ERG-SWK-003,ndapewa.haufiku.00302,2026-07-18T07:00:00,2026-07-18T21:00:00,till_operator
SH-NRG-ERG-SWK-003-20260718-03,NRG-ERG-SWK-003,ndapewa.mbeha.00303,2026-07-18T07:00:00,2026-07-18T21:00:00,till_operator
SH-NRG-ERG-SWK-003-20260718-04,NRG-ERG-SWK-003,ndapewa.nakale.00304,2026-07-18T07:00:00,2026-07-18T21:00:00,till_operator
SH-NRG-ERG-SWK-003-20260718-05,NRG-ERG-SWK-003,ndapewa.shikongo.00305,2026-07-18T07:00:00,2026-07-18T21:00:00,till_operator
SH-NRG-ERG-WVB-002-20260718-01,NRG-ERG-WVB-002,anna.nuugulu.00201,2026-07-18T07:00:00,2026-07-18T21:00:00,till_operator
SH-NRG-ERG-WVB-002-20260718-02,NRG-ERG-WVB-002,anna.kavari.00202,2026-07-18T07:00:00,2026-07-18T21:00:00,till_operator
SH-NRG-ERG-WVB-002-20260718-03,NRG-ERG-WVB-002,anna.haufiku.00203,2026-07-18T07:00:00,2026-07-18T21:00:00,till_operator
SH-NRG-ERG-WVB-002-20260718-04,NRG-ERG-WVB-002,anna.mbeha.00204,2026-07-18T07:00:00,2026-07-18T21:00:00,till_operator
SH-NRG-ERG-WVB-002-20260718-05,NRG-ERG-WVB-002,anna.nakale.00205,2026-07-18T07:00:00,2026-07-18T21:00:00,till_operator
SH-NRG-HAR-REH-011-20260718-01,NRG-HAR-REH-011,ndapewa.kavari.01101,2026-07-18T07:00:00,2026-07-18T21:00:00,till_operator
SH-NRG-HAR-REH-011-20260718-02,NRG-HAR-REH-011,ndapewa.haufiku.01102,2026-07-18T07:00:00,2026-07-18T21:00:00,till_operator
SH-NRG-HAR-REH-011-20260718-03,NRG-HAR-REH-011,ndapewa.mbeha.01103,2026-07-18T07:00:00,2026-07-18T21:00:00,till_operator
SH-NRG-HAR-REH-011-20260718-04,NRG-HAR-REH-011,ndapewa.nakale.01104,2026-07-18T07:00:00,2026-07-18T21:00:00,till_operator
SH-NRG-KHA-KTM-007-20260718-01,NRG-KHA-KTM-007,paulus.shikongo.00701,2026-07-18T07:00:00,2026-07-18T21:00:00,till_operator
SH-NRG-KHA-KTM-007-20260718-02,NRG-KHA-KTM-007,paulus.hamutenya.00702,2026-07-18T07:00:00,2026-07-18T21:00:00,till_operator
SH-NRG-KHA-KTM-007-20260718-03,NRG-KHA-KTM-007,paulus.amadhila.00703,2026-07-18T07:00:00,2026-07-18T21:00:00,till_operator
SH-NRG-KHA-KTM-007-20260718-04,NRG-KHA-KTM-007,paulus.nuugulu.00704,2026-07-18T07:00:00,2026-07-18T21:00:00,till_operator
SH-NRG-KHO-WDH-001-20260718-01,NRG-KHO-WDH-001,selma.amadhila.00101,2026-07-18T07:00:00,2026-07-18T21:00:00,till_operator
SH-NRG-KHO-WDH-001-20260718-02,NRG-KHO-WDH-001,selma.nuugulu.00102,2026-07-18T07:00:00,2026-07-18T21:00:00,till_operator
SH-NRG-KHO-WDH-001-20260718-03,NRG-KHO-WDH-001,selma.kavari.00103,2026-07-18T07:00:00,2026-07-18T21:00:00,till_operator
SH-NRG-KHO-WDH-001-20260718-04,NRG-KHO-WDH-001,selma.haufiku.00104,2026-07-18T07:00:00,2026-07-18T21:00:00,till_operator
SH-NRG-KHO-WDH-001-20260718-05,NRG-KHO-WDH-001,selma.mbeha.00105,2026-07-18T07:00:00,2026-07-18T21:00:00,till_operator
SH-NRG-KVE-RUN-005-20260718-01,NRG-KVE-RUN-005,martha.mbeha.00501,2026-07-18T07:00:00,2026-07-18T21:00:00,till_operator
SH-NRG-KVE-RUN-005-20260718-02,NRG-KVE-RUN-005,martha.nakale.00502,2026-07-18T07:00:00,2026-07-18T21:00:00,till_operator
SH-NRG-KVE-RUN-005-20260718-03,NRG-KVE-RUN-005,martha.shikongo.00503,2026-07-18T07:00:00,2026-07-18T21:00:00,till_operator
SH-NRG-KVE-RUN-005-20260718-04,NRG-KVE-RUN-005,martha.hamutenya.00504,2026-07-18T07:00:00,2026-07-18T21:00:00,till_operator
SH-NRG-KVE-RUN-005-20260718-05,NRG-KVE-RUN-005,martha.amadhila.00505,2026-07-18T07:00:00,2026-07-18T21:00:00,till_operator
SH-NRG-OME-GOB-010-20260718-01,NRG-OME-GOB-010,anna.nuugulu.01001,2026-07-18T07:00:00,2026-07-18T21:00:00,till_operator
SH-NRG-OME-GOB-010-20260718-02,NRG-OME-GOB-010,anna.kavari.01002,2026-07-18T07:00:00,2026-07-18T21:00:00,till_operator
SH-NRG-OME-GOB-010-20260718-03,NRG-OME-GOB-010,anna.haufiku.01003,2026-07-18T07:00:00,2026-07-18T21:00:00,till_operator
SH-NRG-OME-GOB-010-20260718-04,NRG-OME-GOB-010,anna.mbeha.01004,2026-07-18T07:00:00,2026-07-18T21:00:00,till_operator
SH-NRG-OSA-OND-012-20260718-01,NRG-OSA-OND-012,petrus.haufiku.01201,2026-07-18T07:00:00,2026-07-18T21:00:00,till_operator
SH-NRG-OSA-OND-012-20260718-02,NRG-OSA-OND-012,petrus.mbeha.01202,2026-07-18T07:00:00,2026-07-18T21:00:00,till_operator
SH-NRG-OSA-OND-012-20260718-03,NRG-OSA-OND-012,petrus.nakale.01203,2026-07-18T07:00:00,2026-07-18T21:00:00,till_operator
SH-NRG-OSA-OND-012-20260718-04,NRG-OSA-OND-012,petrus.shikongo.01204,2026-07-18T07:00:00,2026-07-18T21:00:00,till_operator
SH-NRG-OSA-OSK-004-20260718-01,NRG-OSA-OSK-004,petrus.haufiku.00401,2026-07-18T07:00:00,2026-07-18T21:00:00,till_operator
SH-NRG-OSA-OSK-004-20260718-02,NRG-OSA-OSK-004,petrus.mbeha.00402,2026-07-18T07:00:00,2026-07-18T21:00:00,till_operator
SH-NRG-OSA-OSK-004-20260718-03,NRG-OSA-OSK-004,petrus.nakale.00403,2026-07-18T07:00:00,2026-07-18T21:00:00,till_operator
SH-NRG-OSA-OSK-004-20260718-04,NRG-OSA-OSK-004,petrus.shikongo.00404,2026-07-18T07:00:00,2026-07-18T21:00:00,till_operator
SH-NRG-OSA-OSK-004-20260718-05,NRG-OSA-OSK-004,petrus.hamutenya.00405,2026-07-18T07:00:00,2026-07-18T21:00:00,till_operator
SH-NRG-OSI-TSU-009-20260718-01,NRG-OSI-TSU-009,selma.amadhila.00901,2026-07-18T07:00:00,2026-07-18T21:00:00,till_operator
SH-NRG-OSI-TSU-009-20260718-02,NRG-OSI-TSU-009,selma.nuugulu.00902,2026-07-18T07:00:00,2026-07-18T21:00:00,till_operator
SH-NRG-OSI-TSU-009-20260718-03,NRG-OSI-TSU-009,selma.kavari.00903,2026-07-18T07:00:00,2026-07-18T21:00:00,till_operator
SH-NRG-OSI-TSU-009-20260718-04,NRG-OSI-TSU-009,selma.haufiku.00904,2026-07-18T07:00:00,2026-07-18T21:00:00,till_operator
SH-NRG-OTJ-OTW-006-20260718-01,NRG-OTJ-OTW-006,nela.nakale.00601,2026-07-18T07:00:00,2026-07-18T21:00:00,till_operator
SH-NRG-OTJ-OTW-006-20260718-02,NRG-OTJ-OTW-006,nela.shikongo.00602,2026-07-18T07:00:00,2026-07-18T21:00:00,till_operator
SH-NRG-OTJ-OTW-006-20260718-03,NRG-OTJ-OTW-006,nela.hamutenya.00603,2026-07-18T07:00:00,2026-07-18T21:00:00,till_operator
SH-NRG-OTJ-OTW-006-20260718-04,NRG-OTJ-OTW-006,nela.amadhila.00604,2026-07-18T07:00:00,2026-07-18T21:00:00,till_operator
SH-NRG-OTJ-OTW-006-20260718-05,NRG-OTJ-OTW-006,nela.nuugulu.00605,2026-07-18T07:00:00,2026-07-18T21:00:00,till_operator
SH-NRG-ZAM-KTM-008-20260718-01,NRG-ZAM-KTM-008,elina.hamutenya.00801,2026-07-18T07:00:00,2026-07-18T21:00:00,till_operator
SH-NRG-ZAM-KTM-008-20260718-02,NRG-ZAM-KTM-008,elina.amadhila.00802,2026-07-18T07:00:00,2026-07-18T21:00:00,till_operator
SH-NRG-ZAM-KTM-008-20260718-03,NRG-ZAM-KTM-008,elina.nuugulu.00803,2026-07-18T07:00:00,2026-07-18T21:00:00,till_operator
SH-NRG-ZAM-KTM-008-20260718-04,NRG-ZAM-KTM-008,elina.kavari.00804,2026-07-18T07:00:00,2026-07-18T21:00:00,till_operator
SH-NRG-ERG-SWK-003-20260719-01,NRG-ERG-SWK-003,ndapewa.kavari.00301,2026-07-19T07:00:00,2026-07-19T21:00:00,till_operator
SH-NRG-ERG-SWK-003-20260719-02,NRG-ERG-SWK-003,ndapewa.haufiku.00302,2026-07-19T07:00:00,2026-07-19T21:00:00,till_operator
SH-NRG-ERG-SWK-003-20260719-03,NRG-ERG-SWK-003,ndapewa.mbeha.00303,2026-07-19T07:00:00,2026-07-19T21:00:00,till_operator
SH-NRG-ERG-SWK-003-20260719-04,NRG-ERG-SWK-003,ndapewa.nakale.00304,2026-07-19T07:00:00,2026-07-19T21:00:00,till_operator
SH-NRG-ERG-SWK-003-20260719-05,NRG-ERG-SWK-003,ndapewa.shikongo.00305,2026-07-19T07:00:00,2026-07-19T21:00:00,till_operator
SH-NRG-ERG-WVB-002-20260719-01,NRG-ERG-WVB-002,anna.nuugulu.00201,2026-07-19T07:00:00,2026-07-19T21:00:00,till_operator
SH-NRG-ERG-WVB-002-20260719-02,NRG-ERG-WVB-002,anna.kavari.00202,2026-07-19T07:00:00,2026-07-19T21:00:00,till_operator
SH-NRG-ERG-WVB-002-20260719-03,NRG-ERG-WVB-002,anna.haufiku.00203,2026-07-19T07:00:00,2026-07-19T21:00:00,till_operator
SH-NRG-ERG-WVB-002-20260719-04,NRG-ERG-WVB-002,anna.mbeha.00204,2026-07-19T07:00:00,2026-07-19T21:00:00,till_operator
SH-NRG-ERG-WVB-002-20260719-05,NRG-ERG-WVB-002,anna.nakale.00205,2026-07-19T07:00:00,2026-07-19T21:00:00,till_operator
SH-NRG-HAR-REH-011-20260719-01,NRG-HAR-REH-011,ndapewa.kavari.01101,2026-07-19T07:00:00,2026-07-19T21:00:00,till_operator
SH-NRG-HAR-REH-011-20260719-02,NRG-HAR-REH-011,ndapewa.haufiku.01102,2026-07-19T07:00:00,2026-07-19T21:00:00,till_operator
SH-NRG-HAR-REH-011-20260719-03,NRG-HAR-REH-011,ndapewa.mbeha.01103,2026-07-19T07:00:00,2026-07-19T21:00:00,till_operator
SH-NRG-HAR-REH-011-20260719-04,NRG-HAR-REH-011,ndapewa.nakale.01104,2026-07-19T07:00:00,2026-07-19T21:00:00,till_operator
SH-NRG-KHA-KTM-007-20260719-01,NRG-KHA-KTM-007,paulus.shikongo.00701,2026-07-19T07:00:00,2026-07-19T21:00:00,till_operator
SH-NRG-KHA-KTM-007-20260719-02,NRG-KHA-KTM-007,paulus.hamutenya.00702,2026-07-19T07:00:00,2026-07-19T21:00:00,till_operator
SH-NRG-KHA-KTM-007-20260719-03,NRG-KHA-KTM-007,paulus.amadhila.00703,2026-07-19T07:00:00,2026-07-19T21:00:00,till_operator
SH-NRG-KHA-KTM-007-20260719-04,NRG-KHA-KTM-007,paulus.nuugulu.00704,2026-07-19T07:00:00,2026-07-19T21:00:00,till_operator
SH-NRG-KHO-WDH-001-20260719-01,NRG-KHO-WDH-001,selma.amadhila.00101,2026-07-19T07:00:00,2026-07-19T21:00:00,till_operator
SH-NRG-KHO-WDH-001-20260719-02,NRG-KHO-WDH-001,selma.nuugulu.00102,2026-07-19T07:00:00,2026-07-19T21:00:00,till_operator
SH-NRG-KHO-WDH-001-20260719-03,NRG-KHO-WDH-001,selma.kavari.00103,2026-07-19T07:00:00,2026-07-19T21:00:00,till_operator
SH-NRG-KHO-WDH-001-20260719-04,NRG-KHO-WDH-001,selma.haufiku.00104,2026-07-19T07:00:00,2026-07-19T21:00:00,till_operator
SH-NRG-KHO-WDH-001-20260719-05,NRG-KHO-WDH-001,selma.mbeha.00105,2026-07-19T07:00:00,2026-07-19T21:00:00,till_operator
SH-NRG-KVE-RUN-005-20260719-01,NRG-KVE-RUN-005,martha.mbeha.00501,2026-07-19T07:00:00,2026-07-19T21:00:00,till_operator
SH-NRG-KVE-RUN-005-20260719-02,NRG-KVE-RUN-005,martha.nakale.00502,2026-07-19T07:00:00,2026-07-19T21:00:00,till_operator
SH-NRG-KVE-RUN-005-20260719-03,NRG-KVE-RUN-005,martha.shikongo.00503,2026-07-19T07:00:00,2026-07-19T21:00:00,till_operator
SH-NRG-KVE-RUN-005-20260719-04,NRG-KVE-RUN-005,martha.hamutenya.00504,2026-07-19T07:00:00,2026-07-19T21:00:00,till_operator
SH-NRG-KVE-RUN-005-20260719-05,NRG-KVE-RUN-005,martha.amadhila.00505,2026-07-19T07:00:00,2026-07-19T21:00:00,till_operator
SH-NRG-OME-GOB-010-20260719-01,NRG-OME-GOB-010,anna.nuugulu.01001,2026-07-19T07:00:00,2026-07-19T21:00:00,till_operator
SH-NRG-OME-GOB-010-20260719-02,NRG-OME-GOB-010,anna.kavari.01002,2026-07-19T07:00:00,2026-07-19T21:00:00,till_operator
SH-NRG-OME-GOB-010-20260719-03,NRG-OME-GOB-010,anna.haufiku.01003,2026-07-19T07:00:00,2026-07-19T21:00:00,till_operator
SH-NRG-OME-GOB-010-20260719-04,NRG-OME-GOB-010,anna.mbeha.01004,2026-07-19T07:00:00,2026-07-19T21:00:00,till_operator
SH-NRG-OSA-OND-012-20260719-01,NRG-OSA-OND-012,petrus.haufiku.01201,2026-07-19T07:00:00,2026-07-19T21:00:00,till_operator
SH-NRG-OSA-OND-012-20260719-02,NRG-OSA-OND-012,petrus.mbeha.01202,2026-07-19T07:00:00,2026-07-19T21:00:00,till_operator
SH-NRG-OSA-OND-012-20260719-03,NRG-OSA-OND-012,petrus.nakale.01203,2026-07-19T07:00:00,2026-07-19T21:00:00,till_operator
SH-NRG-OSA-OND-012-20260719-04,NRG-OSA-OND-012,petrus.shikongo.01204,2026-07-19T07:00:00,2026-07-19T21:00:00,till_operator
SH-NRG-OSA-OSK-004-20260719-01,NRG-OSA-OSK-004,petrus.haufiku.00401,2026-07-19T07:00:00,2026-07-19T21:00:00,till_operator
SH-NRG-OSA-OSK-004-20260719-02,NRG-OSA-OSK-004,petrus.mbeha.00402,2026-07-19T07:00:00,2026-07-19T21:00:00,till_operator
SH-NRG-OSA-OSK-004-20260719-03,NRG-OSA-OSK-004,petrus.nakale.00403,2026-07-19T07:00:00,2026-07-19T21:00:00,till_operator
SH-NRG-OSA-OSK-004-20260719-04,NRG-OSA-OSK-004,petrus.shikongo.00404,2026-07-19T07:00:00,2026-07-19T21:00:00,till_operator
SH-NRG-OSA-OSK-004-20260719-05,NRG-OSA-OSK-004,petrus.hamutenya.00405,2026-07-19T07:00:00,2026-07-19T21:00:00,till_operator
SH-NRG-OSI-TSU-009-20260719-01,NRG-OSI-TSU-009,selma.amadhila.00901,2026-07-19T07:00:00,2026-07-19T21:00:00,till_operator
SH-NRG-OSI-TSU-009-20260719-02,NRG-OSI-TSU-009,selma.nuugulu.00902,2026-07-19T07:00:00,2026-07-19T21:00:00,till_operator
SH-NRG-OSI-TSU-009-20260719-03,NRG-OSI-TSU-009,selma.kavari.00903,2026-07-19T07:00:00,2026-07-19T21:00:00,till_operator
SH-NRG-OSI-TSU-009-20260719-04,NRG-OSI-TSU-009,selma.haufiku.00904,2026-07-19T07:00:00,2026-07-19T21:00:00,till_operator
SH-NRG-OTJ-OTW-006-20260719-01,NRG-OTJ-OTW-006,nela.nakale.00601,2026-07-19T07:00:00,2026-07-19T21:00:00,till_operator
SH-NRG-OTJ-OTW-006-20260719-02,NRG-OTJ-OTW-006,nela.shikongo.00602,2026-07-19T07:00:00,2026-07-19T21:00:00,till_operator
SH-NRG-OTJ-OTW-006-20260719-03,NRG-OTJ-OTW-006,nela.hamutenya.00603,2026-07-19T07:00:00,2026-07-19T21:00:00,till_operator
SH-NRG-OTJ-OTW-006-20260719-04,NRG-OTJ-OTW-006,nela.amadhila.00604,2026-07-19T07:00:00,2026-07-19T21:00:00,till_operator
SH-NRG-OTJ-OTW-006-20260719-05,NRG-OTJ-OTW-006,nela.nuugulu.00605,2026-07-19T07:00:00,2026-07-19T21:00:00,till_operator
SH-NRG-ZAM-KTM-008-20260719-01,NRG-ZAM-KTM-008,elina.hamutenya.00801,2026-07-19T07:00:00,2026-07-19T21:00:00,till_operator
SH-NRG-ZAM-KTM-008-20260719-02,NRG-ZAM-KTM-008,elina.amadhila.00802,2026-07-19T07:00:00,2026-07-19T21:00:00,till_operator
SH-NRG-ZAM-KTM-008-20260719-03,NRG-ZAM-KTM-008,elina.nuugulu.00803,2026-07-19T07:00:00,2026-07-19T21:00:00,till_operator
SH-NRG-ZAM-KTM-008-20260719-04,NRG-ZAM-KTM-008,elina.kavari.00804,2026-07-19T07:00:00,2026-07-19T21:00:00,till_operator
SH-NRG-ERG-SWK-003-20260720-01,NRG-ERG-SWK-003,ndapewa.kavari.00301,2026-07-20T07:00:00,2026-07-20T21:00:00,till_operator
SH-NRG-ERG-SWK-003-20260720-02,NRG-ERG-SWK-003,ndapewa.haufiku.00302,2026-07-20T07:00:00,2026-07-20T21:00:00,till_operator
SH-NRG-ERG-SWK-003-20260720-03,NRG-ERG-SWK-003,ndapewa.mbeha.00303,2026-07-20T07:00:00,2026-07-20T21:00:00,till_operator
SH-NRG-ERG-SWK-003-20260720-04,NRG-ERG-SWK-003,ndapewa.nakale.00304,2026-07-20T07:00:00,2026-07-20T21:00:00,till_operator
SH-NRG-ERG-SWK-003-20260720-05,NRG-ERG-SWK-003,ndapewa.shikongo.00305,2026-07-20T07:00:00,2026-07-20T21:00:00,till_operator
SH-NRG-ERG-WVB-002-20260720-01,NRG-ERG-WVB-002,anna.nuugulu.00201,2026-07-20T07:00:00,2026-07-20T21:00:00,till_operator
SH-NRG-ERG-WVB-002-20260720-02,NRG-ERG-WVB-002,anna.kavari.00202,2026-07-20T07:00:00,2026-07-20T21:00:00,till_operator
SH-NRG-ERG-WVB-002-20260720-03,NRG-ERG-WVB-002,anna.haufiku.00203,2026-07-20T07:00:00,2026-07-20T21:00:00,till_operator
SH-NRG-ERG-WVB-002-20260720-04,NRG-ERG-WVB-002,anna.mbeha.00204,2026-07-20T07:00:00,2026-07-20T21:00:00,till_operator
SH-NRG-ERG-WVB-002-20260720-05,NRG-ERG-WVB-002,anna.nakale.00205,2026-07-20T07:00:00,2026-07-20T21:00:00,till_operator
SH-NRG-HAR-REH-011-20260720-01,NRG-HAR-REH-011,ndapewa.kavari.01101,2026-07-20T07:00:00,2026-07-20T21:00:00,till_operator
SH-NRG-HAR-REH-011-20260720-02,NRG-HAR-REH-011,ndapewa.haufiku.01102,2026-07-20T07:00:00,2026-07-20T21:00:00,till_operator
SH-NRG-HAR-REH-011-20260720-03,NRG-HAR-REH-011,ndapewa.mbeha.01103,2026-07-20T07:00:00,2026-07-20T21:00:00,till_operator
SH-NRG-HAR-REH-011-20260720-04,NRG-HAR-REH-011,ndapewa.nakale.01104,2026-07-20T07:00:00,2026-07-20T21:00:00,till_operator
SH-NRG-KHA-KTM-007-20260720-01,NRG-KHA-KTM-007,paulus.shikongo.00701,2026-07-20T07:00:00,2026-07-20T21:00:00,till_operator
SH-NRG-KHA-KTM-007-20260720-02,NRG-KHA-KTM-007,paulus.hamutenya.00702,2026-07-20T07:00:00,2026-07-20T21:00:00,till_operator
SH-NRG-KHA-KTM-007-20260720-03,NRG-KHA-KTM-007,paulus.amadhila.00703,2026-07-20T07:00:00,2026-07-20T21:00:00,till_operator
SH-NRG-KHA-KTM-007-20260720-04,NRG-KHA-KTM-007,paulus.nuugulu.00704,2026-07-20T07:00:00,2026-07-20T21:00:00,till_operator
SH-NRG-KHO-WDH-001-20260720-01,NRG-KHO-WDH-001,selma.amadhila.00101,2026-07-20T07:00:00,2026-07-20T21:00:00,till_operator
SH-NRG-KHO-WDH-001-20260720-02,NRG-KHO-WDH-001,selma.nuugulu.00102,2026-07-20T07:00:00,2026-07-20T21:00:00,till_operator
SH-NRG-KHO-WDH-001-20260720-03,NRG-KHO-WDH-001,selma.kavari.00103,2026-07-20T07:00:00,2026-07-20T21:00:00,till_operator
SH-NRG-KHO-WDH-001-20260720-04,NRG-KHO-WDH-001,selma.haufiku.00104,2026-07-20T07:00:00,2026-07-20T21:00:00,till_operator
SH-NRG-KHO-WDH-001-20260720-05,NRG-KHO-WDH-001,selma.mbeha.00105,2026-07-20T07:00:00,2026-07-20T21:00:00,till_operator
SH-NRG-KVE-RUN-005-20260720-01,NRG-KVE-RUN-005,martha.mbeha.00501,2026-07-20T07:00:00,2026-07-20T21:00:00,till_operator
SH-NRG-KVE-RUN-005-20260720-02,NRG-KVE-RUN-005,martha.nakale.00502,2026-07-20T07:00:00,2026-07-20T21:00:00,till_operator
SH-NRG-KVE-RUN-005-20260720-03,NRG-KVE-RUN-005,martha.shikongo.00503,2026-07-20T07:00:00,2026-07-20T21:00:00,till_operator
SH-NRG-KVE-RUN-005-20260720-04,NRG-KVE-RUN-005,martha.hamutenya.00504,2026-07-20T07:00:00,2026-07-20T21:00:00,till_operator
SH-NRG-KVE-RUN-005-20260720-05,NRG-KVE-RUN-005,martha.amadhila.00505,2026-07-20T07:00:00,2026-07-20T21:00:00,till_operator
SH-NRG-OME-GOB-010-20260720-01,NRG-OME-GOB-010,anna.nuugulu.01001,2026-07-20T07:00:00,2026-07-20T21:00:00,till_operator
SH-NRG-OME-GOB-010-20260720-02,NRG-OME-GOB-010,anna.kavari.01002,2026-07-20T07:00:00,2026-07-20T21:00:00,till_operator
SH-NRG-OME-GOB-010-20260720-03,NRG-OME-GOB-010,anna.haufiku.01003,2026-07-20T07:00:00,2026-07-20T21:00:00,till_operator
SH-NRG-OME-GOB-010-20260720-04,NRG-OME-GOB-010,anna.mbeha.01004,2026-07-20T07:00:00,2026-07-20T21:00:00,till_operator
SH-NRG-OSA-OND-012-20260720-01,NRG-OSA-OND-012,petrus.haufiku.01201,2026-07-20T07:00:00,2026-07-20T21:00:00,till_operator
SH-NRG-OSA-OND-012-20260720-02,NRG-OSA-OND-012,petrus.mbeha.01202,2026-07-20T07:00:00,2026-07-20T21:00:00,till_operator
SH-NRG-OSA-OND-012-20260720-03,NRG-OSA-OND-012,petrus.nakale.01203,2026-07-20T07:00:00,2026-07-20T21:00:00,till_operator
SH-NRG-OSA-OND-012-20260720-04,NRG-OSA-OND-012,petrus.shikongo.01204,2026-07-20T07:00:00,2026-07-20T21:00:00,till_operator
SH-NRG-OSA-OSK-004-20260720-01,NRG-OSA-OSK-004,petrus.haufiku.00401,2026-07-20T07:00:00,2026-07-20T21:00:00,till_operator
SH-NRG-OSA-OSK-004-20260720-02,NRG-OSA-OSK-004,petrus.mbeha.00402,2026-07-20T07:00:00,2026-07-20T21:00:00,till_operator
SH-NRG-OSA-OSK-004-20260720-03,NRG-OSA-OSK-004,petrus.nakale.00403,2026-07-20T07:00:00,2026-07-20T21:00:00,till_operator
SH-NRG-OSA-OSK-004-20260720-04,NRG-OSA-OSK-004,petrus.shikongo.00404,2026-07-20T07:00:00,2026-07-20T21:00:00,till_operator
SH-NRG-OSA-OSK-004-20260720-05,NRG-OSA-OSK-004,petrus.hamutenya.00405,2026-07-20T07:00:00,2026-07-20T21:00:00,till_operator
SH-NRG-OSI-TSU-009-20260720-01,NRG-OSI-TSU-009,selma.amadhila.00901,2026-07-20T07:00:00,2026-07-20T21:00:00,till_operator
SH-NRG-OSI-TSU-009-20260720-02,NRG-OSI-TSU-009,selma.nuugulu.00902,2026-07-20T07:00:00,2026-07-20T21:00:00,till_operator
SH-NRG-OSI-TSU-009-20260720-03,NRG-OSI-TSU-009,selma.kavari.00903,2026-07-20T07:00:00,2026-07-20T21:00:00,till_operator
SH-NRG-OSI-TSU-009-20260720-04,NRG-OSI-TSU-009,selma.haufiku.00904,2026-07-20T07:00:00,2026-07-20T21:00:00,till_operator
SH-NRG-OTJ-OTW-006-20260720-01,NRG-OTJ-OTW-006,nela.nakale.00601,2026-07-20T07:00:00,2026-07-20T21:00:00,till_operator
SH-NRG-OTJ-OTW-006-20260720-02,NRG-OTJ-OTW-006,nela.shikongo.00602,2026-07-20T07:00:00,2026-07-20T21:00:00,till_operator
SH-NRG-OTJ-OTW-006-20260720-03,NRG-OTJ-OTW-006,nela.hamutenya.00603,2026-07-20T07:00:00,2026-07-20T21:00:00,till_operator
SH-NRG-OTJ-OTW-006-20260720-04,NRG-OTJ-OTW-006,nela.amadhila.00604,2026-07-20T07:00:00,2026-07-20T21:00:00,till_operator
SH-NRG-OTJ-OTW-006-20260720-05,NRG-OTJ-OTW-006,nela.nuugulu.00605,2026-07-20T07:00:00,2026-07-20T21:00:00,till_operator
SH-NRG-ZAM-KTM-008-20260720-01,NRG-ZAM-KTM-008,elina.hamutenya.00801,2026-07-20T07:00:00,2026-07-20T21:00:00,till_operator
SH-NRG-ZAM-KTM-008-20260720-02,NRG-ZAM-KTM-008,elina.amadhila.00802,2026-07-20T07:00:00,2026-07-20T21:00:00,till_operator
SH-NRG-ZAM-KTM-008-20260720-03,NRG-ZAM-KTM-008,elina.nuugulu.00803,2026-07-20T07:00:00,2026-07-20T21:00:00,till_operator
SH-NRG-ZAM-KTM-008-20260720-04,NRG-ZAM-KTM-008,elina.kavari.00804,2026-07-20T07:00:00,2026-07-20T21:00:00,till_operator
SH-NRG-ERG-SWK-003-20260721-01,NRG-ERG-SWK-003,ndapewa.kavari.00301,2026-07-21T07:00:00,2026-07-21T21:00:00,till_operator
SH-NRG-ERG-SWK-003-20260721-02,NRG-ERG-SWK-003,ndapewa.haufiku.00302,2026-07-21T07:00:00,2026-07-21T21:00:00,till_operator
SH-NRG-ERG-SWK-003-20260721-03,NRG-ERG-SWK-003,ndapewa.mbeha.00303,2026-07-21T07:00:00,2026-07-21T21:00:00,till_operator
SH-NRG-ERG-SWK-003-20260721-04,NRG-ERG-SWK-003,ndapewa.nakale.00304,2026-07-21T07:00:00,2026-07-21T21:00:00,till_operator
SH-NRG-ERG-SWK-003-20260721-05,NRG-ERG-SWK-003,ndapewa.shikongo.00305,2026-07-21T07:00:00,2026-07-21T21:00:00,till_operator
SH-NRG-ERG-WVB-002-20260721-01,NRG-ERG-WVB-002,anna.nuugulu.00201,2026-07-21T07:00:00,2026-07-21T21:00:00,till_operator
SH-NRG-ERG-WVB-002-20260721-02,NRG-ERG-WVB-002,anna.kavari.00202,2026-07-21T07:00:00,2026-07-21T21:00:00,till_operator
SH-NRG-ERG-WVB-002-20260721-03,NRG-ERG-WVB-002,anna.haufiku.00203,2026-07-21T07:00:00,2026-07-21T21:00:00,till_operator
SH-NRG-ERG-WVB-002-20260721-04,NRG-ERG-WVB-002,anna.mbeha.00204,2026-07-21T07:00:00,2026-07-21T21:00:00,till_operator
SH-NRG-ERG-WVB-002-20260721-05,NRG-ERG-WVB-002,anna.nakale.00205,2026-07-21T07:00:00,2026-07-21T21:00:00,till_operator
SH-NRG-HAR-REH-011-20260721-01,NRG-HAR-REH-011,ndapewa.kavari.01101,2026-07-21T07:00:00,2026-07-21T21:00:00,till_operator
SH-NRG-HAR-REH-011-20260721-02,NRG-HAR-REH-011,ndapewa.haufiku.01102,2026-07-21T07:00:00,2026-07-21T21:00:00,till_operator
SH-NRG-HAR-REH-011-20260721-03,NRG-HAR-REH-011,ndapewa.mbeha.01103,2026-07-21T07:00:00,2026-07-21T21:00:00,till_operator
SH-NRG-HAR-REH-011-20260721-04,NRG-HAR-REH-011,ndapewa.nakale.01104,2026-07-21T07:00:00,2026-07-21T21:00:00,till_operator
SH-NRG-KHA-KTM-007-20260721-01,NRG-KHA-KTM-007,paulus.shikongo.00701,2026-07-21T07:00:00,2026-07-21T21:00:00,till_operator
SH-NRG-KHA-KTM-007-20260721-02,NRG-KHA-KTM-007,paulus.hamutenya.00702,2026-07-21T07:00:00,2026-07-21T21:00:00,till_operator
SH-NRG-KHA-KTM-007-20260721-03,NRG-KHA-KTM-007,paulus.amadhila.00703,2026-07-21T07:00:00,2026-07-21T21:00:00,till_operator
SH-NRG-KHA-KTM-007-20260721-04,NRG-KHA-KTM-007,paulus.nuugulu.00704,2026-07-21T07:00:00,2026-07-21T21:00:00,till_operator
SH-NRG-KHO-WDH-001-20260721-01,NRG-KHO-WDH-001,selma.amadhila.00101,2026-07-21T07:00:00,2026-07-21T21:00:00,till_operator
SH-NRG-KHO-WDH-001-20260721-02,NRG-KHO-WDH-001,selma.nuugulu.00102,2026-07-21T07:00:00,2026-07-21T21:00:00,till_operator
SH-NRG-KHO-WDH-001-20260721-03,NRG-KHO-WDH-001,selma.kavari.00103,2026-07-21T07:00:00,2026-07-21T21:00:00,till_operator
SH-NRG-KHO-WDH-001-20260721-04,NRG-KHO-WDH-001,selma.haufiku.00104,2026-07-21T07:00:00,2026-07-21T21:00:00,till_operator
SH-NRG-KHO-WDH-001-20260721-05,NRG-KHO-WDH-001,selma.mbeha.00105,2026-07-21T07:00:00,2026-07-21T21:00:00,till_operator
SH-NRG-KVE-RUN-005-20260721-01,NRG-KVE-RUN-005,martha.mbeha.00501,2026-07-21T07:00:00,2026-07-21T21:00:00,till_operator
SH-NRG-KVE-RUN-005-20260721-02,NRG-KVE-RUN-005,martha.nakale.00502,2026-07-21T07:00:00,2026-07-21T21:00:00,till_operator
SH-NRG-KVE-RUN-005-20260721-03,NRG-KVE-RUN-005,martha.shikongo.00503,2026-07-21T07:00:00,2026-07-21T21:00:00,till_operator
SH-NRG-KVE-RUN-005-20260721-04,NRG-KVE-RUN-005,martha.hamutenya.00504,2026-07-21T07:00:00,2026-07-21T21:00:00,till_operator
SH-NRG-KVE-RUN-005-20260721-05,NRG-KVE-RUN-005,martha.amadhila.00505,2026-07-21T07:00:00,2026-07-21T21:00:00,till_operator
SH-NRG-OME-GOB-010-20260721-01,NRG-OME-GOB-010,anna.nuugulu.01001,2026-07-21T07:00:00,2026-07-21T21:00:00,till_operator
SH-NRG-OME-GOB-010-20260721-02,NRG-OME-GOB-010,anna.kavari.01002,2026-07-21T07:00:00,2026-07-21T21:00:00,till_operator
SH-NRG-OME-GOB-010-20260721-03,NRG-OME-GOB-010,anna.haufiku.01003,2026-07-21T07:00:00,2026-07-21T21:00:00,till_operator
SH-NRG-OME-GOB-010-20260721-04,NRG-OME-GOB-010,anna.mbeha.01004,2026-07-21T07:00:00,2026-07-21T21:00:00,till_operator
SH-NRG-OSA-OND-012-20260721-01,NRG-OSA-OND-012,petrus.haufiku.01201,2026-07-21T07:00:00,2026-07-21T21:00:00,till_operator
SH-NRG-OSA-OND-012-20260721-02,NRG-OSA-OND-012,petrus.mbeha.01202,2026-07-21T07:00:00,2026-07-21T21:00:00,till_operator
SH-NRG-OSA-OND-012-20260721-03,NRG-OSA-OND-012,petrus.nakale.01203,2026-07-21T07:00:00,2026-07-21T21:00:00,till_operator
SH-NRG-OSA-OND-012-20260721-04,NRG-OSA-OND-012,petrus.shikongo.01204,2026-07-21T07:00:00,2026-07-21T21:00:00,till_operator
SH-NRG-OSA-OSK-004-20260721-01,NRG-OSA-OSK-004,petrus.haufiku.00401,2026-07-21T07:00:00,2026-07-21T21:00:00,till_operator
SH-NRG-OSA-OSK-004-20260721-02,NRG-OSA-OSK-004,petrus.mbeha.00402,2026-07-21T07:00:00,2026-07-21T21:00:00,till_operator
SH-NRG-OSA-OSK-004-20260721-03,NRG-OSA-OSK-004,petrus.nakale.00403,2026-07-21T07:00:00,2026-07-21T21:00:00,till_operator
SH-NRG-OSA-OSK-004-20260721-04,NRG-OSA-OSK-004,petrus.shikongo.00404,2026-07-21T07:00:00,2026-07-21T21:00:00,till_operator
SH-NRG-OSA-OSK-004-20260721-05,NRG-OSA-OSK-004,petrus.hamutenya.00405,2026-07-21T07:00:00,2026-07-21T21:00:00,till_operator
SH-NRG-OSI-TSU-009-20260721-01,NRG-OSI-TSU-009,selma.amadhila.00901,2026-07-21T07:00:00,2026-07-21T21:00:00,till_operator
SH-NRG-OSI-TSU-009-20260721-02,NRG-OSI-TSU-009,selma.nuugulu.00902,2026-07-21T07:00:00,2026-07-21T21:00:00,till_operator
SH-NRG-OSI-TSU-009-20260721-03,NRG-OSI-TSU-009,selma.kavari.00903,2026-07-21T07:00:00,2026-07-21T21:00:00,till_operator
SH-NRG-OSI-TSU-009-20260721-04,NRG-OSI-TSU-009,selma.haufiku.00904,2026-07-21T07:00:00,2026-07-21T21:00:00,till_operator
SH-NRG-OTJ-OTW-006-20260721-01,NRG-OTJ-OTW-006,nela.nakale.00601,2026-07-21T07:00:00,2026-07-21T21:00:00,till_operator
SH-NRG-OTJ-OTW-006-20260721-02,NRG-OTJ-OTW-006,nela.shikongo.00602,2026-07-21T07:00:00,2026-07-21T21:00:00,till_operator
SH-NRG-OTJ-OTW-006-20260721-03,NRG-OTJ-OTW-006,nela.hamutenya.00603,2026-07-21T07:00:00,2026-07-21T21:00:00,till_operator
SH-NRG-OTJ-OTW-006-20260721-04,NRG-OTJ-OTW-006,nela.amadhila.00604,2026-07-21T07:00:00,2026-07-21T21:00:00,till_operator
SH-NRG-OTJ-OTW-006-20260721-05,NRG-OTJ-OTW-006,nela.nuugulu.00605,2026-07-21T07:00:00,2026-07-21T21:00:00,till_operator
SH-NRG-ZAM-KTM-008-20260721-01,NRG-ZAM-KTM-008,elina.hamutenya.00801,2026-07-21T07:00:00,2026-07-21T21:00:00,till_operator
SH-NRG-ZAM-KTM-008-20260721-02,NRG-ZAM-KTM-008,elina.amadhila.00802,2026-07-21T07:00:00,2026-07-21T21:00:00,till_operator
SH-NRG-ZAM-KTM-008-20260721-03,NRG-ZAM-KTM-008,elina.nuugulu.00803,2026-07-21T07:00:00,2026-07-21T21:00:00,till_operator
SH-NRG-ZAM-KTM-008-20260721-04,NRG-ZAM-KTM-008,elina.kavari.00804,2026-07-21T07:00:00,2026-07-21T21:00:00,till_operator
SH-NRG-ERG-SWK-003-20260722-01,NRG-ERG-SWK-003,ndapewa.kavari.00301,2026-07-22T07:00:00,2026-07-22T21:00:00,till_operator
SH-NRG-ERG-SWK-003-20260722-02,NRG-ERG-SWK-003,ndapewa.haufiku.00302,2026-07-22T07:00:00,2026-07-22T21:00:00,till_operator
SH-NRG-ERG-SWK-003-20260722-03,NRG-ERG-SWK-003,ndapewa.mbeha.00303,2026-07-22T07:00:00,2026-07-22T21:00:00,till_operator
SH-NRG-ERG-SWK-003-20260722-04,NRG-ERG-SWK-003,ndapewa.nakale.00304,2026-07-22T07:00:00,2026-07-22T21:00:00,till_operator
SH-NRG-ERG-SWK-003-20260722-05,NRG-ERG-SWK-003,ndapewa.shikongo.00305,2026-07-22T07:00:00,2026-07-22T21:00:00,till_operator
SH-NRG-ERG-WVB-002-20260722-01,NRG-ERG-WVB-002,anna.nuugulu.00201,2026-07-22T07:00:00,2026-07-22T21:00:00,till_operator
SH-NRG-ERG-WVB-002-20260722-02,NRG-ERG-WVB-002,anna.kavari.00202,2026-07-22T07:00:00,2026-07-22T21:00:00,till_operator
SH-NRG-ERG-WVB-002-20260722-03,NRG-ERG-WVB-002,anna.haufiku.00203,2026-07-22T07:00:00,2026-07-22T21:00:00,till_operator
SH-NRG-ERG-WVB-002-20260722-04,NRG-ERG-WVB-002,anna.mbeha.00204,2026-07-22T07:00:00,2026-07-22T21:00:00,till_operator
SH-NRG-ERG-WVB-002-20260722-05,NRG-ERG-WVB-002,anna.nakale.00205,2026-07-22T07:00:00,2026-07-22T21:00:00,till_operator
SH-NRG-HAR-REH-011-20260722-01,NRG-HAR-REH-011,ndapewa.kavari.01101,2026-07-22T07:00:00,2026-07-22T21:00:00,till_operator
SH-NRG-HAR-REH-011-20260722-02,NRG-HAR-REH-011,ndapewa.haufiku.01102,2026-07-22T07:00:00,2026-07-22T21:00:00,till_operator
SH-NRG-HAR-REH-011-20260722-03,NRG-HAR-REH-011,ndapewa.mbeha.01103,2026-07-22T07:00:00,2026-07-22T21:00:00,till_operator
SH-NRG-HAR-REH-011-20260722-04,NRG-HAR-REH-011,ndapewa.nakale.01104,2026-07-22T07:00:00,2026-07-22T21:00:00,till_operator
SH-NRG-KHA-KTM-007-20260722-01,NRG-KHA-KTM-007,paulus.shikongo.00701,2026-07-22T07:00:00,2026-07-22T21:00:00,till_operator
SH-NRG-KHA-KTM-007-20260722-02,NRG-KHA-KTM-007,paulus.hamutenya.00702,2026-07-22T07:00:00,2026-07-22T21:00:00,till_operator
SH-NRG-KHA-KTM-007-20260722-03,NRG-KHA-KTM-007,paulus.amadhila.00703,2026-07-22T07:00:00,2026-07-22T21:00:00,till_operator
SH-NRG-KHA-KTM-007-20260722-04,NRG-KHA-KTM-007,paulus.nuugulu.00704,2026-07-22T07:00:00,2026-07-22T21:00:00,till_operator
SH-NRG-KHO-WDH-001-20260722-01,NRG-KHO-WDH-001,selma.amadhila.00101,2026-07-22T07:00:00,2026-07-22T21:00:00,till_operator
SH-NRG-KHO-WDH-001-20260722-02,NRG-KHO-WDH-001,selma.nuugulu.00102,2026-07-22T07:00:00,2026-07-22T21:00:00,till_operator
SH-NRG-KHO-WDH-001-20260722-03,NRG-KHO-WDH-001,selma.kavari.00103,2026-07-22T07:00:00,2026-07-22T21:00:00,till_operator
SH-NRG-KHO-WDH-001-20260722-04,NRG-KHO-WDH-001,selma.haufiku.00104,2026-07-22T07:00:00,2026-07-22T21:00:00,till_operator
SH-NRG-KHO-WDH-001-20260722-05,NRG-KHO-WDH-001,selma.mbeha.00105,2026-07-22T07:00:00,2026-07-22T21:00:00,till_operator
SH-NRG-KVE-RUN-005-20260722-01,NRG-KVE-RUN-005,martha.mbeha.00501,2026-07-22T07:00:00,2026-07-22T21:00:00,till_operator
SH-NRG-KVE-RUN-005-20260722-02,NRG-KVE-RUN-005,martha.nakale.00502,2026-07-22T07:00:00,2026-07-22T21:00:00,till_operator
SH-NRG-KVE-RUN-005-20260722-03,NRG-KVE-RUN-005,martha.shikongo.00503,2026-07-22T07:00:00,2026-07-22T21:00:00,till_operator
SH-NRG-KVE-RUN-005-20260722-04,NRG-KVE-RUN-005,martha.hamutenya.00504,2026-07-22T07:00:00,2026-07-22T21:00:00,till_operator
SH-NRG-KVE-RUN-005-20260722-05,NRG-KVE-RUN-005,martha.amadhila.00505,2026-07-22T07:00:00,2026-07-22T21:00:00,till_operator
SH-NRG-OME-GOB-010-20260722-01,NRG-OME-GOB-010,anna.nuugulu.01001,2026-07-22T07:00:00,2026-07-22T21:00:00,till_operator
SH-NRG-OME-GOB-010-20260722-02,NRG-OME-GOB-010,anna.kavari.01002,2026-07-22T07:00:00,2026-07-22T21:00:00,till_operator
SH-NRG-OME-GOB-010-20260722-03,NRG-OME-GOB-010,anna.haufiku.01003,2026-07-22T07:00:00,2026-07-22T21:00:00,till_operator
SH-NRG-OME-GOB-010-20260722-04,NRG-OME-GOB-010,anna.mbeha.01004,2026-07-22T07:00:00,2026-07-22T21:00:00,till_operator
SH-NRG-OSA-OND-012-20260722-01,NRG-OSA-OND-012,petrus.haufiku.01201,2026-07-22T07:00:00,2026-07-22T21:00:00,till_operator
SH-NRG-OSA-OND-012-20260722-02,NRG-OSA-OND-012,petrus.mbeha.01202,2026-07-22T07:00:00,2026-07-22T21:00:00,till_operator
SH-NRG-OSA-OND-012-20260722-03,NRG-OSA-OND-012,petrus.nakale.01203,2026-07-22T07:00:00,2026-07-22T21:00:00,till_operator
SH-NRG-OSA-OND-012-20260722-04,NRG-OSA-OND-012,petrus.shikongo.01204,2026-07-22T07:00:00,2026-07-22T21:00:00,till_operator
SH-NRG-OSA-OSK-004-20260722-01,NRG-OSA-OSK-004,petrus.haufiku.00401,2026-07-22T07:00:00,2026-07-22T21:00:00,till_operator
SH-NRG-OSA-OSK-004-20260722-02,NRG-OSA-OSK-004,petrus.mbeha.00402,2026-07-22T07:00:00,2026-07-22T21:00:00,till_operator
SH-NRG-OSA-OSK-004-20260722-03,NRG-OSA-OSK-004,petrus.nakale.00403,2026-07-22T07:00:00,2026-07-22T21:00:00,till_operator
SH-NRG-OSA-OSK-004-20260722-04,NRG-OSA-OSK-004,petrus.shikongo.00404,2026-07-22T07:00:00,2026-07-22T21:00:00,till_operator
SH-NRG-OSA-OSK-004-20260722-05,NRG-OSA-OSK-004,petrus.hamutenya.00405,2026-07-22T07:00:00,2026-07-22T21:00:00,till_operator
SH-NRG-OSI-TSU-009-20260722-01,NRG-OSI-TSU-009,selma.amadhila.00901,2026-07-22T07:00:00,2026-07-22T21:00:00,till_operator
SH-NRG-OSI-TSU-009-20260722-02,NRG-OSI-TSU-009,selma.nuugulu.00902,2026-07-22T07:00:00,2026-07-22T21:00:00,till_operator
SH-NRG-OSI-TSU-009-20260722-03,NRG-OSI-TSU-009,selma.kavari.00903,2026-07-22T07:00:00,2026-07-22T21:00:00,till_operator
SH-NRG-OSI-TSU-009-20260722-04,NRG-OSI-TSU-009,selma.haufiku.00904,2026-07-22T07:00:00,2026-07-22T21:00:00,till_operator
SH-NRG-OTJ-OTW-006-20260722-01,NRG-OTJ-OTW-006,nela.nakale.00601,2026-07-22T07:00:00,2026-07-22T21:00:00,till_operator
SH-NRG-OTJ-OTW-006-20260722-02,NRG-OTJ-OTW-006,nela.shikongo.00602,2026-07-22T07:00:00,2026-07-22T21:00:00,till_operator
SH-NRG-OTJ-OTW-006-20260722-03,NRG-OTJ-OTW-006,nela.hamutenya.00603,2026-07-22T07:00:00,2026-07-22T21:00:00,till_operator
SH-NRG-OTJ-OTW-006-20260722-04,NRG-OTJ-OTW-006,nela.amadhila.00604,2026-07-22T07:00:00,2026-07-22T21:00:00,till_operator
SH-NRG-OTJ-OTW-006-20260722-05,NRG-OTJ-OTW-006,nela.nuugulu.00605,2026-07-22T07:00:00,2026-07-22T21:00:00,till_operator
SH-NRG-ZAM-KTM-008-20260722-01,NRG-ZAM-KTM-008,elina.hamutenya.00801,2026-07-22T07:00:00,2026-07-22T21:00:00,till_operator
SH-NRG-ZAM-KTM-008-20260722-02,NRG-ZAM-KTM-008,elina.amadhila.00802,2026-07-22T07:00:00,2026-07-22T21:00:00,till_operator
SH-NRG-ZAM-KTM-008-20260722-03,NRG-ZAM-KTM-008,elina.nuugulu.00803,2026-07-22T07:00:00,2026-07-22T21:00:00,till_operator
SH-NRG-ZAM-KTM-008-20260722-04,NRG-ZAM-KTM-008,elina.kavari.00804,2026-07-22T07:00:00,2026-07-22T21:00:00,till_operator
SH-NRG-ERG-SWK-003-20260723-01,NRG-ERG-SWK-003,ndapewa.kavari.00301,2026-07-23T07:00:00,2026-07-23T21:00:00,till_operator
SH-NRG-ERG-SWK-003-20260723-02,NRG-ERG-SWK-003,ndapewa.haufiku.00302,2026-07-23T07:00:00,2026-07-23T21:00:00,till_operator
SH-NRG-ERG-SWK-003-20260723-03,NRG-ERG-SWK-003,ndapewa.mbeha.00303,2026-07-23T07:00:00,2026-07-23T21:00:00,till_operator
SH-NRG-ERG-SWK-003-20260723-04,NRG-ERG-SWK-003,ndapewa.nakale.00304,2026-07-23T07:00:00,2026-07-23T21:00:00,till_operator
SH-NRG-ERG-SWK-003-20260723-05,NRG-ERG-SWK-003,ndapewa.shikongo.00305,2026-07-23T07:00:00,2026-07-23T21:00:00,till_operator
SH-NRG-ERG-WVB-002-20260723-01,NRG-ERG-WVB-002,anna.nuugulu.00201,2026-07-23T07:00:00,2026-07-23T21:00:00,till_operator
SH-NRG-ERG-WVB-002-20260723-02,NRG-ERG-WVB-002,anna.kavari.00202,2026-07-23T07:00:00,2026-07-23T21:00:00,till_operator
SH-NRG-ERG-WVB-002-20260723-03,NRG-ERG-WVB-002,anna.haufiku.00203,2026-07-23T07:00:00,2026-07-23T21:00:00,till_operator
SH-NRG-ERG-WVB-002-20260723-04,NRG-ERG-WVB-002,anna.mbeha.00204,2026-07-23T07:00:00,2026-07-23T21:00:00,till_operator
SH-NRG-ERG-WVB-002-20260723-05,NRG-ERG-WVB-002,anna.nakale.00205,2026-07-23T07:00:00,2026-07-23T21:00:00,till_operator
SH-NRG-HAR-REH-011-20260723-01,NRG-HAR-REH-011,ndapewa.kavari.01101,2026-07-23T07:00:00,2026-07-23T21:00:00,till_operator
SH-NRG-HAR-REH-011-20260723-02,NRG-HAR-REH-011,ndapewa.haufiku.01102,2026-07-23T07:00:00,2026-07-23T21:00:00,till_operator
SH-NRG-HAR-REH-011-20260723-03,NRG-HAR-REH-011,ndapewa.mbeha.01103,2026-07-23T07:00:00,2026-07-23T21:00:00,till_operator
SH-NRG-HAR-REH-011-20260723-04,NRG-HAR-REH-011,ndapewa.nakale.01104,2026-07-23T07:00:00,2026-07-23T21:00:00,till_operator
SH-NRG-KHA-KTM-007-20260723-01,NRG-KHA-KTM-007,paulus.shikongo.00701,2026-07-23T07:00:00,2026-07-23T21:00:00,till_operator
SH-NRG-KHA-KTM-007-20260723-02,NRG-KHA-KTM-007,paulus.hamutenya.00702,2026-07-23T07:00:00,2026-07-23T21:00:00,till_operator
SH-NRG-KHA-KTM-007-20260723-03,NRG-KHA-KTM-007,paulus.amadhila.00703,2026-07-23T07:00:00,2026-07-23T21:00:00,till_operator
SH-NRG-KHA-KTM-007-20260723-04,NRG-KHA-KTM-007,paulus.nuugulu.00704,2026-07-23T07:00:00,2026-07-23T21:00:00,till_operator
SH-NRG-KHO-WDH-001-20260723-01,NRG-KHO-WDH-001,selma.amadhila.00101,2026-07-23T07:00:00,2026-07-23T21:00:00,till_operator
SH-NRG-KHO-WDH-001-20260723-02,NRG-KHO-WDH-001,selma.nuugulu.00102,2026-07-23T07:00:00,2026-07-23T21:00:00,till_operator
SH-NRG-KHO-WDH-001-20260723-03,NRG-KHO-WDH-001,selma.kavari.00103,2026-07-23T07:00:00,2026-07-23T21:00:00,till_operator
SH-NRG-KHO-WDH-001-20260723-04,NRG-KHO-WDH-001,selma.haufiku.00104,2026-07-23T07:00:00,2026-07-23T21:00:00,till_operator
SH-NRG-KHO-WDH-001-20260723-05,NRG-KHO-WDH-001,selma.mbeha.00105,2026-07-23T07:00:00,2026-07-23T21:00:00,till_operator
SH-NRG-KVE-RUN-005-20260723-01,NRG-KVE-RUN-005,martha.mbeha.00501,2026-07-23T07:00:00,2026-07-23T21:00:00,till_operator
SH-NRG-KVE-RUN-005-20260723-02,NRG-KVE-RUN-005,martha.nakale.00502,2026-07-23T07:00:00,2026-07-23T21:00:00,till_operator
SH-NRG-KVE-RUN-005-20260723-03,NRG-KVE-RUN-005,martha.shikongo.00503,2026-07-23T07:00:00,2026-07-23T21:00:00,till_operator
SH-NRG-KVE-RUN-005-20260723-04,NRG-KVE-RUN-005,martha.hamutenya.00504,2026-07-23T07:00:00,2026-07-23T21:00:00,till_operator
SH-NRG-KVE-RUN-005-20260723-05,NRG-KVE-RUN-005,martha.amadhila.00505,2026-07-23T07:00:00,2026-07-23T21:00:00,till_operator
SH-NRG-OME-GOB-010-20260723-01,NRG-OME-GOB-010,anna.nuugulu.01001,2026-07-23T07:00:00,2026-07-23T21:00:00,till_operator
SH-NRG-OME-GOB-010-20260723-02,NRG-OME-GOB-010,anna.kavari.01002,2026-07-23T07:00:00,2026-07-23T21:00:00,till_operator
SH-NRG-OME-GOB-010-20260723-03,NRG-OME-GOB-010,anna.haufiku.01003,2026-07-23T07:00:00,2026-07-23T21:00:00,till_operator
SH-NRG-OME-GOB-010-20260723-04,NRG-OME-GOB-010,anna.mbeha.01004,2026-07-23T07:00:00,2026-07-23T21:00:00,till_operator
SH-NRG-OSA-OND-012-20260723-01,NRG-OSA-OND-012,petrus.haufiku.01201,2026-07-23T07:00:00,2026-07-23T21:00:00,till_operator
SH-NRG-OSA-OND-012-20260723-02,NRG-OSA-OND-012,petrus.mbeha.01202,2026-07-23T07:00:00,2026-07-23T21:00:00,till_operator
SH-NRG-OSA-OND-012-20260723-03,NRG-OSA-OND-012,petrus.nakale.01203,2026-07-23T07:00:00,2026-07-23T21:00:00,till_operator
SH-NRG-OSA-OND-012-20260723-04,NRG-OSA-OND-012,petrus.shikongo.01204,2026-07-23T07:00:00,2026-07-23T21:00:00,till_operator
SH-NRG-OSA-OSK-004-20260723-01,NRG-OSA-OSK-004,petrus.haufiku.00401,2026-07-23T07:00:00,2026-07-23T21:00:00,till_operator
SH-NRG-OSA-OSK-004-20260723-02,NRG-OSA-OSK-004,petrus.mbeha.00402,2026-07-23T07:00:00,2026-07-23T21:00:00,till_operator
SH-NRG-OSA-OSK-004-20260723-03,NRG-OSA-OSK-004,petrus.nakale.00403,2026-07-23T07:00:00,2026-07-23T21:00:00,till_operator
SH-NRG-OSA-OSK-004-20260723-04,NRG-OSA-OSK-004,petrus.shikongo.00404,2026-07-23T07:00:00,2026-07-23T21:00:00,till_operator
SH-NRG-OSA-OSK-004-20260723-05,NRG-OSA-OSK-004,petrus.hamutenya.00405,2026-07-23T07:00:00,2026-07-23T21:00:00,till_operator
SH-NRG-OSI-TSU-009-20260723-01,NRG-OSI-TSU-009,selma.amadhila.00901,2026-07-23T07:00:00,2026-07-23T21:00:00,till_operator
SH-NRG-OSI-TSU-009-20260723-02,NRG-OSI-TSU-009,selma.nuugulu.00902,2026-07-23T07:00:00,2026-07-23T21:00:00,till_operator
SH-NRG-OSI-TSU-009-20260723-03,NRG-OSI-TSU-009,selma.kavari.00903,2026-07-23T07:00:00,2026-07-23T21:00:00,till_operator
SH-NRG-OSI-TSU-009-20260723-04,NRG-OSI-TSU-009,selma.haufiku.00904,2026-07-23T07:00:00,2026-07-23T21:00:00,till_operator
SH-NRG-OTJ-OTW-006-20260723-01,NRG-OTJ-OTW-006,nela.nakale.00601,2026-07-23T07:00:00,2026-07-23T21:00:00,till_operator
SH-NRG-OTJ-OTW-006-20260723-02,NRG-OTJ-OTW-006,nela.shikongo.00602,2026-07-23T07:00:00,2026-07-23T21:00:00,till_operator
SH-NRG-OTJ-OTW-006-20260723-03,NRG-OTJ-OTW-006,nela.hamutenya.00603,2026-07-23T07:00:00,2026-07-23T21:00:00,till_operator
SH-NRG-OTJ-OTW-006-20260723-04,NRG-OTJ-OTW-006,nela.amadhila.00604,2026-07-23T07:00:00,2026-07-23T21:00:00,till_operator
SH-NRG-OTJ-OTW-006-20260723-05,NRG-OTJ-OTW-006,nela.nuugulu.00605,2026-07-23T07:00:00,2026-07-23T21:00:00,till_operator
SH-NRG-ZAM-KTM-008-20260723-01,NRG-ZAM-KTM-008,elina.hamutenya.00801,2026-07-23T07:00:00,2026-07-23T21:00:00,till_operator
SH-NRG-ZAM-KTM-008-20260723-02,NRG-ZAM-KTM-008,elina.amadhila.00802,2026-07-23T07:00:00,2026-07-23T21:00:00,till_operator
SH-NRG-ZAM-KTM-008-20260723-03,NRG-ZAM-KTM-008,elina.nuugulu.00803,2026-07-23T07:00:00,2026-07-23T21:00:00,till_operator
SH-NRG-ZAM-KTM-008-20260723-04,NRG-ZAM-KTM-008,elina.kavari.00804,2026-07-23T07:00:00,2026-07-23T21:00:00,till_operator
SH-NRG-ERG-SWK-003-20260724-01,NRG-ERG-SWK-003,ndapewa.kavari.00301,2026-07-24T07:00:00,2026-07-24T21:00:00,till_operator
SH-NRG-ERG-SWK-003-20260724-02,NRG-ERG-SWK-003,ndapewa.haufiku.00302,2026-07-24T07:00:00,2026-07-24T21:00:00,till_operator
SH-NRG-ERG-SWK-003-20260724-03,NRG-ERG-SWK-003,ndapewa.mbeha.00303,2026-07-24T07:00:00,2026-07-24T21:00:00,till_operator
SH-NRG-ERG-SWK-003-20260724-04,NRG-ERG-SWK-003,ndapewa.nakale.00304,2026-07-24T07:00:00,2026-07-24T21:00:00,till_operator
SH-NRG-ERG-SWK-003-20260724-05,NRG-ERG-SWK-003,ndapewa.shikongo.00305,2026-07-24T07:00:00,2026-07-24T21:00:00,till_operator
SH-NRG-ERG-WVB-002-20260724-01,NRG-ERG-WVB-002,anna.nuugulu.00201,2026-07-24T07:00:00,2026-07-24T21:00:00,till_operator
SH-NRG-ERG-WVB-002-20260724-02,NRG-ERG-WVB-002,anna.kavari.00202,2026-07-24T07:00:00,2026-07-24T21:00:00,till_operator
SH-NRG-ERG-WVB-002-20260724-03,NRG-ERG-WVB-002,anna.haufiku.00203,2026-07-24T07:00:00,2026-07-24T21:00:00,till_operator
SH-NRG-ERG-WVB-002-20260724-04,NRG-ERG-WVB-002,anna.mbeha.00204,2026-07-24T07:00:00,2026-07-24T21:00:00,till_operator
SH-NRG-ERG-WVB-002-20260724-05,NRG-ERG-WVB-002,anna.nakale.00205,2026-07-24T07:00:00,2026-07-24T21:00:00,till_operator
SH-NRG-HAR-REH-011-20260724-01,NRG-HAR-REH-011,ndapewa.kavari.01101,2026-07-24T07:00:00,2026-07-24T21:00:00,till_operator
SH-NRG-HAR-REH-011-20260724-02,NRG-HAR-REH-011,ndapewa.haufiku.01102,2026-07-24T07:00:00,2026-07-24T21:00:00,till_operator
SH-NRG-HAR-REH-011-20260724-03,NRG-HAR-REH-011,ndapewa.mbeha.01103,2026-07-24T07:00:00,2026-07-24T21:00:00,till_operator
SH-NRG-HAR-REH-011-20260724-04,NRG-HAR-REH-011,ndapewa.nakale.01104,2026-07-24T07:00:00,2026-07-24T21:00:00,till_operator
SH-NRG-KHA-KTM-007-20260724-01,NRG-KHA-KTM-007,paulus.shikongo.00701,2026-07-24T07:00:00,2026-07-24T21:00:00,till_operator
SH-NRG-KHA-KTM-007-20260724-02,NRG-KHA-KTM-007,paulus.hamutenya.00702,2026-07-24T07:00:00,2026-07-24T21:00:00,till_operator
SH-NRG-KHA-KTM-007-20260724-03,NRG-KHA-KTM-007,paulus.amadhila.00703,2026-07-24T07:00:00,2026-07-24T21:00:00,till_operator
SH-NRG-KHA-KTM-007-20260724-04,NRG-KHA-KTM-007,paulus.nuugulu.00704,2026-07-24T07:00:00,2026-07-24T21:00:00,till_operator
SH-NRG-KHO-WDH-001-20260724-01,NRG-KHO-WDH-001,selma.amadhila.00101,2026-07-24T07:00:00,2026-07-24T21:00:00,till_operator
SH-NRG-KHO-WDH-001-20260724-02,NRG-KHO-WDH-001,selma.nuugulu.00102,2026-07-24T07:00:00,2026-07-24T21:00:00,till_operator
SH-NRG-KHO-WDH-001-20260724-03,NRG-KHO-WDH-001,selma.kavari.00103,2026-07-24T07:00:00,2026-07-24T21:00:00,till_operator
SH-NRG-KHO-WDH-001-20260724-04,NRG-KHO-WDH-001,selma.haufiku.00104,2026-07-24T07:00:00,2026-07-24T21:00:00,till_operator
SH-NRG-KHO-WDH-001-20260724-05,NRG-KHO-WDH-001,selma.mbeha.00105,2026-07-24T07:00:00,2026-07-24T21:00:00,till_operator
SH-NRG-KVE-RUN-005-20260724-01,NRG-KVE-RUN-005,martha.mbeha.00501,2026-07-24T07:00:00,2026-07-24T21:00:00,till_operator
SH-NRG-KVE-RUN-005-20260724-02,NRG-KVE-RUN-005,martha.nakale.00502,2026-07-24T07:00:00,2026-07-24T21:00:00,till_operator
SH-NRG-KVE-RUN-005-20260724-03,NRG-KVE-RUN-005,martha.shikongo.00503,2026-07-24T07:00:00,2026-07-24T21:00:00,till_operator
SH-NRG-KVE-RUN-005-20260724-04,NRG-KVE-RUN-005,martha.hamutenya.00504,2026-07-24T07:00:00,2026-07-24T21:00:00,till_operator
SH-NRG-KVE-RUN-005-20260724-05,NRG-KVE-RUN-005,martha.amadhila.00505,2026-07-24T07:00:00,2026-07-24T21:00:00,till_operator
SH-NRG-OME-GOB-010-20260724-01,NRG-OME-GOB-010,anna.nuugulu.01001,2026-07-24T07:00:00,2026-07-24T21:00:00,till_operator
SH-NRG-OME-GOB-010-20260724-02,NRG-OME-GOB-010,anna.kavari.01002,2026-07-24T07:00:00,2026-07-24T21:00:00,till_operator
SH-NRG-OME-GOB-010-20260724-03,NRG-OME-GOB-010,anna.haufiku.01003,2026-07-24T07:00:00,2026-07-24T21:00:00,till_operator
SH-NRG-OME-GOB-010-20260724-04,NRG-OME-GOB-010,anna.mbeha.01004,2026-07-24T07:00:00,2026-07-24T21:00:00,till_operator
SH-NRG-OSA-OND-012-20260724-01,NRG-OSA-OND-012,petrus.haufiku.01201,2026-07-24T07:00:00,2026-07-24T21:00:00,till_operator
SH-NRG-OSA-OND-012-20260724-02,NRG-OSA-OND-012,petrus.mbeha.01202,2026-07-24T07:00:00,2026-07-24T21:00:00,till_operator
SH-NRG-OSA-OND-012-20260724-03,NRG-OSA-OND-012,petrus.nakale.01203,2026-07-24T07:00:00,2026-07-24T21:00:00,till_operator
SH-NRG-OSA-OND-012-20260724-04,NRG-OSA-OND-012,petrus.shikongo.01204,2026-07-24T07:00:00,2026-07-24T21:00:00,till_operator
SH-NRG-OSA-OSK-004-20260724-01,NRG-OSA-OSK-004,petrus.haufiku.00401,2026-07-24T07:00:00,2026-07-24T21:00:00,till_operator
SH-NRG-OSA-OSK-004-20260724-02,NRG-OSA-OSK-004,petrus.mbeha.00402,2026-07-24T07:00:00,2026-07-24T21:00:00,till_operator
SH-NRG-OSA-OSK-004-20260724-03,NRG-OSA-OSK-004,petrus.nakale.00403,2026-07-24T07:00:00,2026-07-24T21:00:00,till_operator
SH-NRG-OSA-OSK-004-20260724-04,NRG-OSA-OSK-004,petrus.shikongo.00404,2026-07-24T07:00:00,2026-07-24T21:00:00,till_operator
SH-NRG-OSA-OSK-004-20260724-05,NRG-OSA-OSK-004,petrus.hamutenya.00405,2026-07-24T07:00:00,2026-07-24T21:00:00,till_operator
SH-NRG-OSI-TSU-009-20260724-01,NRG-OSI-TSU-009,selma.amadhila.00901,2026-07-24T07:00:00,2026-07-24T21:00:00,till_operator
SH-NRG-OSI-TSU-009-20260724-02,NRG-OSI-TSU-009,selma.nuugulu.00902,2026-07-24T07:00:00,2026-07-24T21:00:00,till_operator
SH-NRG-OSI-TSU-009-20260724-03,NRG-OSI-TSU-009,selma.kavari.00903,2026-07-24T07:00:00,2026-07-24T21:00:00,till_operator
SH-NRG-OSI-TSU-009-20260724-04,NRG-OSI-TSU-009,selma.haufiku.00904,2026-07-24T07:00:00,2026-07-24T21:00:00,till_operator
SH-NRG-OTJ-OTW-006-20260724-01,NRG-OTJ-OTW-006,nela.nakale.00601,2026-07-24T07:00:00,2026-07-24T21:00:00,till_operator
SH-NRG-OTJ-OTW-006-20260724-02,NRG-OTJ-OTW-006,nela.shikongo.00602,2026-07-24T07:00:00,2026-07-24T21:00:00,till_operator
SH-NRG-OTJ-OTW-006-20260724-03,NRG-OTJ-OTW-006,nela.hamutenya.00603,2026-07-24T07:00:00,2026-07-24T21:00:00,till_operator
SH-NRG-OTJ-OTW-006-20260724-04,NRG-OTJ-OTW-006,nela.amadhila.00604,2026-07-24T07:00:00,2026-07-24T21:00:00,till_operator
SH-NRG-OTJ-OTW-006-20260724-05,NRG-OTJ-OTW-006,nela.nuugulu.00605,2026-07-24T07:00:00,2026-07-24T21:00:00,till_operator
SH-NRG-ZAM-KTM-008-20260724-01,NRG-ZAM-KTM-008,elina.hamutenya.00801,2026-07-24T07:00:00,2026-07-24T21:00:00,till_operator
SH-NRG-ZAM-KTM-008-20260724-02,NRG-ZAM-KTM-008,elina.amadhila.00802,2026-07-24T07:00:00,2026-07-24T21:00:00,till_operator
SH-NRG-ZAM-KTM-008-20260724-03,NRG-ZAM-KTM-008,elina.nuugulu.00803,2026-07-24T07:00:00,2026-07-24T21:00:00,till_operator
SH-NRG-ZAM-KTM-008-20260724-04,NRG-ZAM-KTM-008,elina.kavari.00804,2026-07-24T07:00:00,2026-07-24T21:00:00,till_operator
SH-NRG-ERG-SWK-003-20260725-01,NRG-ERG-SWK-003,ndapewa.kavari.00301,2026-07-25T07:00:00,2026-07-25T21:00:00,till_operator
SH-NRG-ERG-SWK-003-20260725-02,NRG-ERG-SWK-003,ndapewa.haufiku.00302,2026-07-25T07:00:00,2026-07-25T21:00:00,till_operator
SH-NRG-ERG-SWK-003-20260725-03,NRG-ERG-SWK-003,ndapewa.mbeha.00303,2026-07-25T07:00:00,2026-07-25T21:00:00,till_operator
SH-NRG-ERG-SWK-003-20260725-04,NRG-ERG-SWK-003,ndapewa.nakale.00304,2026-07-25T07:00:00,2026-07-25T21:00:00,till_operator
SH-NRG-ERG-SWK-003-20260725-05,NRG-ERG-SWK-003,ndapewa.shikongo.00305,2026-07-25T07:00:00,2026-07-25T21:00:00,till_operator
SH-NRG-ERG-WVB-002-20260725-01,NRG-ERG-WVB-002,anna.nuugulu.00201,2026-07-25T07:00:00,2026-07-25T21:00:00,till_operator
SH-NRG-ERG-WVB-002-20260725-02,NRG-ERG-WVB-002,anna.kavari.00202,2026-07-25T07:00:00,2026-07-25T21:00:00,till_operator
SH-NRG-ERG-WVB-002-20260725-03,NRG-ERG-WVB-002,anna.haufiku.00203,2026-07-25T07:00:00,2026-07-25T21:00:00,till_operator
SH-NRG-ERG-WVB-002-20260725-04,NRG-ERG-WVB-002,anna.mbeha.00204,2026-07-25T07:00:00,2026-07-25T21:00:00,till_operator
SH-NRG-ERG-WVB-002-20260725-05,NRG-ERG-WVB-002,anna.nakale.00205,2026-07-25T07:00:00,2026-07-25T21:00:00,till_operator
SH-NRG-HAR-REH-011-20260725-01,NRG-HAR-REH-011,ndapewa.kavari.01101,2026-07-25T07:00:00,2026-07-25T21:00:00,till_operator
SH-NRG-HAR-REH-011-20260725-02,NRG-HAR-REH-011,ndapewa.haufiku.01102,2026-07-25T07:00:00,2026-07-25T21:00:00,till_operator
SH-NRG-HAR-REH-011-20260725-03,NRG-HAR-REH-011,ndapewa.mbeha.01103,2026-07-25T07:00:00,2026-07-25T21:00:00,till_operator
SH-NRG-HAR-REH-011-20260725-04,NRG-HAR-REH-011,ndapewa.nakale.01104,2026-07-25T07:00:00,2026-07-25T21:00:00,till_operator
SH-NRG-KHA-KTM-007-20260725-01,NRG-KHA-KTM-007,paulus.shikongo.00701,2026-07-25T07:00:00,2026-07-25T21:00:00,till_operator
SH-NRG-KHA-KTM-007-20260725-02,NRG-KHA-KTM-007,paulus.hamutenya.00702,2026-07-25T07:00:00,2026-07-25T21:00:00,till_operator
SH-NRG-KHA-KTM-007-20260725-03,NRG-KHA-KTM-007,paulus.amadhila.00703,2026-07-25T07:00:00,2026-07-25T21:00:00,till_operator
SH-NRG-KHA-KTM-007-20260725-04,NRG-KHA-KTM-007,paulus.nuugulu.00704,2026-07-25T07:00:00,2026-07-25T21:00:00,till_operator
SH-NRG-KHO-WDH-001-20260725-01,NRG-KHO-WDH-001,selma.amadhila.00101,2026-07-25T07:00:00,2026-07-25T21:00:00,till_operator
SH-NRG-KHO-WDH-001-20260725-02,NRG-KHO-WDH-001,selma.nuugulu.00102,2026-07-25T07:00:00,2026-07-25T21:00:00,till_operator
SH-NRG-KHO-WDH-001-20260725-03,NRG-KHO-WDH-001,selma.kavari.00103,2026-07-25T07:00:00,2026-07-25T21:00:00,till_operator
SH-NRG-KHO-WDH-001-20260725-04,NRG-KHO-WDH-001,selma.haufiku.00104,2026-07-25T07:00:00,2026-07-25T21:00:00,till_operator
SH-NRG-KHO-WDH-001-20260725-05,NRG-KHO-WDH-001,selma.mbeha.00105,2026-07-25T07:00:00,2026-07-25T21:00:00,till_operator
SH-NRG-KVE-RUN-005-20260725-01,NRG-KVE-RUN-005,martha.mbeha.00501,2026-07-25T07:00:00,2026-07-25T21:00:00,till_operator
SH-NRG-KVE-RUN-005-20260725-02,NRG-KVE-RUN-005,martha.nakale.00502,2026-07-25T07:00:00,2026-07-25T21:00:00,till_operator
SH-NRG-KVE-RUN-005-20260725-03,NRG-KVE-RUN-005,martha.shikongo.00503,2026-07-25T07:00:00,2026-07-25T21:00:00,till_operator
SH-NRG-KVE-RUN-005-20260725-04,NRG-KVE-RUN-005,martha.hamutenya.00504,2026-07-25T07:00:00,2026-07-25T21:00:00,till_operator
SH-NRG-KVE-RUN-005-20260725-05,NRG-KVE-RUN-005,martha.amadhila.00505,2026-07-25T07:00:00,2026-07-25T21:00:00,till_operator
SH-NRG-OME-GOB-010-20260725-01,NRG-OME-GOB-010,anna.nuugulu.01001,2026-07-25T07:00:00,2026-07-25T21:00:00,till_operator
SH-NRG-OME-GOB-010-20260725-02,NRG-OME-GOB-010,anna.kavari.01002,2026-07-25T07:00:00,2026-07-25T21:00:00,till_operator
SH-NRG-OME-GOB-010-20260725-03,NRG-OME-GOB-010,anna.haufiku.01003,2026-07-25T07:00:00,2026-07-25T21:00:00,till_operator
SH-NRG-OME-GOB-010-20260725-04,NRG-OME-GOB-010,anna.mbeha.01004,2026-07-25T07:00:00,2026-07-25T21:00:00,till_operator
SH-NRG-OSA-OND-012-20260725-01,NRG-OSA-OND-012,petrus.haufiku.01201,2026-07-25T07:00:00,2026-07-25T21:00:00,till_operator
SH-NRG-OSA-OND-012-20260725-02,NRG-OSA-OND-012,petrus.mbeha.01202,2026-07-25T07:00:00,2026-07-25T21:00:00,till_operator
SH-NRG-OSA-OND-012-20260725-03,NRG-OSA-OND-012,petrus.nakale.01203,2026-07-25T07:00:00,2026-07-25T21:00:00,till_operator
SH-NRG-OSA-OND-012-20260725-04,NRG-OSA-OND-012,petrus.shikongo.01204,2026-07-25T07:00:00,2026-07-25T21:00:00,till_operator
SH-NRG-OSA-OSK-004-20260725-01,NRG-OSA-OSK-004,petrus.haufiku.00401,2026-07-25T07:00:00,2026-07-25T21:00:00,till_operator
SH-NRG-OSA-OSK-004-20260725-02,NRG-OSA-OSK-004,petrus.mbeha.00402,2026-07-25T07:00:00,2026-07-25T21:00:00,till_operator
SH-NRG-OSA-OSK-004-20260725-03,NRG-OSA-OSK-004,petrus.nakale.00403,2026-07-25T07:00:00,2026-07-25T21:00:00,till_operator
SH-NRG-OSA-OSK-004-20260725-04,NRG-OSA-OSK-004,petrus.shikongo.00404,2026-07-25T07:00:00,2026-07-25T21:00:00,till_operator
SH-NRG-OSA-OSK-004-20260725-05,NRG-OSA-OSK-004,petrus.hamutenya.00405,2026-07-25T07:00:00,2026-07-25T21:00:00,till_operator
SH-NRG-OSI-TSU-009-20260725-01,NRG-OSI-TSU-009,selma.amadhila.00901,2026-07-25T07:00:00,2026-07-25T21:00:00,till_operator
SH-NRG-OSI-TSU-009-20260725-02,NRG-OSI-TSU-009,selma.nuugulu.00902,2026-07-25T07:00:00,2026-07-25T21:00:00,till_operator
SH-NRG-OSI-TSU-009-20260725-03,NRG-OSI-TSU-009,selma.kavari.00903,2026-07-25T07:00:00,2026-07-25T21:00:00,till_operator
SH-NRG-OSI-TSU-009-20260725-04,NRG-OSI-TSU-009,selma.haufiku.00904,2026-07-25T07:00:00,2026-07-25T21:00:00,till_operator
SH-NRG-OTJ-OTW-006-20260725-01,NRG-OTJ-OTW-006,nela.nakale.00601,2026-07-25T07:00:00,2026-07-25T21:00:00,till_operator
SH-NRG-OTJ-OTW-006-20260725-02,NRG-OTJ-OTW-006,nela.shikongo.00602,2026-07-25T07:00:00,2026-07-25T21:00:00,till_operator
SH-NRG-OTJ-OTW-006-20260725-03,NRG-OTJ-OTW-006,nela.hamutenya.00603,2026-07-25T07:00:00,2026-07-25T21:00:00,till_operator
SH-NRG-OTJ-OTW-006-20260725-04,NRG-OTJ-OTW-006,nela.amadhila.00604,2026-07-25T07:00:00,2026-07-25T21:00:00,till_operator
SH-NRG-OTJ-OTW-006-20260725-05,NRG-OTJ-OTW-006,nela.nuugulu.00605,2026-07-25T07:00:00,2026-07-25T21:00:00,till_operator
SH-NRG-ZAM-KTM-008-20260725-01,NRG-ZAM-KTM-008,elina.hamutenya.00801,2026-07-25T07:00:00,2026-07-25T21:00:00,till_operator
SH-NRG-ZAM-KTM-008-20260725-02,NRG-ZAM-KTM-008,elina.amadhila.00802,2026-07-25T07:00:00,2026-07-25T21:00:00,till_operator
SH-NRG-ZAM-KTM-008-20260725-03,NRG-ZAM-KTM-008,elina.nuugulu.00803,2026-07-25T07:00:00,2026-07-25T21:00:00,till_operator
SH-NRG-ZAM-KTM-008-20260725-04,NRG-ZAM-KTM-008,elina.kavari.00804,2026-07-25T07:00:00,2026-07-25T21:00:00,till_operator
SH-NRG-ERG-SWK-003-20260726-01,NRG-ERG-SWK-003,ndapewa.kavari.00301,2026-07-26T07:00:00,2026-07-26T21:00:00,till_operator
SH-NRG-ERG-SWK-003-20260726-02,NRG-ERG-SWK-003,ndapewa.haufiku.00302,2026-07-26T07:00:00,2026-07-26T21:00:00,till_operator
SH-NRG-ERG-SWK-003-20260726-03,NRG-ERG-SWK-003,ndapewa.mbeha.00303,2026-07-26T07:00:00,2026-07-26T21:00:00,till_operator
SH-NRG-ERG-SWK-003-20260726-04,NRG-ERG-SWK-003,ndapewa.nakale.00304,2026-07-26T07:00:00,2026-07-26T21:00:00,till_operator
SH-NRG-ERG-SWK-003-20260726-05,NRG-ERG-SWK-003,ndapewa.shikongo.00305,2026-07-26T07:00:00,2026-07-26T21:00:00,till_operator
SH-NRG-ERG-WVB-002-20260726-01,NRG-ERG-WVB-002,anna.nuugulu.00201,2026-07-26T07:00:00,2026-07-26T21:00:00,till_operator
SH-NRG-ERG-WVB-002-20260726-02,NRG-ERG-WVB-002,anna.kavari.00202,2026-07-26T07:00:00,2026-07-26T21:00:00,till_operator
SH-NRG-ERG-WVB-002-20260726-03,NRG-ERG-WVB-002,anna.haufiku.00203,2026-07-26T07:00:00,2026-07-26T21:00:00,till_operator
SH-NRG-ERG-WVB-002-20260726-04,NRG-ERG-WVB-002,anna.mbeha.00204,2026-07-26T07:00:00,2026-07-26T21:00:00,till_operator
SH-NRG-ERG-WVB-002-20260726-05,NRG-ERG-WVB-002,anna.nakale.00205,2026-07-26T07:00:00,2026-07-26T21:00:00,till_operator
SH-NRG-HAR-REH-011-20260726-01,NRG-HAR-REH-011,ndapewa.kavari.01101,2026-07-26T07:00:00,2026-07-26T21:00:00,till_operator
SH-NRG-HAR-REH-011-20260726-02,NRG-HAR-REH-011,ndapewa.haufiku.01102,2026-07-26T07:00:00,2026-07-26T21:00:00,till_operator
SH-NRG-HAR-REH-011-20260726-03,NRG-HAR-REH-011,ndapewa.mbeha.01103,2026-07-26T07:00:00,2026-07-26T21:00:00,till_operator
SH-NRG-HAR-REH-011-20260726-04,NRG-HAR-REH-011,ndapewa.nakale.01104,2026-07-26T07:00:00,2026-07-26T21:00:00,till_operator
SH-NRG-KHA-KTM-007-20260726-01,NRG-KHA-KTM-007,paulus.shikongo.00701,2026-07-26T07:00:00,2026-07-26T21:00:00,till_operator
SH-NRG-KHA-KTM-007-20260726-02,NRG-KHA-KTM-007,paulus.hamutenya.00702,2026-07-26T07:00:00,2026-07-26T21:00:00,till_operator
SH-NRG-KHA-KTM-007-20260726-03,NRG-KHA-KTM-007,paulus.amadhila.00703,2026-07-26T07:00:00,2026-07-26T21:00:00,till_operator
SH-NRG-KHA-KTM-007-20260726-04,NRG-KHA-KTM-007,paulus.nuugulu.00704,2026-07-26T07:00:00,2026-07-26T21:00:00,till_operator
SH-NRG-KHO-WDH-001-20260726-01,NRG-KHO-WDH-001,selma.amadhila.00101,2026-07-26T07:00:00,2026-07-26T21:00:00,till_operator
SH-NRG-KHO-WDH-001-20260726-02,NRG-KHO-WDH-001,selma.nuugulu.00102,2026-07-26T07:00:00,2026-07-26T21:00:00,till_operator
SH-NRG-KHO-WDH-001-20260726-03,NRG-KHO-WDH-001,selma.kavari.00103,2026-07-26T07:00:00,2026-07-26T21:00:00,till_operator
SH-NRG-KHO-WDH-001-20260726-04,NRG-KHO-WDH-001,selma.haufiku.00104,2026-07-26T07:00:00,2026-07-26T21:00:00,till_operator
SH-NRG-KHO-WDH-001-20260726-05,NRG-KHO-WDH-001,selma.mbeha.00105,2026-07-26T07:00:00,2026-07-26T21:00:00,till_operator
SH-NRG-KVE-RUN-005-20260726-01,NRG-KVE-RUN-005,martha.mbeha.00501,2026-07-26T07:00:00,2026-07-26T21:00:00,till_operator
SH-NRG-KVE-RUN-005-20260726-02,NRG-KVE-RUN-005,martha.nakale.00502,2026-07-26T07:00:00,2026-07-26T21:00:00,till_operator
SH-NRG-KVE-RUN-005-20260726-03,NRG-KVE-RUN-005,martha.shikongo.00503,2026-07-26T07:00:00,2026-07-26T21:00:00,till_operator
SH-NRG-KVE-RUN-005-20260726-04,NRG-KVE-RUN-005,martha.hamutenya.00504,2026-07-26T07:00:00,2026-07-26T21:00:00,till_operator
SH-NRG-KVE-RUN-005-20260726-05,NRG-KVE-RUN-005,martha.amadhila.00505,2026-07-26T07:00:00,2026-07-26T21:00:00,till_operator
SH-NRG-OME-GOB-010-20260726-01,NRG-OME-GOB-010,anna.nuugulu.01001,2026-07-26T07:00:00,2026-07-26T21:00:00,till_operator
SH-NRG-OME-GOB-010-20260726-02,NRG-OME-GOB-010,anna.kavari.01002,2026-07-26T07:00:00,2026-07-26T21:00:00,till_operator
SH-NRG-OME-GOB-010-20260726-03,NRG-OME-GOB-010,anna.haufiku.01003,2026-07-26T07:00:00,2026-07-26T21:00:00,till_operator
SH-NRG-OME-GOB-010-20260726-04,NRG-OME-GOB-010,anna.mbeha.01004,2026-07-26T07:00:00,2026-07-26T21:00:00,till_operator
SH-NRG-OSA-OND-012-20260726-01,NRG-OSA-OND-012,petrus.haufiku.01201,2026-07-26T07:00:00,2026-07-26T21:00:00,till_operator
SH-NRG-OSA-OND-012-20260726-02,NRG-OSA-OND-012,petrus.mbeha.01202,2026-07-26T07:00:00,2026-07-26T21:00:00,till_operator
SH-NRG-OSA-OND-012-20260726-03,NRG-OSA-OND-012,petrus.nakale.01203,2026-07-26T07:00:00,2026-07-26T21:00:00,till_operator
SH-NRG-OSA-OND-012-20260726-04,NRG-OSA-OND-012,petrus.shikongo.01204,2026-07-26T07:00:00,2026-07-26T21:00:00,till_operator
SH-NRG-OSA-OSK-004-20260726-01,NRG-OSA-OSK-004,petrus.haufiku.00401,2026-07-26T07:00:00,2026-07-26T21:00:00,till_operator
SH-NRG-OSA-OSK-004-20260726-02,NRG-OSA-OSK-004,petrus.mbeha.00402,2026-07-26T07:00:00,2026-07-26T21:00:00,till_operator
SH-NRG-OSA-OSK-004-20260726-03,NRG-OSA-OSK-004,petrus.nakale.00403,2026-07-26T07:00:00,2026-07-26T21:00:00,till_operator
SH-NRG-OSA-OSK-004-20260726-04,NRG-OSA-OSK-004,petrus.shikongo.00404,2026-07-26T07:00:00,2026-07-26T21:00:00,till_operator
SH-NRG-OSA-OSK-004-20260726-05,NRG-OSA-OSK-004,petrus.hamutenya.00405,2026-07-26T07:00:00,2026-07-26T21:00:00,till_operator
SH-NRG-OSI-TSU-009-20260726-01,NRG-OSI-TSU-009,selma.amadhila.00901,2026-07-26T07:00:00,2026-07-26T21:00:00,till_operator
SH-NRG-OSI-TSU-009-20260726-02,NRG-OSI-TSU-009,selma.nuugulu.00902,2026-07-26T07:00:00,2026-07-26T21:00:00,till_operator
SH-NRG-OSI-TSU-009-20260726-03,NRG-OSI-TSU-009,selma.kavari.00903,2026-07-26T07:00:00,2026-07-26T21:00:00,till_operator
SH-NRG-OSI-TSU-009-20260726-04,NRG-OSI-TSU-009,selma.haufiku.00904,2026-07-26T07:00:00,2026-07-26T21:00:00,till_operator
SH-NRG-OTJ-OTW-006-20260726-01,NRG-OTJ-OTW-006,nela.nakale.00601,2026-07-26T07:00:00,2026-07-26T21:00:00,till_operator
SH-NRG-OTJ-OTW-006-20260726-02,NRG-OTJ-OTW-006,nela.shikongo.00602,2026-07-26T07:00:00,2026-07-26T21:00:00,till_operator
SH-NRG-OTJ-OTW-006-20260726-03,NRG-OTJ-OTW-006,nela.hamutenya.00603,2026-07-26T07:00:00,2026-07-26T21:00:00,till_operator
SH-NRG-OTJ-OTW-006-20260726-04,NRG-OTJ-OTW-006,nela.amadhila.00604,2026-07-26T07:00:00,2026-07-26T21:00:00,till_operator
SH-NRG-OTJ-OTW-006-20260726-05,NRG-OTJ-OTW-006,nela.nuugulu.00605,2026-07-26T07:00:00,2026-07-26T21:00:00,till_operator
SH-NRG-ZAM-KTM-008-20260726-01,NRG-ZAM-KTM-008,elina.hamutenya.00801,2026-07-26T07:00:00,2026-07-26T21:00:00,till_operator
SH-NRG-ZAM-KTM-008-20260726-02,NRG-ZAM-KTM-008,elina.amadhila.00802,2026-07-26T07:00:00,2026-07-26T21:00:00,till_operator
SH-NRG-ZAM-KTM-008-20260726-03,NRG-ZAM-KTM-008,elina.nuugulu.00803,2026-07-26T07:00:00,2026-07-26T21:00:00,till_operator
SH-NRG-ZAM-KTM-008-20260726-04,NRG-ZAM-KTM-008,elina.kavari.00804,2026-07-26T07:00:00,2026-07-26T21:00:00,till_operator
SH-NRG-ERG-SWK-003-20260727-01,NRG-ERG-SWK-003,ndapewa.kavari.00301,2026-07-27T07:00:00,2026-07-27T21:00:00,till_operator
SH-NRG-ERG-SWK-003-20260727-02,NRG-ERG-SWK-003,ndapewa.haufiku.00302,2026-07-27T07:00:00,2026-07-27T21:00:00,till_operator
SH-NRG-ERG-SWK-003-20260727-03,NRG-ERG-SWK-003,ndapewa.mbeha.00303,2026-07-27T07:00:00,2026-07-27T21:00:00,till_operator
SH-NRG-ERG-SWK-003-20260727-04,NRG-ERG-SWK-003,ndapewa.nakale.00304,2026-07-27T07:00:00,2026-07-27T21:00:00,till_operator
SH-NRG-ERG-SWK-003-20260727-05,NRG-ERG-SWK-003,ndapewa.shikongo.00305,2026-07-27T07:00:00,2026-07-27T21:00:00,till_operator
SH-NRG-ERG-WVB-002-20260727-01,NRG-ERG-WVB-002,anna.nuugulu.00201,2026-07-27T07:00:00,2026-07-27T21:00:00,till_operator
SH-NRG-ERG-WVB-002-20260727-02,NRG-ERG-WVB-002,anna.kavari.00202,2026-07-27T07:00:00,2026-07-27T21:00:00,till_operator
SH-NRG-ERG-WVB-002-20260727-03,NRG-ERG-WVB-002,anna.haufiku.00203,2026-07-27T07:00:00,2026-07-27T21:00:00,till_operator
SH-NRG-ERG-WVB-002-20260727-04,NRG-ERG-WVB-002,anna.mbeha.00204,2026-07-27T07:00:00,2026-07-27T21:00:00,till_operator
SH-NRG-ERG-WVB-002-20260727-05,NRG-ERG-WVB-002,anna.nakale.00205,2026-07-27T07:00:00,2026-07-27T21:00:00,till_operator
SH-NRG-HAR-REH-011-20260727-01,NRG-HAR-REH-011,ndapewa.kavari.01101,2026-07-27T07:00:00,2026-07-27T21:00:00,till_operator
SH-NRG-HAR-REH-011-20260727-02,NRG-HAR-REH-011,ndapewa.haufiku.01102,2026-07-27T07:00:00,2026-07-27T21:00:00,till_operator
SH-NRG-HAR-REH-011-20260727-03,NRG-HAR-REH-011,ndapewa.mbeha.01103,2026-07-27T07:00:00,2026-07-27T21:00:00,till_operator
SH-NRG-HAR-REH-011-20260727-04,NRG-HAR-REH-011,ndapewa.nakale.01104,2026-07-27T07:00:00,2026-07-27T21:00:00,till_operator
SH-NRG-KHA-KTM-007-20260727-01,NRG-KHA-KTM-007,paulus.shikongo.00701,2026-07-27T07:00:00,2026-07-27T21:00:00,till_operator
SH-NRG-KHA-KTM-007-20260727-02,NRG-KHA-KTM-007,paulus.hamutenya.00702,2026-07-27T07:00:00,2026-07-27T21:00:00,till_operator
SH-NRG-KHA-KTM-007-20260727-03,NRG-KHA-KTM-007,paulus.amadhila.00703,2026-07-27T07:00:00,2026-07-27T21:00:00,till_operator
SH-NRG-KHA-KTM-007-20260727-04,NRG-KHA-KTM-007,paulus.nuugulu.00704,2026-07-27T07:00:00,2026-07-27T21:00:00,till_operator
SH-NRG-KHO-WDH-001-20260727-01,NRG-KHO-WDH-001,selma.amadhila.00101,2026-07-27T07:00:00,2026-07-27T21:00:00,till_operator
SH-NRG-KHO-WDH-001-20260727-02,NRG-KHO-WDH-001,selma.nuugulu.00102,2026-07-27T07:00:00,2026-07-27T21:00:00,till_operator
SH-NRG-KHO-WDH-001-20260727-03,NRG-KHO-WDH-001,selma.kavari.00103,2026-07-27T07:00:00,2026-07-27T21:00:00,till_operator
SH-NRG-KHO-WDH-001-20260727-04,NRG-KHO-WDH-001,selma.haufiku.00104,2026-07-27T07:00:00,2026-07-27T21:00:00,till_operator
SH-NRG-KHO-WDH-001-20260727-05,NRG-KHO-WDH-001,selma.mbeha.00105,2026-07-27T07:00:00,2026-07-27T21:00:00,till_operator
SH-NRG-KVE-RUN-005-20260727-01,NRG-KVE-RUN-005,martha.mbeha.00501,2026-07-27T07:00:00,2026-07-27T21:00:00,till_operator
SH-NRG-KVE-RUN-005-20260727-02,NRG-KVE-RUN-005,martha.nakale.00502,2026-07-27T07:00:00,2026-07-27T21:00:00,till_operator
SH-NRG-KVE-RUN-005-20260727-03,NRG-KVE-RUN-005,martha.shikongo.00503,2026-07-27T07:00:00,2026-07-27T21:00:00,till_operator
SH-NRG-KVE-RUN-005-20260727-04,NRG-KVE-RUN-005,martha.hamutenya.00504,2026-07-27T07:00:00,2026-07-27T21:00:00,till_operator
SH-NRG-KVE-RUN-005-20260727-05,NRG-KVE-RUN-005,martha.amadhila.00505,2026-07-27T07:00:00,2026-07-27T21:00:00,till_operator
SH-NRG-OME-GOB-010-20260727-01,NRG-OME-GOB-010,anna.nuugulu.01001,2026-07-27T07:00:00,2026-07-27T21:00:00,till_operator
SH-NRG-OME-GOB-010-20260727-02,NRG-OME-GOB-010,anna.kavari.01002,2026-07-27T07:00:00,2026-07-27T21:00:00,till_operator
SH-NRG-OME-GOB-010-20260727-03,NRG-OME-GOB-010,anna.haufiku.01003,2026-07-27T07:00:00,2026-07-27T21:00:00,till_operator
SH-NRG-OME-GOB-010-20260727-04,NRG-OME-GOB-010,anna.mbeha.01004,2026-07-27T07:00:00,2026-07-27T21:00:00,till_operator
SH-NRG-OSA-OND-012-20260727-01,NRG-OSA-OND-012,petrus.haufiku.01201,2026-07-27T07:00:00,2026-07-27T21:00:00,till_operator
SH-NRG-OSA-OND-012-20260727-02,NRG-OSA-OND-012,petrus.mbeha.01202,2026-07-27T07:00:00,2026-07-27T21:00:00,till_operator
SH-NRG-OSA-OND-012-20260727-03,NRG-OSA-OND-012,petrus.nakale.01203,2026-07-27T07:00:00,2026-07-27T21:00:00,till_operator
SH-NRG-OSA-OND-012-20260727-04,NRG-OSA-OND-012,petrus.shikongo.01204,2026-07-27T07:00:00,2026-07-27T21:00:00,till_operator
SH-NRG-OSA-OSK-004-20260727-01,NRG-OSA-OSK-004,petrus.haufiku.00401,2026-07-27T07:00:00,2026-07-27T21:00:00,till_operator
SH-NRG-OSA-OSK-004-20260727-02,NRG-OSA-OSK-004,petrus.mbeha.00402,2026-07-27T07:00:00,2026-07-27T21:00:00,till_operator
SH-NRG-OSA-OSK-004-20260727-03,NRG-OSA-OSK-004,petrus.nakale.00403,2026-07-27T07:00:00,2026-07-27T21:00:00,till_operator
SH-NRG-OSA-OSK-004-20260727-04,NRG-OSA-OSK-004,petrus.shikongo.00404,2026-07-27T07:00:00,2026-07-27T21:00:00,till_operator
SH-NRG-OSA-OSK-004-20260727-05,NRG-OSA-OSK-004,petrus.hamutenya.00405,2026-07-27T07:00:00,2026-07-27T21:00:00,till_operator
SH-NRG-OSI-TSU-009-20260727-01,NRG-OSI-TSU-009,selma.amadhila.00901,2026-07-27T07:00:00,2026-07-27T21:00:00,till_operator
SH-NRG-OSI-TSU-009-20260727-02,NRG-OSI-TSU-009,selma.nuugulu.00902,2026-07-27T07:00:00,2026-07-27T21:00:00,till_operator
SH-NRG-OSI-TSU-009-20260727-03,NRG-OSI-TSU-009,selma.kavari.00903,2026-07-27T07:00:00,2026-07-27T21:00:00,till_operator
SH-NRG-OSI-TSU-009-20260727-04,NRG-OSI-TSU-009,selma.haufiku.00904,2026-07-27T07:00:00,2026-07-27T21:00:00,till_operator
SH-NRG-OTJ-OTW-006-20260727-01,NRG-OTJ-OTW-006,nela.nakale.00601,2026-07-27T07:00:00,2026-07-27T21:00:00,till_operator
SH-NRG-OTJ-OTW-006-20260727-02,NRG-OTJ-OTW-006,nela.shikongo.00602,2026-07-27T07:00:00,2026-07-27T21:00:00,till_operator
SH-NRG-OTJ-OTW-006-20260727-03,NRG-OTJ-OTW-006,nela.hamutenya.00603,2026-07-27T07:00:00,2026-07-27T21:00:00,till_operator
SH-NRG-OTJ-OTW-006-20260727-04,NRG-OTJ-OTW-006,nela.amadhila.00604,2026-07-27T07:00:00,2026-07-27T21:00:00,till_operator
SH-NRG-OTJ-OTW-006-20260727-05,NRG-OTJ-OTW-006,nela.nuugulu.00605,2026-07-27T07:00:00,2026-07-27T21:00:00,till_operator
SH-NRG-ZAM-KTM-008-20260727-01,NRG-ZAM-KTM-008,elina.hamutenya.00801,2026-07-27T07:00:00,2026-07-27T21:00:00,till_operator
SH-NRG-ZAM-KTM-008-20260727-02,NRG-ZAM-KTM-008,elina.amadhila.00802,2026-07-27T07:00:00,2026-07-27T21:00:00,till_operator
SH-NRG-ZAM-KTM-008-20260727-03,NRG-ZAM-KTM-008,elina.nuugulu.00803,2026-07-27T07:00:00,2026-07-27T21:00:00,till_operator
SH-NRG-ZAM-KTM-008-20260727-04,NRG-ZAM-KTM-008,elina.kavari.00804,2026-07-27T07:00:00,2026-07-27T21:00:00,till_operator
SH-NRG-ERG-SWK-003-20260728-01,NRG-ERG-SWK-003,ndapewa.kavari.00301,2026-07-28T07:00:00,2026-07-28T21:00:00,till_operator
SH-NRG-ERG-SWK-003-20260728-02,NRG-ERG-SWK-003,ndapewa.haufiku.00302,2026-07-28T07:00:00,2026-07-28T21:00:00,till_operator
SH-NRG-ERG-SWK-003-20260728-03,NRG-ERG-SWK-003,ndapewa.mbeha.00303,2026-07-28T07:00:00,2026-07-28T21:00:00,till_operator
SH-NRG-ERG-SWK-003-20260728-04,NRG-ERG-SWK-003,ndapewa.nakale.00304,2026-07-28T07:00:00,2026-07-28T21:00:00,till_operator
SH-NRG-ERG-SWK-003-20260728-05,NRG-ERG-SWK-003,ndapewa.shikongo.00305,2026-07-28T07:00:00,2026-07-28T21:00:00,till_operator
SH-NRG-ERG-WVB-002-20260728-01,NRG-ERG-WVB-002,anna.nuugulu.00201,2026-07-28T07:00:00,2026-07-28T21:00:00,till_operator
SH-NRG-ERG-WVB-002-20260728-02,NRG-ERG-WVB-002,anna.kavari.00202,2026-07-28T07:00:00,2026-07-28T21:00:00,till_operator
SH-NRG-ERG-WVB-002-20260728-03,NRG-ERG-WVB-002,anna.haufiku.00203,2026-07-28T07:00:00,2026-07-28T21:00:00,till_operator
SH-NRG-ERG-WVB-002-20260728-04,NRG-ERG-WVB-002,anna.mbeha.00204,2026-07-28T07:00:00,2026-07-28T21:00:00,till_operator
SH-NRG-ERG-WVB-002-20260728-05,NRG-ERG-WVB-002,anna.nakale.00205,2026-07-28T07:00:00,2026-07-28T21:00:00,till_operator
SH-NRG-HAR-REH-011-20260728-01,NRG-HAR-REH-011,ndapewa.kavari.01101,2026-07-28T07:00:00,2026-07-28T21:00:00,till_operator
SH-NRG-HAR-REH-011-20260728-02,NRG-HAR-REH-011,ndapewa.haufiku.01102,2026-07-28T07:00:00,2026-07-28T21:00:00,till_operator
SH-NRG-HAR-REH-011-20260728-03,NRG-HAR-REH-011,ndapewa.mbeha.01103,2026-07-28T07:00:00,2026-07-28T21:00:00,till_operator
SH-NRG-HAR-REH-011-20260728-04,NRG-HAR-REH-011,ndapewa.nakale.01104,2026-07-28T07:00:00,2026-07-28T21:00:00,till_operator
SH-NRG-KHA-KTM-007-20260728-01,NRG-KHA-KTM-007,paulus.shikongo.00701,2026-07-28T07:00:00,2026-07-28T21:00:00,till_operator
SH-NRG-KHA-KTM-007-20260728-02,NRG-KHA-KTM-007,paulus.hamutenya.00702,2026-07-28T07:00:00,2026-07-28T21:00:00,till_operator
SH-NRG-KHA-KTM-007-20260728-03,NRG-KHA-KTM-007,paulus.amadhila.00703,2026-07-28T07:00:00,2026-07-28T21:00:00,till_operator
SH-NRG-KHA-KTM-007-20260728-04,NRG-KHA-KTM-007,paulus.nuugulu.00704,2026-07-28T07:00:00,2026-07-28T21:00:00,till_operator
SH-NRG-KHO-WDH-001-20260728-01,NRG-KHO-WDH-001,selma.amadhila.00101,2026-07-28T07:00:00,2026-07-28T21:00:00,till_operator
SH-NRG-KHO-WDH-001-20260728-02,NRG-KHO-WDH-001,selma.nuugulu.00102,2026-07-28T07:00:00,2026-07-28T21:00:00,till_operator
SH-NRG-KHO-WDH-001-20260728-03,NRG-KHO-WDH-001,selma.kavari.00103,2026-07-28T07:00:00,2026-07-28T21:00:00,till_operator
SH-NRG-KHO-WDH-001-20260728-04,NRG-KHO-WDH-001,selma.haufiku.00104,2026-07-28T07:00:00,2026-07-28T21:00:00,till_operator
SH-NRG-KHO-WDH-001-20260728-05,NRG-KHO-WDH-001,selma.mbeha.00105,2026-07-28T07:00:00,2026-07-28T21:00:00,till_operator
SH-NRG-KVE-RUN-005-20260728-01,NRG-KVE-RUN-005,martha.mbeha.00501,2026-07-28T07:00:00,2026-07-28T21:00:00,till_operator
SH-NRG-KVE-RUN-005-20260728-02,NRG-KVE-RUN-005,martha.nakale.00502,2026-07-28T07:00:00,2026-07-28T21:00:00,till_operator
SH-NRG-KVE-RUN-005-20260728-03,NRG-KVE-RUN-005,martha.shikongo.00503,2026-07-28T07:00:00,2026-07-28T21:00:00,till_operator
SH-NRG-KVE-RUN-005-20260728-04,NRG-KVE-RUN-005,martha.hamutenya.00504,2026-07-28T07:00:00,2026-07-28T21:00:00,till_operator
SH-NRG-KVE-RUN-005-20260728-05,NRG-KVE-RUN-005,martha.amadhila.00505,2026-07-28T07:00:00,2026-07-28T21:00:00,till_operator
SH-NRG-OME-GOB-010-20260728-01,NRG-OME-GOB-010,anna.nuugulu.01001,2026-07-28T07:00:00,2026-07-28T21:00:00,till_operator
SH-NRG-OME-GOB-010-20260728-02,NRG-OME-GOB-010,anna.kavari.01002,2026-07-28T07:00:00,2026-07-28T21:00:00,till_operator
SH-NRG-OME-GOB-010-20260728-03,NRG-OME-GOB-010,anna.haufiku.01003,2026-07-28T07:00:00,2026-07-28T21:00:00,till_operator
SH-NRG-OME-GOB-010-20260728-04,NRG-OME-GOB-010,anna.mbeha.01004,2026-07-28T07:00:00,2026-07-28T21:00:00,till_operator
SH-NRG-OSA-OND-012-20260728-01,NRG-OSA-OND-012,petrus.haufiku.01201,2026-07-28T07:00:00,2026-07-28T21:00:00,till_operator
SH-NRG-OSA-OND-012-20260728-02,NRG-OSA-OND-012,petrus.mbeha.01202,2026-07-28T07:00:00,2026-07-28T21:00:00,till_operator
SH-NRG-OSA-OND-012-20260728-03,NRG-OSA-OND-012,petrus.nakale.01203,2026-07-28T07:00:00,2026-07-28T21:00:00,till_operator
SH-NRG-OSA-OND-012-20260728-04,NRG-OSA-OND-012,petrus.shikongo.01204,2026-07-28T07:00:00,2026-07-28T21:00:00,till_operator
SH-NRG-OSA-OSK-004-20260728-01,NRG-OSA-OSK-004,petrus.haufiku.00401,2026-07-28T07:00:00,2026-07-28T21:00:00,till_operator
SH-NRG-OSA-OSK-004-20260728-02,NRG-OSA-OSK-004,petrus.mbeha.00402,2026-07-28T07:00:00,2026-07-28T21:00:00,till_operator
SH-NRG-OSA-OSK-004-20260728-03,NRG-OSA-OSK-004,petrus.nakale.00403,2026-07-28T07:00:00,2026-07-28T21:00:00,till_operator
SH-NRG-OSA-OSK-004-20260728-04,NRG-OSA-OSK-004,petrus.shikongo.00404,2026-07-28T07:00:00,2026-07-28T21:00:00,till_operator
SH-NRG-OSA-OSK-004-20260728-05,NRG-OSA-OSK-004,petrus.hamutenya.00405,2026-07-28T07:00:00,2026-07-28T21:00:00,till_operator
SH-NRG-OSI-TSU-009-20260728-01,NRG-OSI-TSU-009,selma.amadhila.00901,2026-07-28T07:00:00,2026-07-28T21:00:00,till_operator
SH-NRG-OSI-TSU-009-20260728-02,NRG-OSI-TSU-009,selma.nuugulu.00902,2026-07-28T07:00:00,2026-07-28T21:00:00,till_operator
SH-NRG-OSI-TSU-009-20260728-03,NRG-OSI-TSU-009,selma.kavari.00903,2026-07-28T07:00:00,2026-07-28T21:00:00,till_operator
SH-NRG-OSI-TSU-009-20260728-04,NRG-OSI-TSU-009,selma.haufiku.00904,2026-07-28T07:00:00,2026-07-28T21:00:00,till_operator
SH-NRG-OTJ-OTW-006-20260728-01,NRG-OTJ-OTW-006,nela.nakale.00601,2026-07-28T07:00:00,2026-07-28T21:00:00,till_operator
SH-NRG-OTJ-OTW-006-20260728-02,NRG-OTJ-OTW-006,nela.shikongo.00602,2026-07-28T07:00:00,2026-07-28T21:00:00,till_operator
SH-NRG-OTJ-OTW-006-20260728-03,NRG-OTJ-OTW-006,nela.hamutenya.00603,2026-07-28T07:00:00,2026-07-28T21:00:00,till_operator
SH-NRG-OTJ-OTW-006-20260728-04,NRG-OTJ-OTW-006,nela.amadhila.00604,2026-07-28T07:00:00,2026-07-28T21:00:00,till_operator
SH-NRG-OTJ-OTW-006-20260728-05,NRG-OTJ-OTW-006,nela.nuugulu.00605,2026-07-28T07:00:00,2026-07-28T21:00:00,till_operator
SH-NRG-ZAM-KTM-008-20260728-01,NRG-ZAM-KTM-008,elina.hamutenya.00801,2026-07-28T07:00:00,2026-07-28T21:00:00,till_operator
SH-NRG-ZAM-KTM-008-20260728-02,NRG-ZAM-KTM-008,elina.amadhila.00802,2026-07-28T07:00:00,2026-07-28T21:00:00,till_operator
SH-NRG-ZAM-KTM-008-20260728-03,NRG-ZAM-KTM-008,elina.nuugulu.00803,2026-07-28T07:00:00,2026-07-28T21:00:00,till_operator
SH-NRG-ZAM-KTM-008-20260728-04,NRG-ZAM-KTM-008,elina.kavari.00804,2026-07-28T07:00:00,2026-07-28T21:00:00,till_operator
SH-NRG-ERG-SWK-003-20260729-01,NRG-ERG-SWK-003,ndapewa.kavari.00301,2026-07-29T07:00:00,2026-07-29T21:00:00,till_operator
SH-NRG-ERG-SWK-003-20260729-02,NRG-ERG-SWK-003,ndapewa.haufiku.00302,2026-07-29T07:00:00,2026-07-29T21:00:00,till_operator
SH-NRG-ERG-SWK-003-20260729-03,NRG-ERG-SWK-003,ndapewa.mbeha.00303,2026-07-29T07:00:00,2026-07-29T21:00:00,till_operator
SH-NRG-ERG-SWK-003-20260729-04,NRG-ERG-SWK-003,ndapewa.nakale.00304,2026-07-29T07:00:00,2026-07-29T21:00:00,till_operator
SH-NRG-ERG-SWK-003-20260729-05,NRG-ERG-SWK-003,ndapewa.shikongo.00305,2026-07-29T07:00:00,2026-07-29T21:00:00,till_operator
SH-NRG-ERG-WVB-002-20260729-01,NRG-ERG-WVB-002,anna.nuugulu.00201,2026-07-29T07:00:00,2026-07-29T21:00:00,till_operator
SH-NRG-ERG-WVB-002-20260729-02,NRG-ERG-WVB-002,anna.kavari.00202,2026-07-29T07:00:00,2026-07-29T21:00:00,till_operator
SH-NRG-ERG-WVB-002-20260729-03,NRG-ERG-WVB-002,anna.haufiku.00203,2026-07-29T07:00:00,2026-07-29T21:00:00,till_operator
SH-NRG-ERG-WVB-002-20260729-04,NRG-ERG-WVB-002,anna.mbeha.00204,2026-07-29T07:00:00,2026-07-29T21:00:00,till_operator
SH-NRG-ERG-WVB-002-20260729-05,NRG-ERG-WVB-002,anna.nakale.00205,2026-07-29T07:00:00,2026-07-29T21:00:00,till_operator
SH-NRG-HAR-REH-011-20260729-01,NRG-HAR-REH-011,ndapewa.kavari.01101,2026-07-29T07:00:00,2026-07-29T21:00:00,till_operator
SH-NRG-HAR-REH-011-20260729-02,NRG-HAR-REH-011,ndapewa.haufiku.01102,2026-07-29T07:00:00,2026-07-29T21:00:00,till_operator
SH-NRG-HAR-REH-011-20260729-03,NRG-HAR-REH-011,ndapewa.mbeha.01103,2026-07-29T07:00:00,2026-07-29T21:00:00,till_operator
SH-NRG-HAR-REH-011-20260729-04,NRG-HAR-REH-011,ndapewa.nakale.01104,2026-07-29T07:00:00,2026-07-29T21:00:00,till_operator
SH-NRG-KHA-KTM-007-20260729-01,NRG-KHA-KTM-007,paulus.shikongo.00701,2026-07-29T07:00:00,2026-07-29T21:00:00,till_operator
SH-NRG-KHA-KTM-007-20260729-02,NRG-KHA-KTM-007,paulus.hamutenya.00702,2026-07-29T07:00:00,2026-07-29T21:00:00,till_operator
SH-NRG-KHA-KTM-007-20260729-03,NRG-KHA-KTM-007,paulus.amadhila.00703,2026-07-29T07:00:00,2026-07-29T21:00:00,till_operator
SH-NRG-KHA-KTM-007-20260729-04,NRG-KHA-KTM-007,paulus.nuugulu.00704,2026-07-29T07:00:00,2026-07-29T21:00:00,till_operator
SH-NRG-KHO-WDH-001-20260729-01,NRG-KHO-WDH-001,selma.amadhila.00101,2026-07-29T07:00:00,2026-07-29T21:00:00,till_operator
SH-NRG-KHO-WDH-001-20260729-02,NRG-KHO-WDH-001,selma.nuugulu.00102,2026-07-29T07:00:00,2026-07-29T21:00:00,till_operator
SH-NRG-KHO-WDH-001-20260729-03,NRG-KHO-WDH-001,selma.kavari.00103,2026-07-29T07:00:00,2026-07-29T21:00:00,till_operator
SH-NRG-KHO-WDH-001-20260729-04,NRG-KHO-WDH-001,selma.haufiku.00104,2026-07-29T07:00:00,2026-07-29T21:00:00,till_operator
SH-NRG-KHO-WDH-001-20260729-05,NRG-KHO-WDH-001,selma.mbeha.00105,2026-07-29T07:00:00,2026-07-29T21:00:00,till_operator
SH-NRG-KVE-RUN-005-20260729-01,NRG-KVE-RUN-005,martha.mbeha.00501,2026-07-29T07:00:00,2026-07-29T21:00:00,till_operator
SH-NRG-KVE-RUN-005-20260729-02,NRG-KVE-RUN-005,martha.nakale.00502,2026-07-29T07:00:00,2026-07-29T21:00:00,till_operator
SH-NRG-KVE-RUN-005-20260729-03,NRG-KVE-RUN-005,martha.shikongo.00503,2026-07-29T07:00:00,2026-07-29T21:00:00,till_operator
SH-NRG-KVE-RUN-005-20260729-04,NRG-KVE-RUN-005,martha.hamutenya.00504,2026-07-29T07:00:00,2026-07-29T21:00:00,till_operator
SH-NRG-KVE-RUN-005-20260729-05,NRG-KVE-RUN-005,martha.amadhila.00505,2026-07-29T07:00:00,2026-07-29T21:00:00,till_operator
SH-NRG-OME-GOB-010-20260729-01,NRG-OME-GOB-010,anna.nuugulu.01001,2026-07-29T07:00:00,2026-07-29T21:00:00,till_operator
SH-NRG-OME-GOB-010-20260729-02,NRG-OME-GOB-010,anna.kavari.01002,2026-07-29T07:00:00,2026-07-29T21:00:00,till_operator
SH-NRG-OME-GOB-010-20260729-03,NRG-OME-GOB-010,anna.haufiku.01003,2026-07-29T07:00:00,2026-07-29T21:00:00,till_operator
SH-NRG-OME-GOB-010-20260729-04,NRG-OME-GOB-010,anna.mbeha.01004,2026-07-29T07:00:00,2026-07-29T21:00:00,till_operator
SH-NRG-OSA-OND-012-20260729-01,NRG-OSA-OND-012,petrus.haufiku.01201,2026-07-29T07:00:00,2026-07-29T21:00:00,till_operator
SH-NRG-OSA-OND-012-20260729-02,NRG-OSA-OND-012,petrus.mbeha.01202,2026-07-29T07:00:00,2026-07-29T21:00:00,till_operator
SH-NRG-OSA-OND-012-20260729-03,NRG-OSA-OND-012,petrus.nakale.01203,2026-07-29T07:00:00,2026-07-29T21:00:00,till_operator
SH-NRG-OSA-OND-012-20260729-04,NRG-OSA-OND-012,petrus.shikongo.01204,2026-07-29T07:00:00,2026-07-29T21:00:00,till_operator
SH-NRG-OSA-OSK-004-20260729-01,NRG-OSA-OSK-004,petrus.haufiku.00401,2026-07-29T07:00:00,2026-07-29T21:00:00,till_operator
SH-NRG-OSA-OSK-004-20260729-02,NRG-OSA-OSK-004,petrus.mbeha.00402,2026-07-29T07:00:00,2026-07-29T21:00:00,till_operator
SH-NRG-OSA-OSK-004-20260729-03,NRG-OSA-OSK-004,petrus.nakale.00403,2026-07-29T07:00:00,2026-07-29T21:00:00,till_operator
SH-NRG-OSA-OSK-004-20260729-04,NRG-OSA-OSK-004,petrus.shikongo.00404,2026-07-29T07:00:00,2026-07-29T21:00:00,till_operator
SH-NRG-OSA-OSK-004-20260729-05,NRG-OSA-OSK-004,petrus.hamutenya.00405,2026-07-29T07:00:00,2026-07-29T21:00:00,till_operator
SH-NRG-OSI-TSU-009-20260729-01,NRG-OSI-TSU-009,selma.amadhila.00901,2026-07-29T07:00:00,2026-07-29T21:00:00,till_operator
SH-NRG-OSI-TSU-009-20260729-02,NRG-OSI-TSU-009,selma.nuugulu.00902,2026-07-29T07:00:00,2026-07-29T21:00:00,till_operator
SH-NRG-OSI-TSU-009-20260729-03,NRG-OSI-TSU-009,selma.kavari.00903,2026-07-29T07:00:00,2026-07-29T21:00:00,till_operator
SH-NRG-OSI-TSU-009-20260729-04,NRG-OSI-TSU-009,selma.haufiku.00904,2026-07-29T07:00:00,2026-07-29T21:00:00,till_operator
SH-NRG-OTJ-OTW-006-20260729-01,NRG-OTJ-OTW-006,nela.nakale.00601,2026-07-29T07:00:00,2026-07-29T21:00:00,till_operator
SH-NRG-OTJ-OTW-006-20260729-02,NRG-OTJ-OTW-006,nela.shikongo.00602,2026-07-29T07:00:00,2026-07-29T21:00:00,till_operator
SH-NRG-OTJ-OTW-006-20260729-03,NRG-OTJ-OTW-006,nela.hamutenya.00603,2026-07-29T07:00:00,2026-07-29T21:00:00,till_operator
SH-NRG-OTJ-OTW-006-20260729-04,NRG-OTJ-OTW-006,nela.amadhila.00604,2026-07-29T07:00:00,2026-07-29T21:00:00,till_operator
SH-NRG-OTJ-OTW-006-20260729-05,NRG-OTJ-OTW-006,nela.nuugulu.00605,2026-07-29T07:00:00,2026-07-29T21:00:00,till_operator
SH-NRG-ZAM-KTM-008-20260729-01,NRG-ZAM-KTM-008,elina.hamutenya.00801,2026-07-29T07:00:00,2026-07-29T21:00:00,till_operator
SH-NRG-ZAM-KTM-008-20260729-02,NRG-ZAM-KTM-008,elina.amadhila.00802,2026-07-29T07:00:00,2026-07-29T21:00:00,till_operator
SH-NRG-ZAM-KTM-008-20260729-03,NRG-ZAM-KTM-008,elina.nuugulu.00803,2026-07-29T07:00:00,2026-07-29T21:00:00,till_operator
SH-NRG-ZAM-KTM-008-20260729-04,NRG-ZAM-KTM-008,elina.kavari.00804,2026-07-29T07:00:00,2026-07-29T21:00:00,till_operator
SH-NRG-ERG-SWK-003-20260730-01,NRG-ERG-SWK-003,ndapewa.kavari.00301,2026-07-30T07:00:00,2026-07-30T21:00:00,till_operator
SH-NRG-ERG-SWK-003-20260730-02,NRG-ERG-SWK-003,ndapewa.haufiku.00302,2026-07-30T07:00:00,2026-07-30T21:00:00,till_operator
SH-NRG-ERG-SWK-003-20260730-03,NRG-ERG-SWK-003,ndapewa.mbeha.00303,2026-07-30T07:00:00,2026-07-30T21:00:00,till_operator
SH-NRG-ERG-SWK-003-20260730-04,NRG-ERG-SWK-003,ndapewa.nakale.00304,2026-07-30T07:00:00,2026-07-30T21:00:00,till_operator
SH-NRG-ERG-SWK-003-20260730-05,NRG-ERG-SWK-003,ndapewa.shikongo.00305,2026-07-30T07:00:00,2026-07-30T21:00:00,till_operator
SH-NRG-ERG-WVB-002-20260730-01,NRG-ERG-WVB-002,anna.nuugulu.00201,2026-07-30T07:00:00,2026-07-30T21:00:00,till_operator
SH-NRG-ERG-WVB-002-20260730-02,NRG-ERG-WVB-002,anna.kavari.00202,2026-07-30T07:00:00,2026-07-30T21:00:00,till_operator
SH-NRG-ERG-WVB-002-20260730-03,NRG-ERG-WVB-002,anna.haufiku.00203,2026-07-30T07:00:00,2026-07-30T21:00:00,till_operator
SH-NRG-ERG-WVB-002-20260730-04,NRG-ERG-WVB-002,anna.mbeha.00204,2026-07-30T07:00:00,2026-07-30T21:00:00,till_operator
SH-NRG-ERG-WVB-002-20260730-05,NRG-ERG-WVB-002,anna.nakale.00205,2026-07-30T07:00:00,2026-07-30T21:00:00,till_operator
SH-NRG-HAR-REH-011-20260730-01,NRG-HAR-REH-011,ndapewa.kavari.01101,2026-07-30T07:00:00,2026-07-30T21:00:00,till_operator
SH-NRG-HAR-REH-011-20260730-02,NRG-HAR-REH-011,ndapewa.haufiku.01102,2026-07-30T07:00:00,2026-07-30T21:00:00,till_operator
SH-NRG-HAR-REH-011-20260730-03,NRG-HAR-REH-011,ndapewa.mbeha.01103,2026-07-30T07:00:00,2026-07-30T21:00:00,till_operator
SH-NRG-HAR-REH-011-20260730-04,NRG-HAR-REH-011,ndapewa.nakale.01104,2026-07-30T07:00:00,2026-07-30T21:00:00,till_operator
SH-NRG-KHA-KTM-007-20260730-01,NRG-KHA-KTM-007,paulus.shikongo.00701,2026-07-30T07:00:00,2026-07-30T21:00:00,till_operator
SH-NRG-KHA-KTM-007-20260730-02,NRG-KHA-KTM-007,paulus.hamutenya.00702,2026-07-30T07:00:00,2026-07-30T21:00:00,till_operator
SH-NRG-KHA-KTM-007-20260730-03,NRG-KHA-KTM-007,paulus.amadhila.00703,2026-07-30T07:00:00,2026-07-30T21:00:00,till_operator
SH-NRG-KHA-KTM-007-20260730-04,NRG-KHA-KTM-007,paulus.nuugulu.00704,2026-07-30T07:00:00,2026-07-30T21:00:00,till_operator
SH-NRG-KHO-WDH-001-20260730-01,NRG-KHO-WDH-001,selma.amadhila.00101,2026-07-30T07:00:00,2026-07-30T21:00:00,till_operator
SH-NRG-KHO-WDH-001-20260730-02,NRG-KHO-WDH-001,selma.nuugulu.00102,2026-07-30T07:00:00,2026-07-30T21:00:00,till_operator
SH-NRG-KHO-WDH-001-20260730-03,NRG-KHO-WDH-001,selma.kavari.00103,2026-07-30T07:00:00,2026-07-30T21:00:00,till_operator
SH-NRG-KHO-WDH-001-20260730-04,NRG-KHO-WDH-001,selma.haufiku.00104,2026-07-30T07:00:00,2026-07-30T21:00:00,till_operator
SH-NRG-KHO-WDH-001-20260730-05,NRG-KHO-WDH-001,selma.mbeha.00105,2026-07-30T07:00:00,2026-07-30T21:00:00,till_operator
SH-NRG-KVE-RUN-005-20260730-01,NRG-KVE-RUN-005,martha.mbeha.00501,2026-07-30T07:00:00,2026-07-30T21:00:00,till_operator
SH-NRG-KVE-RUN-005-20260730-02,NRG-KVE-RUN-005,martha.nakale.00502,2026-07-30T07:00:00,2026-07-30T21:00:00,till_operator
SH-NRG-KVE-RUN-005-20260730-03,NRG-KVE-RUN-005,martha.shikongo.00503,2026-07-30T07:00:00,2026-07-30T21:00:00,till_operator
SH-NRG-KVE-RUN-005-20260730-04,NRG-KVE-RUN-005,martha.hamutenya.00504,2026-07-30T07:00:00,2026-07-30T21:00:00,till_operator
SH-NRG-KVE-RUN-005-20260730-05,NRG-KVE-RUN-005,martha.amadhila.00505,2026-07-30T07:00:00,2026-07-30T21:00:00,till_operator
SH-NRG-OME-GOB-010-20260730-01,NRG-OME-GOB-010,anna.nuugulu.01001,2026-07-30T07:00:00,2026-07-30T21:00:00,till_operator
SH-NRG-OME-GOB-010-20260730-02,NRG-OME-GOB-010,anna.kavari.01002,2026-07-30T07:00:00,2026-07-30T21:00:00,till_operator
SH-NRG-OME-GOB-010-20260730-03,NRG-OME-GOB-010,anna.haufiku.01003,2026-07-30T07:00:00,2026-07-30T21:00:00,till_operator
SH-NRG-OME-GOB-010-20260730-04,NRG-OME-GOB-010,anna.mbeha.01004,2026-07-30T07:00:00,2026-07-30T21:00:00,till_operator
SH-NRG-OSA-OND-012-20260730-01,NRG-OSA-OND-012,petrus.haufiku.01201,2026-07-30T07:00:00,2026-07-30T21:00:00,till_operator
SH-NRG-OSA-OND-012-20260730-02,NRG-OSA-OND-012,petrus.mbeha.01202,2026-07-30T07:00:00,2026-07-30T21:00:00,till_operator
SH-NRG-OSA-OND-012-20260730-03,NRG-OSA-OND-012,petrus.nakale.01203,2026-07-30T07:00:00,2026-07-30T21:00:00,till_operator
SH-NRG-OSA-OND-012-20260730-04,NRG-OSA-OND-012,petrus.shikongo.01204,2026-07-30T07:00:00,2026-07-30T21:00:00,till_operator
SH-NRG-OSA-OSK-004-20260730-01,NRG-OSA-OSK-004,petrus.haufiku.00401,2026-07-30T07:00:00,2026-07-30T21:00:00,till_operator
SH-NRG-OSA-OSK-004-20260730-02,NRG-OSA-OSK-004,petrus.mbeha.00402,2026-07-30T07:00:00,2026-07-30T21:00:00,till_operator
SH-NRG-OSA-OSK-004-20260730-03,NRG-OSA-OSK-004,petrus.nakale.00403,2026-07-30T07:00:00,2026-07-30T21:00:00,till_operator
SH-NRG-OSA-OSK-004-20260730-04,NRG-OSA-OSK-004,petrus.shikongo.00404,2026-07-30T07:00:00,2026-07-30T21:00:00,till_operator
SH-NRG-OSA-OSK-004-20260730-05,NRG-OSA-OSK-004,petrus.hamutenya.00405,2026-07-30T07:00:00,2026-07-30T21:00:00,till_operator
SH-NRG-OSI-TSU-009-20260730-01,NRG-OSI-TSU-009,selma.amadhila.00901,2026-07-30T07:00:00,2026-07-30T21:00:00,till_operator
SH-NRG-OSI-TSU-009-20260730-02,NRG-OSI-TSU-009,selma.nuugulu.00902,2026-07-30T07:00:00,2026-07-30T21:00:00,till_operator
SH-NRG-OSI-TSU-009-20260730-03,NRG-OSI-TSU-009,selma.kavari.00903,2026-07-30T07:00:00,2026-07-30T21:00:00,till_operator
SH-NRG-OSI-TSU-009-20260730-04,NRG-OSI-TSU-009,selma.haufiku.00904,2026-07-30T07:00:00,2026-07-30T21:00:00,till_operator
SH-NRG-OTJ-OTW-006-20260730-01,NRG-OTJ-OTW-006,nela.nakale.00601,2026-07-30T07:00:00,2026-07-30T21:00:00,till_operator
SH-NRG-OTJ-OTW-006-20260730-02,NRG-OTJ-OTW-006,nela.shikongo.00602,2026-07-30T07:00:00,2026-07-30T21:00:00,till_operator
SH-NRG-OTJ-OTW-006-20260730-03,NRG-OTJ-OTW-006,nela.hamutenya.00603,2026-07-30T07:00:00,2026-07-30T21:00:00,till_operator
SH-NRG-OTJ-OTW-006-20260730-04,NRG-OTJ-OTW-006,nela.amadhila.00604,2026-07-30T07:00:00,2026-07-30T21:00:00,till_operator
SH-NRG-OTJ-OTW-006-20260730-05,NRG-OTJ-OTW-006,nela.nuugulu.00605,2026-07-30T07:00:00,2026-07-30T21:00:00,till_operator
SH-NRG-ZAM-KTM-008-20260730-01,NRG-ZAM-KTM-008,elina.hamutenya.00801,2026-07-30T07:00:00,2026-07-30T21:00:00,till_operator
SH-NRG-ZAM-KTM-008-20260730-02,NRG-ZAM-KTM-008,elina.amadhila.00802,2026-07-30T07:00:00,2026-07-30T21:00:00,till_operator
SH-NRG-ZAM-KTM-008-20260730-03,NRG-ZAM-KTM-008,elina.nuugulu.00803,2026-07-30T07:00:00,2026-07-30T21:00:00,till_operator
SH-NRG-ZAM-KTM-008-20260730-04,NRG-ZAM-KTM-008,elina.kavari.00804,2026-07-30T07:00:00,2026-07-30T21:00:00,till_operator
SH-NRG-ERG-SWK-003-20260731-01,NRG-ERG-SWK-003,ndapewa.kavari.00301,2026-07-31T07:00:00,2026-07-31T21:00:00,till_operator
SH-NRG-ERG-SWK-003-20260731-02,NRG-ERG-SWK-003,ndapewa.haufiku.00302,2026-07-31T07:00:00,2026-07-31T21:00:00,till_operator
SH-NRG-ERG-SWK-003-20260731-03,NRG-ERG-SWK-003,ndapewa.mbeha.00303,2026-07-31T07:00:00,2026-07-31T21:00:00,till_operator
SH-NRG-ERG-SWK-003-20260731-04,NRG-ERG-SWK-003,ndapewa.nakale.00304,2026-07-31T07:00:00,2026-07-31T21:00:00,till_operator
SH-NRG-ERG-SWK-003-20260731-05,NRG-ERG-SWK-003,ndapewa.shikongo.00305,2026-07-31T07:00:00,2026-07-31T21:00:00,till_operator
SH-NRG-ERG-WVB-002-20260731-01,NRG-ERG-WVB-002,anna.nuugulu.00201,2026-07-31T07:00:00,2026-07-31T21:00:00,till_operator
SH-NRG-ERG-WVB-002-20260731-02,NRG-ERG-WVB-002,anna.kavari.00202,2026-07-31T07:00:00,2026-07-31T21:00:00,till_operator
SH-NRG-ERG-WVB-002-20260731-03,NRG-ERG-WVB-002,anna.haufiku.00203,2026-07-31T07:00:00,2026-07-31T21:00:00,till_operator
SH-NRG-ERG-WVB-002-20260731-04,NRG-ERG-WVB-002,anna.mbeha.00204,2026-07-31T07:00:00,2026-07-31T21:00:00,till_operator
SH-NRG-ERG-WVB-002-20260731-05,NRG-ERG-WVB-002,anna.nakale.00205,2026-07-31T07:00:00,2026-07-31T21:00:00,till_operator
SH-NRG-HAR-REH-011-20260731-01,NRG-HAR-REH-011,ndapewa.kavari.01101,2026-07-31T07:00:00,2026-07-31T21:00:00,till_operator
SH-NRG-HAR-REH-011-20260731-02,NRG-HAR-REH-011,ndapewa.haufiku.01102,2026-07-31T07:00:00,2026-07-31T21:00:00,till_operator
SH-NRG-HAR-REH-011-20260731-03,NRG-HAR-REH-011,ndapewa.mbeha.01103,2026-07-31T07:00:00,2026-07-31T21:00:00,till_operator
SH-NRG-HAR-REH-011-20260731-04,NRG-HAR-REH-011,ndapewa.nakale.01104,2026-07-31T07:00:00,2026-07-31T21:00:00,till_operator
SH-NRG-KHA-KTM-007-20260731-01,NRG-KHA-KTM-007,paulus.shikongo.00701,2026-07-31T07:00:00,2026-07-31T21:00:00,till_operator
SH-NRG-KHA-KTM-007-20260731-02,NRG-KHA-KTM-007,paulus.hamutenya.00702,2026-07-31T07:00:00,2026-07-31T21:00:00,till_operator
SH-NRG-KHA-KTM-007-20260731-03,NRG-KHA-KTM-007,paulus.amadhila.00703,2026-07-31T07:00:00,2026-07-31T21:00:00,till_operator
SH-NRG-KHA-KTM-007-20260731-04,NRG-KHA-KTM-007,paulus.nuugulu.00704,2026-07-31T07:00:00,2026-07-31T21:00:00,till_operator
SH-NRG-KHO-WDH-001-20260731-01,NRG-KHO-WDH-001,selma.amadhila.00101,2026-07-31T07:00:00,2026-07-31T21:00:00,till_operator
SH-NRG-KHO-WDH-001-20260731-02,NRG-KHO-WDH-001,selma.nuugulu.00102,2026-07-31T07:00:00,2026-07-31T21:00:00,till_operator
SH-NRG-KHO-WDH-001-20260731-03,NRG-KHO-WDH-001,selma.kavari.00103,2026-07-31T07:00:00,2026-07-31T21:00:00,till_operator
SH-NRG-KHO-WDH-001-20260731-04,NRG-KHO-WDH-001,selma.haufiku.00104,2026-07-31T07:00:00,2026-07-31T21:00:00,till_operator
SH-NRG-KHO-WDH-001-20260731-05,NRG-KHO-WDH-001,selma.mbeha.00105,2026-07-31T07:00:00,2026-07-31T21:00:00,till_operator
SH-NRG-KVE-RUN-005-20260731-01,NRG-KVE-RUN-005,martha.mbeha.00501,2026-07-31T07:00:00,2026-07-31T21:00:00,till_operator
SH-NRG-KVE-RUN-005-20260731-02,NRG-KVE-RUN-005,martha.nakale.00502,2026-07-31T07:00:00,2026-07-31T21:00:00,till_operator
SH-NRG-KVE-RUN-005-20260731-03,NRG-KVE-RUN-005,martha.shikongo.00503,2026-07-31T07:00:00,2026-07-31T21:00:00,till_operator
SH-NRG-KVE-RUN-005-20260731-04,NRG-KVE-RUN-005,martha.hamutenya.00504,2026-07-31T07:00:00,2026-07-31T21:00:00,till_operator
SH-NRG-KVE-RUN-005-20260731-05,NRG-KVE-RUN-005,martha.amadhila.00505,2026-07-31T07:00:00,2026-07-31T21:00:00,till_operator
SH-NRG-OME-GOB-010-20260731-01,NRG-OME-GOB-010,anna.nuugulu.01001,2026-07-31T07:00:00,2026-07-31T21:00:00,till_operator
SH-NRG-OME-GOB-010-20260731-02,NRG-OME-GOB-010,anna.kavari.01002,2026-07-31T07:00:00,2026-07-31T21:00:00,till_operator
SH-NRG-OME-GOB-010-20260731-03,NRG-OME-GOB-010,anna.haufiku.01003,2026-07-31T07:00:00,2026-07-31T21:00:00,till_operator
SH-NRG-OME-GOB-010-20260731-04,NRG-OME-GOB-010,anna.mbeha.01004,2026-07-31T07:00:00,2026-07-31T21:00:00,till_operator
SH-NRG-OSA-OND-012-20260731-01,NRG-OSA-OND-012,petrus.haufiku.01201,2026-07-31T07:00:00,2026-07-31T21:00:00,till_operator
SH-NRG-OSA-OND-012-20260731-02,NRG-OSA-OND-012,petrus.mbeha.01202,2026-07-31T07:00:00,2026-07-31T21:00:00,till_operator
SH-NRG-OSA-OND-012-20260731-03,NRG-OSA-OND-012,petrus.nakale.01203,2026-07-31T07:00:00,2026-07-31T21:00:00,till_operator
SH-NRG-OSA-OND-012-20260731-04,NRG-OSA-OND-012,petrus.shikongo.01204,2026-07-31T07:00:00,2026-07-31T21:00:00,till_operator
SH-NRG-OSA-OSK-004-20260731-01,NRG-OSA-OSK-004,petrus.haufiku.00401,2026-07-31T07:00:00,2026-07-31T21:00:00,till_operator
SH-NRG-OSA-OSK-004-20260731-02,NRG-OSA-OSK-004,petrus.mbeha.00402,2026-07-31T07:00:00,2026-07-31T21:00:00,till_operator
SH-NRG-OSA-OSK-004-20260731-03,NRG-OSA-OSK-004,petrus.nakale.00403,2026-07-31T07:00:00,2026-07-31T21:00:00,till_operator
SH-NRG-OSA-OSK-004-20260731-04,NRG-OSA-OSK-004,petrus.shikongo.00404,2026-07-31T07:00:00,2026-07-31T21:00:00,till_operator
SH-NRG-OSA-OSK-004-20260731-05,NRG-OSA-OSK-004,petrus.hamutenya.00405,2026-07-31T07:00:00,2026-07-31T21:00:00,till_operator
SH-NRG-OSI-TSU-009-20260731-01,NRG-OSI-TSU-009,selma.amadhila.00901,2026-07-31T07:00:00,2026-07-31T21:00:00,till_operator
SH-NRG-OSI-TSU-009-20260731-02,NRG-OSI-TSU-009,selma.nuugulu.00902,2026-07-31T07:00:00,2026-07-31T21:00:00,till_operator
SH-NRG-OSI-TSU-009-20260731-03,NRG-OSI-TSU-009,selma.kavari.00903,2026-07-31T07:00:00,2026-07-31T21:00:00,till_operator
SH-NRG-OSI-TSU-009-20260731-04,NRG-OSI-TSU-009,selma.haufiku.00904,2026-07-31T07:00:00,2026-07-31T21:00:00,till_operator
SH-NRG-OTJ-OTW-006-20260731-01,NRG-OTJ-OTW-006,nela.nakale.00601,2026-07-31T07:00:00,2026-07-31T21:00:00,till_operator
SH-NRG-OTJ-OTW-006-20260731-02,NRG-OTJ-OTW-006,nela.shikongo.00602,2026-07-31T07:00:00,2026-07-31T21:00:00,till_operator
SH-NRG-OTJ-OTW-006-20260731-03,NRG-OTJ-OTW-006,nela.hamutenya.00603,2026-07-31T07:00:00,2026-07-31T21:00:00,till_operator
SH-NRG-OTJ-OTW-006-20260731-04,NRG-OTJ-OTW-006,nela.amadhila.00604,2026-07-31T07:00:00,2026-07-31T21:00:00,till_operator
SH-NRG-OTJ-OTW-006-20260731-05,NRG-OTJ-OTW-006,nela.nuugulu.00605,2026-07-31T07:00:00,2026-07-31T21:00:00,till_operator
SH-NRG-ZAM-KTM-008-20260731-01,NRG-ZAM-KTM-008,elina.hamutenya.00801,2026-07-31T07:00:00,2026-07-31T21:00:00,till_operator
SH-NRG-ZAM-KTM-008-20260731-02,NRG-ZAM-KTM-008,elina.amadhila.00802,2026-07-31T07:00:00,2026-07-31T21:00:00,till_operator
SH-NRG-ZAM-KTM-008-20260731-03,NRG-ZAM-KTM-008,elina.nuugulu.00803,2026-07-31T07:00:00,2026-07-31T21:00:00,till_operator
SH-NRG-ZAM-KTM-008-20260731-04,NRG-ZAM-KTM-008,elina.kavari.00804,2026-07-31T07:00:00,2026-07-31T21:00:00,till_operator
SH-NRG-ERG-SWK-003-20260801-01,NRG-ERG-SWK-003,ndapewa.kavari.00301,2026-08-01T07:00:00,2026-08-01T21:00:00,till_operator
SH-NRG-ERG-SWK-003-20260801-02,NRG-ERG-SWK-003,ndapewa.haufiku.00302,2026-08-01T07:00:00,2026-08-01T21:00:00,till_operator
SH-NRG-ERG-SWK-003-20260801-03,NRG-ERG-SWK-003,ndapewa.mbeha.00303,2026-08-01T07:00:00,2026-08-01T21:00:00,till_operator
SH-NRG-ERG-SWK-003-20260801-04,NRG-ERG-SWK-003,ndapewa.nakale.00304,2026-08-01T07:00:00,2026-08-01T21:00:00,till_operator
SH-NRG-ERG-SWK-003-20260801-05,NRG-ERG-SWK-003,ndapewa.shikongo.00305,2026-08-01T07:00:00,2026-08-01T21:00:00,till_operator
SH-NRG-ERG-WVB-002-20260801-01,NRG-ERG-WVB-002,anna.nuugulu.00201,2026-08-01T07:00:00,2026-08-01T21:00:00,till_operator
SH-NRG-ERG-WVB-002-20260801-02,NRG-ERG-WVB-002,anna.kavari.00202,2026-08-01T07:00:00,2026-08-01T21:00:00,till_operator
SH-NRG-ERG-WVB-002-20260801-03,NRG-ERG-WVB-002,anna.haufiku.00203,2026-08-01T07:00:00,2026-08-01T21:00:00,till_operator
SH-NRG-ERG-WVB-002-20260801-04,NRG-ERG-WVB-002,anna.mbeha.00204,2026-08-01T07:00:00,2026-08-01T21:00:00,till_operator
SH-NRG-ERG-WVB-002-20260801-05,NRG-ERG-WVB-002,anna.nakale.00205,2026-08-01T07:00:00,2026-08-01T21:00:00,till_operator
SH-NRG-HAR-REH-011-20260801-01,NRG-HAR-REH-011,ndapewa.kavari.01101,2026-08-01T07:00:00,2026-08-01T21:00:00,till_operator
SH-NRG-HAR-REH-011-20260801-02,NRG-HAR-REH-011,ndapewa.haufiku.01102,2026-08-01T07:00:00,2026-08-01T21:00:00,till_operator
SH-NRG-HAR-REH-011-20260801-03,NRG-HAR-REH-011,ndapewa.mbeha.01103,2026-08-01T07:00:00,2026-08-01T21:00:00,till_operator
SH-NRG-HAR-REH-011-20260801-04,NRG-HAR-REH-011,ndapewa.nakale.01104,2026-08-01T07:00:00,2026-08-01T21:00:00,till_operator
SH-NRG-KHA-KTM-007-20260801-01,NRG-KHA-KTM-007,paulus.shikongo.00701,2026-08-01T07:00:00,2026-08-01T21:00:00,till_operator
SH-NRG-KHA-KTM-007-20260801-02,NRG-KHA-KTM-007,paulus.hamutenya.00702,2026-08-01T07:00:00,2026-08-01T21:00:00,till_operator
SH-NRG-KHA-KTM-007-20260801-03,NRG-KHA-KTM-007,paulus.amadhila.00703,2026-08-01T07:00:00,2026-08-01T21:00:00,till_operator
SH-NRG-KHA-KTM-007-20260801-04,NRG-KHA-KTM-007,paulus.nuugulu.00704,2026-08-01T07:00:00,2026-08-01T21:00:00,till_operator
SH-NRG-KHO-WDH-001-20260801-01,NRG-KHO-WDH-001,selma.amadhila.00101,2026-08-01T07:00:00,2026-08-01T21:00:00,till_operator
SH-NRG-KHO-WDH-001-20260801-02,NRG-KHO-WDH-001,selma.nuugulu.00102,2026-08-01T07:00:00,2026-08-01T21:00:00,till_operator
SH-NRG-KHO-WDH-001-20260801-03,NRG-KHO-WDH-001,selma.kavari.00103,2026-08-01T07:00:00,2026-08-01T21:00:00,till_operator
SH-NRG-KHO-WDH-001-20260801-04,NRG-KHO-WDH-001,selma.haufiku.00104,2026-08-01T07:00:00,2026-08-01T21:00:00,till_operator
SH-NRG-KHO-WDH-001-20260801-05,NRG-KHO-WDH-001,selma.mbeha.00105,2026-08-01T07:00:00,2026-08-01T21:00:00,till_operator
SH-NRG-KVE-RUN-005-20260801-01,NRG-KVE-RUN-005,martha.mbeha.00501,2026-08-01T07:00:00,2026-08-01T21:00:00,till_operator
SH-NRG-KVE-RUN-005-20260801-02,NRG-KVE-RUN-005,martha.nakale.00502,2026-08-01T07:00:00,2026-08-01T21:00:00,till_operator
SH-NRG-KVE-RUN-005-20260801-03,NRG-KVE-RUN-005,martha.shikongo.00503,2026-08-01T07:00:00,2026-08-01T21:00:00,till_operator
SH-NRG-KVE-RUN-005-20260801-04,NRG-KVE-RUN-005,martha.hamutenya.00504,2026-08-01T07:00:00,2026-08-01T21:00:00,till_operator
SH-NRG-KVE-RUN-005-20260801-05,NRG-KVE-RUN-005,martha.amadhila.00505,2026-08-01T07:00:00,2026-08-01T21:00:00,till_operator
SH-NRG-OME-GOB-010-20260801-01,NRG-OME-GOB-010,anna.nuugulu.01001,2026-08-01T07:00:00,2026-08-01T21:00:00,till_operator
SH-NRG-OME-GOB-010-20260801-02,NRG-OME-GOB-010,anna.kavari.01002,2026-08-01T07:00:00,2026-08-01T21:00:00,till_operator
SH-NRG-OME-GOB-010-20260801-03,NRG-OME-GOB-010,anna.haufiku.01003,2026-08-01T07:00:00,2026-08-01T21:00:00,till_operator
SH-NRG-OME-GOB-010-20260801-04,NRG-OME-GOB-010,anna.mbeha.01004,2026-08-01T07:00:00,2026-08-01T21:00:00,till_operator
SH-NRG-OSA-OND-012-20260801-01,NRG-OSA-OND-012,petrus.haufiku.01201,2026-08-01T07:00:00,2026-08-01T21:00:00,till_operator
SH-NRG-OSA-OND-012-20260801-02,NRG-OSA-OND-012,petrus.mbeha.01202,2026-08-01T07:00:00,2026-08-01T21:00:00,till_operator
SH-NRG-OSA-OND-012-20260801-03,NRG-OSA-OND-012,petrus.nakale.01203,2026-08-01T07:00:00,2026-08-01T21:00:00,till_operator
SH-NRG-OSA-OND-012-20260801-04,NRG-OSA-OND-012,petrus.shikongo.01204,2026-08-01T07:00:00,2026-08-01T21:00:00,till_operator
SH-NRG-OSA-OSK-004-20260801-01,NRG-OSA-OSK-004,petrus.haufiku.00401,2026-08-01T07:00:00,2026-08-01T21:00:00,till_operator
SH-NRG-OSA-OSK-004-20260801-02,NRG-OSA-OSK-004,petrus.mbeha.00402,2026-08-01T07:00:00,2026-08-01T21:00:00,till_operator
SH-NRG-OSA-OSK-004-20260801-03,NRG-OSA-OSK-004,petrus.nakale.00403,2026-08-01T07:00:00,2026-08-01T21:00:00,till_operator
SH-NRG-OSA-OSK-004-20260801-04,NRG-OSA-OSK-004,petrus.shikongo.00404,2026-08-01T07:00:00,2026-08-01T21:00:00,till_operator
SH-NRG-OSA-OSK-004-20260801-05,NRG-OSA-OSK-004,petrus.hamutenya.00405,2026-08-01T07:00:00,2026-08-01T21:00:00,till_operator
SH-NRG-OSI-TSU-009-20260801-01,NRG-OSI-TSU-009,selma.amadhila.00901,2026-08-01T07:00:00,2026-08-01T21:00:00,till_operator
SH-NRG-OSI-TSU-009-20260801-02,NRG-OSI-TSU-009,selma.nuugulu.00902,2026-08-01T07:00:00,2026-08-01T21:00:00,till_operator
SH-NRG-OSI-TSU-009-20260801-03,NRG-OSI-TSU-009,selma.kavari.00903,2026-08-01T07:00:00,2026-08-01T21:00:00,till_operator
SH-NRG-OSI-TSU-009-20260801-04,NRG-OSI-TSU-009,selma.haufiku.00904,2026-08-01T07:00:00,2026-08-01T21:00:00,till_operator
SH-NRG-OTJ-OTW-006-20260801-01,NRG-OTJ-OTW-006,nela.nakale.00601,2026-08-01T07:00:00,2026-08-01T21:00:00,till_operator
SH-NRG-OTJ-OTW-006-20260801-02,NRG-OTJ-OTW-006,nela.shikongo.00602,2026-08-01T07:00:00,2026-08-01T21:00:00,till_operator
SH-NRG-OTJ-OTW-006-20260801-03,NRG-OTJ-OTW-006,nela.hamutenya.00603,2026-08-01T07:00:00,2026-08-01T21:00:00,till_operator
SH-NRG-OTJ-OTW-006-20260801-04,NRG-OTJ-OTW-006,nela.amadhila.00604,2026-08-01T07:00:00,2026-08-01T21:00:00,till_operator
SH-NRG-OTJ-OTW-006-20260801-05,NRG-OTJ-OTW-006,nela.nuugulu.00605,2026-08-01T07:00:00,2026-08-01T21:00:00,till_operator
SH-NRG-ZAM-KTM-008-20260801-01,NRG-ZAM-KTM-008,elina.hamutenya.00801,2026-08-01T07:00:00,2026-08-01T21:00:00,till_operator
SH-NRG-ZAM-KTM-008-20260801-02,NRG-ZAM-KTM-008,elina.amadhila.00802,2026-08-01T07:00:00,2026-08-01T21:00:00,till_operator
SH-NRG-ZAM-KTM-008-20260801-03,NRG-ZAM-KTM-008,elina.nuugulu.00803,2026-08-01T07:00:00,2026-08-01T21:00:00,till_operator
SH-NRG-ZAM-KTM-008-20260801-04,NRG-ZAM-KTM-008,elina.kavari.00804,2026-08-01T07:00:00,2026-08-01T21:00:00,till_operator
SH-NRG-ERG-SWK-003-20260802-01,NRG-ERG-SWK-003,ndapewa.kavari.00301,2026-08-02T07:00:00,2026-08-02T21:00:00,till_operator
SH-NRG-ERG-SWK-003-20260802-02,NRG-ERG-SWK-003,ndapewa.haufiku.00302,2026-08-02T07:00:00,2026-08-02T21:00:00,till_operator
SH-NRG-ERG-SWK-003-20260802-03,NRG-ERG-SWK-003,ndapewa.mbeha.00303,2026-08-02T07:00:00,2026-08-02T21:00:00,till_operator
SH-NRG-ERG-SWK-003-20260802-04,NRG-ERG-SWK-003,ndapewa.nakale.00304,2026-08-02T07:00:00,2026-08-02T21:00:00,till_operator
SH-NRG-ERG-SWK-003-20260802-05,NRG-ERG-SWK-003,ndapewa.shikongo.00305,2026-08-02T07:00:00,2026-08-02T21:00:00,till_operator
SH-NRG-ERG-WVB-002-20260802-01,NRG-ERG-WVB-002,anna.nuugulu.00201,2026-08-02T07:00:00,2026-08-02T21:00:00,till_operator
SH-NRG-ERG-WVB-002-20260802-02,NRG-ERG-WVB-002,anna.kavari.00202,2026-08-02T07:00:00,2026-08-02T21:00:00,till_operator
SH-NRG-ERG-WVB-002-20260802-03,NRG-ERG-WVB-002,anna.haufiku.00203,2026-08-02T07:00:00,2026-08-02T21:00:00,till_operator
SH-NRG-ERG-WVB-002-20260802-04,NRG-ERG-WVB-002,anna.mbeha.00204,2026-08-02T07:00:00,2026-08-02T21:00:00,till_operator
SH-NRG-ERG-WVB-002-20260802-05,NRG-ERG-WVB-002,anna.nakale.00205,2026-08-02T07:00:00,2026-08-02T21:00:00,till_operator
SH-NRG-HAR-REH-011-20260802-01,NRG-HAR-REH-011,ndapewa.kavari.01101,2026-08-02T07:00:00,2026-08-02T21:00:00,till_operator
SH-NRG-HAR-REH-011-20260802-02,NRG-HAR-REH-011,ndapewa.haufiku.01102,2026-08-02T07:00:00,2026-08-02T21:00:00,till_operator
SH-NRG-HAR-REH-011-20260802-03,NRG-HAR-REH-011,ndapewa.mbeha.01103,2026-08-02T07:00:00,2026-08-02T21:00:00,till_operator
SH-NRG-HAR-REH-011-20260802-04,NRG-HAR-REH-011,ndapewa.nakale.01104,2026-08-02T07:00:00,2026-08-02T21:00:00,till_operator
SH-NRG-KHA-KTM-007-20260802-01,NRG-KHA-KTM-007,paulus.shikongo.00701,2026-08-02T07:00:00,2026-08-02T21:00:00,till_operator
SH-NRG-KHA-KTM-007-20260802-02,NRG-KHA-KTM-007,paulus.hamutenya.00702,2026-08-02T07:00:00,2026-08-02T21:00:00,till_operator
SH-NRG-KHA-KTM-007-20260802-03,NRG-KHA-KTM-007,paulus.amadhila.00703,2026-08-02T07:00:00,2026-08-02T21:00:00,till_operator
SH-NRG-KHA-KTM-007-20260802-04,NRG-KHA-KTM-007,paulus.nuugulu.00704,2026-08-02T07:00:00,2026-08-02T21:00:00,till_operator
SH-NRG-KHO-WDH-001-20260802-01,NRG-KHO-WDH-001,selma.amadhila.00101,2026-08-02T07:00:00,2026-08-02T21:00:00,till_operator
SH-NRG-KHO-WDH-001-20260802-02,NRG-KHO-WDH-001,selma.nuugulu.00102,2026-08-02T07:00:00,2026-08-02T21:00:00,till_operator
SH-NRG-KHO-WDH-001-20260802-03,NRG-KHO-WDH-001,selma.kavari.00103,2026-08-02T07:00:00,2026-08-02T21:00:00,till_operator
SH-NRG-KHO-WDH-001-20260802-04,NRG-KHO-WDH-001,selma.haufiku.00104,2026-08-02T07:00:00,2026-08-02T21:00:00,till_operator
SH-NRG-KHO-WDH-001-20260802-05,NRG-KHO-WDH-001,selma.mbeha.00105,2026-08-02T07:00:00,2026-08-02T21:00:00,till_operator
SH-NRG-KVE-RUN-005-20260802-01,NRG-KVE-RUN-005,martha.mbeha.00501,2026-08-02T07:00:00,2026-08-02T21:00:00,till_operator
SH-NRG-KVE-RUN-005-20260802-02,NRG-KVE-RUN-005,martha.nakale.00502,2026-08-02T07:00:00,2026-08-02T21:00:00,till_operator
SH-NRG-KVE-RUN-005-20260802-03,NRG-KVE-RUN-005,martha.shikongo.00503,2026-08-02T07:00:00,2026-08-02T21:00:00,till_operator
SH-NRG-KVE-RUN-005-20260802-04,NRG-KVE-RUN-005,martha.hamutenya.00504,2026-08-02T07:00:00,2026-08-02T21:00:00,till_operator
SH-NRG-KVE-RUN-005-20260802-05,NRG-KVE-RUN-005,martha.amadhila.00505,2026-08-02T07:00:00,2026-08-02T21:00:00,till_operator
SH-NRG-OME-GOB-010-20260802-01,NRG-OME-GOB-010,anna.nuugulu.01001,2026-08-02T07:00:00,2026-08-02T21:00:00,till_operator
SH-NRG-OME-GOB-010-20260802-02,NRG-OME-GOB-010,anna.kavari.01002,2026-08-02T07:00:00,2026-08-02T21:00:00,till_operator
SH-NRG-OME-GOB-010-20260802-03,NRG-OME-GOB-010,anna.haufiku.01003,2026-08-02T07:00:00,2026-08-02T21:00:00,till_operator
SH-NRG-OME-GOB-010-20260802-04,NRG-OME-GOB-010,anna.mbeha.01004,2026-08-02T07:00:00,2026-08-02T21:00:00,till_operator
SH-NRG-OSA-OND-012-20260802-01,NRG-OSA-OND-012,petrus.haufiku.01201,2026-08-02T07:00:00,2026-08-02T21:00:00,till_operator
SH-NRG-OSA-OND-012-20260802-02,NRG-OSA-OND-012,petrus.mbeha.01202,2026-08-02T07:00:00,2026-08-02T21:00:00,till_operator
SH-NRG-OSA-OND-012-20260802-03,NRG-OSA-OND-012,petrus.nakale.01203,2026-08-02T07:00:00,2026-08-02T21:00:00,till_operator
SH-NRG-OSA-OND-012-20260802-04,NRG-OSA-OND-012,petrus.shikongo.01204,2026-08-02T07:00:00,2026-08-02T21:00:00,till_operator
SH-NRG-OSA-OSK-004-20260802-01,NRG-OSA-OSK-004,petrus.haufiku.00401,2026-08-02T07:00:00,2026-08-02T21:00:00,till_operator
SH-NRG-OSA-OSK-004-20260802-02,NRG-OSA-OSK-004,petrus.mbeha.00402,2026-08-02T07:00:00,2026-08-02T21:00:00,till_operator
SH-NRG-OSA-OSK-004-20260802-03,NRG-OSA-OSK-004,petrus.nakale.00403,2026-08-02T07:00:00,2026-08-02T21:00:00,till_operator
SH-NRG-OSA-OSK-004-20260802-04,NRG-OSA-OSK-004,petrus.shikongo.00404,2026-08-02T07:00:00,2026-08-02T21:00:00,till_operator
SH-NRG-OSA-OSK-004-20260802-05,NRG-OSA-OSK-004,petrus.hamutenya.00405,2026-08-02T07:00:00,2026-08-02T21:00:00,till_operator
SH-NRG-OSI-TSU-009-20260802-01,NRG-OSI-TSU-009,selma.amadhila.00901,2026-08-02T07:00:00,2026-08-02T21:00:00,till_operator
SH-NRG-OSI-TSU-009-20260802-02,NRG-OSI-TSU-009,selma.nuugulu.00902,2026-08-02T07:00:00,2026-08-02T21:00:00,till_operator
SH-NRG-OSI-TSU-009-20260802-03,NRG-OSI-TSU-009,selma.kavari.00903,2026-08-02T07:00:00,2026-08-02T21:00:00,till_operator
SH-NRG-OSI-TSU-009-20260802-04,NRG-OSI-TSU-009,selma.haufiku.00904,2026-08-02T07:00:00,2026-08-02T21:00:00,till_operator
SH-NRG-OTJ-OTW-006-20260802-01,NRG-OTJ-OTW-006,nela.nakale.00601,2026-08-02T07:00:00,2026-08-02T21:00:00,till_operator
SH-NRG-OTJ-OTW-006-20260802-02,NRG-OTJ-OTW-006,nela.shikongo.00602,2026-08-02T07:00:00,2026-08-02T21:00:00,till_operator
SH-NRG-OTJ-OTW-006-20260802-03,NRG-OTJ-OTW-006,nela.hamutenya.00603,2026-08-02T07:00:00,2026-08-02T21:00:00,till_operator
SH-NRG-OTJ-OTW-006-20260802-04,NRG-OTJ-OTW-006,nela.amadhila.00604,2026-08-02T07:00:00,2026-08-02T21:00:00,till_operator
SH-NRG-OTJ-OTW-006-20260802-05,NRG-OTJ-OTW-006,nela.nuugulu.00605,2026-08-02T07:00:00,2026-08-02T21:00:00,till_operator
SH-NRG-ZAM-KTM-008-20260802-01,NRG-ZAM-KTM-008,elina.hamutenya.00801,2026-08-02T07:00:00,2026-08-02T21:00:00,till_operator
SH-NRG-ZAM-KTM-008-20260802-02,NRG-ZAM-KTM-008,elina.amadhila.00802,2026-08-02T07:00:00,2026-08-02T21:00:00,till_operator
SH-NRG-ZAM-KTM-008-20260802-03,NRG-ZAM-KTM-008,elina.nuugulu.00803,2026-08-02T07:00:00,2026-08-02T21:00:00,till_operator
SH-NRG-ZAM-KTM-008-20260802-04,NRG-ZAM-KTM-008,elina.kavari.00804,2026-08-02T07:00:00,2026-08-02T21:00:00,till_operator
SH-NRG-ERG-SWK-003-20260803-01,NRG-ERG-SWK-003,ndapewa.kavari.00301,2026-08-03T07:00:00,2026-08-03T21:00:00,till_operator
SH-NRG-ERG-SWK-003-20260803-02,NRG-ERG-SWK-003,ndapewa.haufiku.00302,2026-08-03T07:00:00,2026-08-03T21:00:00,till_operator
SH-NRG-ERG-SWK-003-20260803-03,NRG-ERG-SWK-003,ndapewa.mbeha.00303,2026-08-03T07:00:00,2026-08-03T21:00:00,till_operator
SH-NRG-ERG-SWK-003-20260803-04,NRG-ERG-SWK-003,ndapewa.nakale.00304,2026-08-03T07:00:00,2026-08-03T21:00:00,till_operator
SH-NRG-ERG-SWK-003-20260803-05,NRG-ERG-SWK-003,ndapewa.shikongo.00305,2026-08-03T07:00:00,2026-08-03T21:00:00,till_operator
SH-NRG-ERG-WVB-002-20260803-01,NRG-ERG-WVB-002,anna.nuugulu.00201,2026-08-03T07:00:00,2026-08-03T21:00:00,till_operator
SH-NRG-ERG-WVB-002-20260803-02,NRG-ERG-WVB-002,anna.kavari.00202,2026-08-03T07:00:00,2026-08-03T21:00:00,till_operator
SH-NRG-ERG-WVB-002-20260803-03,NRG-ERG-WVB-002,anna.haufiku.00203,2026-08-03T07:00:00,2026-08-03T21:00:00,till_operator
SH-NRG-ERG-WVB-002-20260803-04,NRG-ERG-WVB-002,anna.mbeha.00204,2026-08-03T07:00:00,2026-08-03T21:00:00,till_operator
SH-NRG-ERG-WVB-002-20260803-05,NRG-ERG-WVB-002,anna.nakale.00205,2026-08-03T07:00:00,2026-08-03T21:00:00,till_operator
SH-NRG-HAR-REH-011-20260803-01,NRG-HAR-REH-011,ndapewa.kavari.01101,2026-08-03T07:00:00,2026-08-03T21:00:00,till_operator
SH-NRG-HAR-REH-011-20260803-02,NRG-HAR-REH-011,ndapewa.haufiku.01102,2026-08-03T07:00:00,2026-08-03T21:00:00,till_operator
SH-NRG-HAR-REH-011-20260803-03,NRG-HAR-REH-011,ndapewa.mbeha.01103,2026-08-03T07:00:00,2026-08-03T21:00:00,till_operator
SH-NRG-HAR-REH-011-20260803-04,NRG-HAR-REH-011,ndapewa.nakale.01104,2026-08-03T07:00:00,2026-08-03T21:00:00,till_operator
SH-NRG-KHA-KTM-007-20260803-01,NRG-KHA-KTM-007,paulus.shikongo.00701,2026-08-03T07:00:00,2026-08-03T21:00:00,till_operator
SH-NRG-KHA-KTM-007-20260803-02,NRG-KHA-KTM-007,paulus.hamutenya.00702,2026-08-03T07:00:00,2026-08-03T21:00:00,till_operator
SH-NRG-KHA-KTM-007-20260803-03,NRG-KHA-KTM-007,paulus.amadhila.00703,2026-08-03T07:00:00,2026-08-03T21:00:00,till_operator
SH-NRG-KHA-KTM-007-20260803-04,NRG-KHA-KTM-007,paulus.nuugulu.00704,2026-08-03T07:00:00,2026-08-03T21:00:00,till_operator
SH-NRG-KHO-WDH-001-20260803-01,NRG-KHO-WDH-001,selma.amadhila.00101,2026-08-03T07:00:00,2026-08-03T21:00:00,till_operator
SH-NRG-KHO-WDH-001-20260803-02,NRG-KHO-WDH-001,selma.nuugulu.00102,2026-08-03T07:00:00,2026-08-03T21:00:00,till_operator
SH-NRG-KHO-WDH-001-20260803-03,NRG-KHO-WDH-001,selma.kavari.00103,2026-08-03T07:00:00,2026-08-03T21:00:00,till_operator
SH-NRG-KHO-WDH-001-20260803-04,NRG-KHO-WDH-001,selma.haufiku.00104,2026-08-03T07:00:00,2026-08-03T21:00:00,till_operator
SH-NRG-KHO-WDH-001-20260803-05,NRG-KHO-WDH-001,selma.mbeha.00105,2026-08-03T07:00:00,2026-08-03T21:00:00,till_operator
SH-NRG-KVE-RUN-005-20260803-01,NRG-KVE-RUN-005,martha.mbeha.00501,2026-08-03T07:00:00,2026-08-03T21:00:00,till_operator
SH-NRG-KVE-RUN-005-20260803-02,NRG-KVE-RUN-005,martha.nakale.00502,2026-08-03T07:00:00,2026-08-03T21:00:00,till_operator
SH-NRG-KVE-RUN-005-20260803-03,NRG-KVE-RUN-005,martha.shikongo.00503,2026-08-03T07:00:00,2026-08-03T21:00:00,till_operator
SH-NRG-KVE-RUN-005-20260803-04,NRG-KVE-RUN-005,martha.hamutenya.00504,2026-08-03T07:00:00,2026-08-03T21:00:00,till_operator
SH-NRG-KVE-RUN-005-20260803-05,NRG-KVE-RUN-005,martha.amadhila.00505,2026-08-03T07:00:00,2026-08-03T21:00:00,till_operator
SH-NRG-OME-GOB-010-20260803-01,NRG-OME-GOB-010,anna.nuugulu.01001,2026-08-03T07:00:00,2026-08-03T21:00:00,till_operator
SH-NRG-OME-GOB-010-20260803-02,NRG-OME-GOB-010,anna.kavari.01002,2026-08-03T07:00:00,2026-08-03T21:00:00,till_operator
SH-NRG-OME-GOB-010-20260803-03,NRG-OME-GOB-010,anna.haufiku.01003,2026-08-03T07:00:00,2026-08-03T21:00:00,till_operator
SH-NRG-OME-GOB-010-20260803-04,NRG-OME-GOB-010,anna.mbeha.01004,2026-08-03T07:00:00,2026-08-03T21:00:00,till_operator
SH-NRG-OSA-OND-012-20260803-01,NRG-OSA-OND-012,petrus.haufiku.01201,2026-08-03T07:00:00,2026-08-03T21:00:00,till_operator
SH-NRG-OSA-OND-012-20260803-02,NRG-OSA-OND-012,petrus.mbeha.01202,2026-08-03T07:00:00,2026-08-03T21:00:00,till_operator
SH-NRG-OSA-OND-012-20260803-03,NRG-OSA-OND-012,petrus.nakale.01203,2026-08-03T07:00:00,2026-08-03T21:00:00,till_operator
SH-NRG-OSA-OND-012-20260803-04,NRG-OSA-OND-012,petrus.shikongo.01204,2026-08-03T07:00:00,2026-08-03T21:00:00,till_operator
SH-NRG-OSA-OSK-004-20260803-01,NRG-OSA-OSK-004,petrus.haufiku.00401,2026-08-03T07:00:00,2026-08-03T21:00:00,till_operator
SH-NRG-OSA-OSK-004-20260803-02,NRG-OSA-OSK-004,petrus.mbeha.00402,2026-08-03T07:00:00,2026-08-03T21:00:00,till_operator
SH-NRG-OSA-OSK-004-20260803-03,NRG-OSA-OSK-004,petrus.nakale.00403,2026-08-03T07:00:00,2026-08-03T21:00:00,till_operator
SH-NRG-OSA-OSK-004-20260803-04,NRG-OSA-OSK-004,petrus.shikongo.00404,2026-08-03T07:00:00,2026-08-03T21:00:00,till_operator
SH-NRG-OSA-OSK-004-20260803-05,NRG-OSA-OSK-004,petrus.hamutenya.00405,2026-08-03T07:00:00,2026-08-03T21:00:00,till_operator
SH-NRG-OSI-TSU-009-20260803-01,NRG-OSI-TSU-009,selma.amadhila.00901,2026-08-03T07:00:00,2026-08-03T21:00:00,till_operator
SH-NRG-OSI-TSU-009-20260803-02,NRG-OSI-TSU-009,selma.nuugulu.00902,2026-08-03T07:00:00,2026-08-03T21:00:00,till_operator
SH-NRG-OSI-TSU-009-20260803-03,NRG-OSI-TSU-009,selma.kavari.00903,2026-08-03T07:00:00,2026-08-03T21:00:00,till_operator
SH-NRG-OSI-TSU-009-20260803-04,NRG-OSI-TSU-009,selma.haufiku.00904,2026-08-03T07:00:00,2026-08-03T21:00:00,till_operator
SH-NRG-OTJ-OTW-006-20260803-01,NRG-OTJ-OTW-006,nela.nakale.00601,2026-08-03T07:00:00,2026-08-03T21:00:00,till_operator
SH-NRG-OTJ-OTW-006-20260803-02,NRG-OTJ-OTW-006,nela.shikongo.00602,2026-08-03T07:00:00,2026-08-03T21:00:00,till_operator
SH-NRG-OTJ-OTW-006-20260803-03,NRG-OTJ-OTW-006,nela.hamutenya.00603,2026-08-03T07:00:00,2026-08-03T21:00:00,till_operator
SH-NRG-OTJ-OTW-006-20260803-04,NRG-OTJ-OTW-006,nela.amadhila.00604,2026-08-03T07:00:00,2026-08-03T21:00:00,till_operator
SH-NRG-OTJ-OTW-006-20260803-05,NRG-OTJ-OTW-006,nela.nuugulu.00605,2026-08-03T07:00:00,2026-08-03T21:00:00,till_operator
SH-NRG-ZAM-KTM-008-20260803-01,NRG-ZAM-KTM-008,elina.hamutenya.00801,2026-08-03T07:00:00,2026-08-03T21:00:00,till_operator
SH-NRG-ZAM-KTM-008-20260803-02,NRG-ZAM-KTM-008,elina.amadhila.00802,2026-08-03T07:00:00,2026-08-03T21:00:00,till_operator
SH-NRG-ZAM-KTM-008-20260803-03,NRG-ZAM-KTM-008,elina.nuugulu.00803,2026-08-03T07:00:00,2026-08-03T21:00:00,till_operator
SH-NRG-ZAM-KTM-008-20260803-04,NRG-ZAM-KTM-008,elina.kavari.00804,2026-08-03T07:00:00,2026-08-03T21:00:00,till_operator
SH-NRG-ERG-SWK-003-20260804-01,NRG-ERG-SWK-003,ndapewa.kavari.00301,2026-08-04T07:00:00,2026-08-04T21:00:00,till_operator
SH-NRG-ERG-SWK-003-20260804-02,NRG-ERG-SWK-003,ndapewa.haufiku.00302,2026-08-04T07:00:00,2026-08-04T21:00:00,till_operator
SH-NRG-ERG-SWK-003-20260804-03,NRG-ERG-SWK-003,ndapewa.mbeha.00303,2026-08-04T07:00:00,2026-08-04T21:00:00,till_operator
SH-NRG-ERG-SWK-003-20260804-04,NRG-ERG-SWK-003,ndapewa.nakale.00304,2026-08-04T07:00:00,2026-08-04T21:00:00,till_operator
SH-NRG-ERG-SWK-003-20260804-05,NRG-ERG-SWK-003,ndapewa.shikongo.00305,2026-08-04T07:00:00,2026-08-04T21:00:00,till_operator
SH-NRG-ERG-WVB-002-20260804-01,NRG-ERG-WVB-002,anna.nuugulu.00201,2026-08-04T07:00:00,2026-08-04T21:00:00,till_operator
SH-NRG-ERG-WVB-002-20260804-02,NRG-ERG-WVB-002,anna.kavari.00202,2026-08-04T07:00:00,2026-08-04T21:00:00,till_operator
SH-NRG-ERG-WVB-002-20260804-03,NRG-ERG-WVB-002,anna.haufiku.00203,2026-08-04T07:00:00,2026-08-04T21:00:00,till_operator
SH-NRG-ERG-WVB-002-20260804-04,NRG-ERG-WVB-002,anna.mbeha.00204,2026-08-04T07:00:00,2026-08-04T21:00:00,till_operator
SH-NRG-ERG-WVB-002-20260804-05,NRG-ERG-WVB-002,anna.nakale.00205,2026-08-04T07:00:00,2026-08-04T21:00:00,till_operator
SH-NRG-HAR-REH-011-20260804-01,NRG-HAR-REH-011,ndapewa.kavari.01101,2026-08-04T07:00:00,2026-08-04T21:00:00,till_operator
SH-NRG-HAR-REH-011-20260804-02,NRG-HAR-REH-011,ndapewa.haufiku.01102,2026-08-04T07:00:00,2026-08-04T21:00:00,till_operator
SH-NRG-HAR-REH-011-20260804-03,NRG-HAR-REH-011,ndapewa.mbeha.01103,2026-08-04T07:00:00,2026-08-04T21:00:00,till_operator
SH-NRG-HAR-REH-011-20260804-04,NRG-HAR-REH-011,ndapewa.nakale.01104,2026-08-04T07:00:00,2026-08-04T21:00:00,till_operator
SH-NRG-KHA-KTM-007-20260804-01,NRG-KHA-KTM-007,paulus.shikongo.00701,2026-08-04T07:00:00,2026-08-04T21:00:00,till_operator
SH-NRG-KHA-KTM-007-20260804-02,NRG-KHA-KTM-007,paulus.hamutenya.00702,2026-08-04T07:00:00,2026-08-04T21:00:00,till_operator
SH-NRG-KHA-KTM-007-20260804-03,NRG-KHA-KTM-007,paulus.amadhila.00703,2026-08-04T07:00:00,2026-08-04T21:00:00,till_operator
SH-NRG-KHA-KTM-007-20260804-04,NRG-KHA-KTM-007,paulus.nuugulu.00704,2026-08-04T07:00:00,2026-08-04T21:00:00,till_operator
SH-NRG-KHO-WDH-001-20260804-01,NRG-KHO-WDH-001,selma.amadhila.00101,2026-08-04T07:00:00,2026-08-04T21:00:00,till_operator
SH-NRG-KHO-WDH-001-20260804-02,NRG-KHO-WDH-001,selma.nuugulu.00102,2026-08-04T07:00:00,2026-08-04T21:00:00,till_operator
SH-NRG-KHO-WDH-001-20260804-03,NRG-KHO-WDH-001,selma.kavari.00103,2026-08-04T07:00:00,2026-08-04T21:00:00,till_operator
SH-NRG-KHO-WDH-001-20260804-04,NRG-KHO-WDH-001,selma.haufiku.00104,2026-08-04T07:00:00,2026-08-04T21:00:00,till_operator
SH-NRG-KHO-WDH-001-20260804-05,NRG-KHO-WDH-001,selma.mbeha.00105,2026-08-04T07:00:00,2026-08-04T21:00:00,till_operator
SH-NRG-KVE-RUN-005-20260804-01,NRG-KVE-RUN-005,martha.mbeha.00501,2026-08-04T07:00:00,2026-08-04T21:00:00,till_operator
SH-NRG-KVE-RUN-005-20260804-02,NRG-KVE-RUN-005,martha.nakale.00502,2026-08-04T07:00:00,2026-08-04T21:00:00,till_operator
SH-NRG-KVE-RUN-005-20260804-03,NRG-KVE-RUN-005,martha.shikongo.00503,2026-08-04T07:00:00,2026-08-04T21:00:00,till_operator
SH-NRG-KVE-RUN-005-20260804-04,NRG-KVE-RUN-005,martha.hamutenya.00504,2026-08-04T07:00:00,2026-08-04T21:00:00,till_operator
SH-NRG-KVE-RUN-005-20260804-05,NRG-KVE-RUN-005,martha.amadhila.00505,2026-08-04T07:00:00,2026-08-04T21:00:00,till_operator
SH-NRG-OME-GOB-010-20260804-01,NRG-OME-GOB-010,anna.nuugulu.01001,2026-08-04T07:00:00,2026-08-04T21:00:00,till_operator
SH-NRG-OME-GOB-010-20260804-02,NRG-OME-GOB-010,anna.kavari.01002,2026-08-04T07:00:00,2026-08-04T21:00:00,till_operator
SH-NRG-OME-GOB-010-20260804-03,NRG-OME-GOB-010,anna.haufiku.01003,2026-08-04T07:00:00,2026-08-04T21:00:00,till_operator
SH-NRG-OME-GOB-010-20260804-04,NRG-OME-GOB-010,anna.mbeha.01004,2026-08-04T07:00:00,2026-08-04T21:00:00,till_operator
SH-NRG-OSA-OND-012-20260804-01,NRG-OSA-OND-012,petrus.haufiku.01201,2026-08-04T07:00:00,2026-08-04T21:00:00,till_operator
SH-NRG-OSA-OND-012-20260804-02,NRG-OSA-OND-012,petrus.mbeha.01202,2026-08-04T07:00:00,2026-08-04T21:00:00,till_operator
SH-NRG-OSA-OND-012-20260804-03,NRG-OSA-OND-012,petrus.nakale.01203,2026-08-04T07:00:00,2026-08-04T21:00:00,till_operator
SH-NRG-OSA-OND-012-20260804-04,NRG-OSA-OND-012,petrus.shikongo.01204,2026-08-04T07:00:00,2026-08-04T21:00:00,till_operator
SH-NRG-OSA-OSK-004-20260804-01,NRG-OSA-OSK-004,petrus.haufiku.00401,2026-08-04T07:00:00,2026-08-04T21:00:00,till_operator
SH-NRG-OSA-OSK-004-20260804-02,NRG-OSA-OSK-004,petrus.mbeha.00402,2026-08-04T07:00:00,2026-08-04T21:00:00,till_operator
SH-NRG-OSA-OSK-004-20260804-03,NRG-OSA-OSK-004,petrus.nakale.00403,2026-08-04T07:00:00,2026-08-04T21:00:00,till_operator
SH-NRG-OSA-OSK-004-20260804-04,NRG-OSA-OSK-004,petrus.shikongo.00404,2026-08-04T07:00:00,2026-08-04T21:00:00,till_operator
SH-NRG-OSA-OSK-004-20260804-05,NRG-OSA-OSK-004,petrus.hamutenya.00405,2026-08-04T07:00:00,2026-08-04T21:00:00,till_operator
SH-NRG-OSI-TSU-009-20260804-01,NRG-OSI-TSU-009,selma.amadhila.00901,2026-08-04T07:00:00,2026-08-04T21:00:00,till_operator
SH-NRG-OSI-TSU-009-20260804-02,NRG-OSI-TSU-009,selma.nuugulu.00902,2026-08-04T07:00:00,2026-08-04T21:00:00,till_operator
SH-NRG-OSI-TSU-009-20260804-03,NRG-OSI-TSU-009,selma.kavari.00903,2026-08-04T07:00:00,2026-08-04T21:00:00,till_operator
SH-NRG-OSI-TSU-009-20260804-04,NRG-OSI-TSU-009,selma.haufiku.00904,2026-08-04T07:00:00,2026-08-04T21:00:00,till_operator
SH-NRG-OTJ-OTW-006-20260804-01,NRG-OTJ-OTW-006,nela.nakale.00601,2026-08-04T07:00:00,2026-08-04T21:00:00,till_operator
SH-NRG-OTJ-OTW-006-20260804-02,NRG-OTJ-OTW-006,nela.shikongo.00602,2026-08-04T07:00:00,2026-08-04T21:00:00,till_operator
SH-NRG-OTJ-OTW-006-20260804-03,NRG-OTJ-OTW-006,nela.hamutenya.00603,2026-08-04T07:00:00,2026-08-04T21:00:00,till_operator
SH-NRG-OTJ-OTW-006-20260804-04,NRG-OTJ-OTW-006,nela.amadhila.00604,2026-08-04T07:00:00,2026-08-04T21:00:00,till_operator
SH-NRG-OTJ-OTW-006-20260804-05,NRG-OTJ-OTW-006,nela.nuugulu.00605,2026-08-04T07:00:00,2026-08-04T21:00:00,till_operator
SH-NRG-ZAM-KTM-008-20260804-01,NRG-ZAM-KTM-008,elina.hamutenya.00801,2026-08-04T07:00:00,2026-08-04T21:00:00,till_operator
SH-NRG-ZAM-KTM-008-20260804-02,NRG-ZAM-KTM-008,elina.amadhila.00802,2026-08-04T07:00:00,2026-08-04T21:00:00,till_operator
SH-NRG-ZAM-KTM-008-20260804-03,NRG-ZAM-KTM-008,elina.nuugulu.00803,2026-08-04T07:00:00,2026-08-04T21:00:00,till_operator
SH-NRG-ZAM-KTM-008-20260804-04,NRG-ZAM-KTM-008,elina.kavari.00804,2026-08-04T07:00:00,2026-08-04T21:00:00,till_operator
SH-NRG-ERG-SWK-003-20260805-01,NRG-ERG-SWK-003,ndapewa.kavari.00301,2026-08-05T07:00:00,2026-08-05T21:00:00,till_operator
SH-NRG-ERG-SWK-003-20260805-02,NRG-ERG-SWK-003,ndapewa.haufiku.00302,2026-08-05T07:00:00,2026-08-05T21:00:00,till_operator
SH-NRG-ERG-SWK-003-20260805-03,NRG-ERG-SWK-003,ndapewa.mbeha.00303,2026-08-05T07:00:00,2026-08-05T21:00:00,till_operator
SH-NRG-ERG-SWK-003-20260805-04,NRG-ERG-SWK-003,ndapewa.nakale.00304,2026-08-05T07:00:00,2026-08-05T21:00:00,till_operator
SH-NRG-ERG-SWK-003-20260805-05,NRG-ERG-SWK-003,ndapewa.shikongo.00305,2026-08-05T07:00:00,2026-08-05T21:00:00,till_operator
SH-NRG-ERG-WVB-002-20260805-01,NRG-ERG-WVB-002,anna.nuugulu.00201,2026-08-05T07:00:00,2026-08-05T21:00:00,till_operator
SH-NRG-ERG-WVB-002-20260805-02,NRG-ERG-WVB-002,anna.kavari.00202,2026-08-05T07:00:00,2026-08-05T21:00:00,till_operator
SH-NRG-ERG-WVB-002-20260805-03,NRG-ERG-WVB-002,anna.haufiku.00203,2026-08-05T07:00:00,2026-08-05T21:00:00,till_operator
SH-NRG-ERG-WVB-002-20260805-04,NRG-ERG-WVB-002,anna.mbeha.00204,2026-08-05T07:00:00,2026-08-05T21:00:00,till_operator
SH-NRG-ERG-WVB-002-20260805-05,NRG-ERG-WVB-002,anna.nakale.00205,2026-08-05T07:00:00,2026-08-05T21:00:00,till_operator
SH-NRG-HAR-REH-011-20260805-01,NRG-HAR-REH-011,ndapewa.kavari.01101,2026-08-05T07:00:00,2026-08-05T21:00:00,till_operator
SH-NRG-HAR-REH-011-20260805-02,NRG-HAR-REH-011,ndapewa.haufiku.01102,2026-08-05T07:00:00,2026-08-05T21:00:00,till_operator
SH-NRG-HAR-REH-011-20260805-03,NRG-HAR-REH-011,ndapewa.mbeha.01103,2026-08-05T07:00:00,2026-08-05T21:00:00,till_operator
SH-NRG-HAR-REH-011-20260805-04,NRG-HAR-REH-011,ndapewa.nakale.01104,2026-08-05T07:00:00,2026-08-05T21:00:00,till_operator
SH-NRG-KHA-KTM-007-20260805-01,NRG-KHA-KTM-007,paulus.shikongo.00701,2026-08-05T07:00:00,2026-08-05T21:00:00,till_operator
SH-NRG-KHA-KTM-007-20260805-02,NRG-KHA-KTM-007,paulus.hamutenya.00702,2026-08-05T07:00:00,2026-08-05T21:00:00,till_operator
SH-NRG-KHA-KTM-007-20260805-03,NRG-KHA-KTM-007,paulus.amadhila.00703,2026-08-05T07:00:00,2026-08-05T21:00:00,till_operator
SH-NRG-KHA-KTM-007-20260805-04,NRG-KHA-KTM-007,paulus.nuugulu.00704,2026-08-05T07:00:00,2026-08-05T21:00:00,till_operator
SH-NRG-KHO-WDH-001-20260805-01,NRG-KHO-WDH-001,selma.amadhila.00101,2026-08-05T07:00:00,2026-08-05T21:00:00,till_operator
SH-NRG-KHO-WDH-001-20260805-02,NRG-KHO-WDH-001,selma.nuugulu.00102,2026-08-05T07:00:00,2026-08-05T21:00:00,till_operator
SH-NRG-KHO-WDH-001-20260805-03,NRG-KHO-WDH-001,selma.kavari.00103,2026-08-05T07:00:00,2026-08-05T21:00:00,till_operator
SH-NRG-KHO-WDH-001-20260805-04,NRG-KHO-WDH-001,selma.haufiku.00104,2026-08-05T07:00:00,2026-08-05T21:00:00,till_operator
SH-NRG-KHO-WDH-001-20260805-05,NRG-KHO-WDH-001,selma.mbeha.00105,2026-08-05T07:00:00,2026-08-05T21:00:00,till_operator
SH-NRG-KVE-RUN-005-20260805-01,NRG-KVE-RUN-005,martha.mbeha.00501,2026-08-05T07:00:00,2026-08-05T21:00:00,till_operator
SH-NRG-KVE-RUN-005-20260805-02,NRG-KVE-RUN-005,martha.nakale.00502,2026-08-05T07:00:00,2026-08-05T21:00:00,till_operator
SH-NRG-KVE-RUN-005-20260805-03,NRG-KVE-RUN-005,martha.shikongo.00503,2026-08-05T07:00:00,2026-08-05T21:00:00,till_operator
SH-NRG-KVE-RUN-005-20260805-04,NRG-KVE-RUN-005,martha.hamutenya.00504,2026-08-05T07:00:00,2026-08-05T21:00:00,till_operator
SH-NRG-KVE-RUN-005-20260805-05,NRG-KVE-RUN-005,martha.amadhila.00505,2026-08-05T07:00:00,2026-08-05T21:00:00,till_operator
SH-NRG-OME-GOB-010-20260805-01,NRG-OME-GOB-010,anna.nuugulu.01001,2026-08-05T07:00:00,2026-08-05T21:00:00,till_operator
SH-NRG-OME-GOB-010-20260805-02,NRG-OME-GOB-010,anna.kavari.01002,2026-08-05T07:00:00,2026-08-05T21:00:00,till_operator
SH-NRG-OME-GOB-010-20260805-03,NRG-OME-GOB-010,anna.haufiku.01003,2026-08-05T07:00:00,2026-08-05T21:00:00,till_operator
SH-NRG-OME-GOB-010-20260805-04,NRG-OME-GOB-010,anna.mbeha.01004,2026-08-05T07:00:00,2026-08-05T21:00:00,till_operator
SH-NRG-OSA-OND-012-20260805-01,NRG-OSA-OND-012,petrus.haufiku.01201,2026-08-05T07:00:00,2026-08-05T21:00:00,till_operator
SH-NRG-OSA-OND-012-20260805-02,NRG-OSA-OND-012,petrus.mbeha.01202,2026-08-05T07:00:00,2026-08-05T21:00:00,till_operator
SH-NRG-OSA-OND-012-20260805-03,NRG-OSA-OND-012,petrus.nakale.01203,2026-08-05T07:00:00,2026-08-05T21:00:00,till_operator
SH-NRG-OSA-OND-012-20260805-04,NRG-OSA-OND-012,petrus.shikongo.01204,2026-08-05T07:00:00,2026-08-05T21:00:00,till_operator
SH-NRG-OSA-OSK-004-20260805-01,NRG-OSA-OSK-004,petrus.haufiku.00401,2026-08-05T07:00:00,2026-08-05T21:00:00,till_operator
SH-NRG-OSA-OSK-004-20260805-02,NRG-OSA-OSK-004,petrus.mbeha.00402,2026-08-05T07:00:00,2026-08-05T21:00:00,till_operator
SH-NRG-OSA-OSK-004-20260805-03,NRG-OSA-OSK-004,petrus.nakale.00403,2026-08-05T07:00:00,2026-08-05T21:00:00,till_operator
SH-NRG-OSA-OSK-004-20260805-04,NRG-OSA-OSK-004,petrus.shikongo.00404,2026-08-05T07:00:00,2026-08-05T21:00:00,till_operator
SH-NRG-OSA-OSK-004-20260805-05,NRG-OSA-OSK-004,petrus.hamutenya.00405,2026-08-05T07:00:00,2026-08-05T21:00:00,till_operator
SH-NRG-OSI-TSU-009-20260805-01,NRG-OSI-TSU-009,selma.amadhila.00901,2026-08-05T07:00:00,2026-08-05T21:00:00,till_operator
SH-NRG-OSI-TSU-009-20260805-02,NRG-OSI-TSU-009,selma.nuugulu.00902,2026-08-05T07:00:00,2026-08-05T21:00:00,till_operator
SH-NRG-OSI-TSU-009-20260805-03,NRG-OSI-TSU-009,selma.kavari.00903,2026-08-05T07:00:00,2026-08-05T21:00:00,till_operator
SH-NRG-OSI-TSU-009-20260805-04,NRG-OSI-TSU-009,selma.haufiku.00904,2026-08-05T07:00:00,2026-08-05T21:00:00,till_operator
SH-NRG-OTJ-OTW-006-20260805-01,NRG-OTJ-OTW-006,nela.nakale.00601,2026-08-05T07:00:00,2026-08-05T21:00:00,till_operator
SH-NRG-OTJ-OTW-006-20260805-02,NRG-OTJ-OTW-006,nela.shikongo.00602,2026-08-05T07:00:00,2026-08-05T21:00:00,till_operator
SH-NRG-OTJ-OTW-006-20260805-03,NRG-OTJ-OTW-006,nela.hamutenya.00603,2026-08-05T07:00:00,2026-08-05T21:00:00,till_operator
SH-NRG-OTJ-OTW-006-20260805-04,NRG-OTJ-OTW-006,nela.amadhila.00604,2026-08-05T07:00:00,2026-08-05T21:00:00,till_operator
SH-NRG-OTJ-OTW-006-20260805-05,NRG-OTJ-OTW-006,nela.nuugulu.00605,2026-08-05T07:00:00,2026-08-05T21:00:00,till_operator
SH-NRG-ZAM-KTM-008-20260805-01,NRG-ZAM-KTM-008,elina.hamutenya.00801,2026-08-05T07:00:00,2026-08-05T21:00:00,till_operator
SH-NRG-ZAM-KTM-008-20260805-02,NRG-ZAM-KTM-008,elina.amadhila.00802,2026-08-05T07:00:00,2026-08-05T21:00:00,till_operator
SH-NRG-ZAM-KTM-008-20260805-03,NRG-ZAM-KTM-008,elina.nuugulu.00803,2026-08-05T07:00:00,2026-08-05T21:00:00,till_operator
SH-NRG-ZAM-KTM-008-20260805-04,NRG-ZAM-KTM-008,elina.kavari.00804,2026-08-05T07:00:00,2026-08-05T21:00:00,till_operator
SH-NRG-ERG-SWK-003-20260806-01,NRG-ERG-SWK-003,ndapewa.kavari.00301,2026-08-06T07:00:00,2026-08-06T21:00:00,till_operator
SH-NRG-ERG-SWK-003-20260806-02,NRG-ERG-SWK-003,ndapewa.haufiku.00302,2026-08-06T07:00:00,2026-08-06T21:00:00,till_operator
SH-NRG-ERG-SWK-003-20260806-03,NRG-ERG-SWK-003,ndapewa.mbeha.00303,2026-08-06T07:00:00,2026-08-06T21:00:00,till_operator
SH-NRG-ERG-SWK-003-20260806-04,NRG-ERG-SWK-003,ndapewa.nakale.00304,2026-08-06T07:00:00,2026-08-06T21:00:00,till_operator
SH-NRG-ERG-SWK-003-20260806-05,NRG-ERG-SWK-003,ndapewa.shikongo.00305,2026-08-06T07:00:00,2026-08-06T21:00:00,till_operator
SH-NRG-ERG-WVB-002-20260806-01,NRG-ERG-WVB-002,anna.nuugulu.00201,2026-08-06T07:00:00,2026-08-06T21:00:00,till_operator
SH-NRG-ERG-WVB-002-20260806-02,NRG-ERG-WVB-002,anna.kavari.00202,2026-08-06T07:00:00,2026-08-06T21:00:00,till_operator
SH-NRG-ERG-WVB-002-20260806-03,NRG-ERG-WVB-002,anna.haufiku.00203,2026-08-06T07:00:00,2026-08-06T21:00:00,till_operator
SH-NRG-ERG-WVB-002-20260806-04,NRG-ERG-WVB-002,anna.mbeha.00204,2026-08-06T07:00:00,2026-08-06T21:00:00,till_operator
SH-NRG-ERG-WVB-002-20260806-05,NRG-ERG-WVB-002,anna.nakale.00205,2026-08-06T07:00:00,2026-08-06T21:00:00,till_operator
SH-NRG-HAR-REH-011-20260806-01,NRG-HAR-REH-011,ndapewa.kavari.01101,2026-08-06T07:00:00,2026-08-06T21:00:00,till_operator
SH-NRG-HAR-REH-011-20260806-02,NRG-HAR-REH-011,ndapewa.haufiku.01102,2026-08-06T07:00:00,2026-08-06T21:00:00,till_operator
SH-NRG-HAR-REH-011-20260806-03,NRG-HAR-REH-011,ndapewa.mbeha.01103,2026-08-06T07:00:00,2026-08-06T21:00:00,till_operator
SH-NRG-HAR-REH-011-20260806-04,NRG-HAR-REH-011,ndapewa.nakale.01104,2026-08-06T07:00:00,2026-08-06T21:00:00,till_operator
SH-NRG-KHA-KTM-007-20260806-01,NRG-KHA-KTM-007,paulus.shikongo.00701,2026-08-06T07:00:00,2026-08-06T21:00:00,till_operator
SH-NRG-KHA-KTM-007-20260806-02,NRG-KHA-KTM-007,paulus.hamutenya.00702,2026-08-06T07:00:00,2026-08-06T21:00:00,till_operator
SH-NRG-KHA-KTM-007-20260806-03,NRG-KHA-KTM-007,paulus.amadhila.00703,2026-08-06T07:00:00,2026-08-06T21:00:00,till_operator
SH-NRG-KHA-KTM-007-20260806-04,NRG-KHA-KTM-007,paulus.nuugulu.00704,2026-08-06T07:00:00,2026-08-06T21:00:00,till_operator
SH-NRG-KHO-WDH-001-20260806-01,NRG-KHO-WDH-001,selma.amadhila.00101,2026-08-06T07:00:00,2026-08-06T21:00:00,till_operator
SH-NRG-KHO-WDH-001-20260806-02,NRG-KHO-WDH-001,selma.nuugulu.00102,2026-08-06T07:00:00,2026-08-06T21:00:00,till_operator
SH-NRG-KHO-WDH-001-20260806-03,NRG-KHO-WDH-001,selma.kavari.00103,2026-08-06T07:00:00,2026-08-06T21:00:00,till_operator
SH-NRG-KHO-WDH-001-20260806-04,NRG-KHO-WDH-001,selma.haufiku.00104,2026-08-06T07:00:00,2026-08-06T21:00:00,till_operator
SH-NRG-KHO-WDH-001-20260806-05,NRG-KHO-WDH-001,selma.mbeha.00105,2026-08-06T07:00:00,2026-08-06T21:00:00,till_operator
SH-NRG-KVE-RUN-005-20260806-01,NRG-KVE-RUN-005,martha.mbeha.00501,2026-08-06T07:00:00,2026-08-06T21:00:00,till_operator
SH-NRG-KVE-RUN-005-20260806-02,NRG-KVE-RUN-005,martha.nakale.00502,2026-08-06T07:00:00,2026-08-06T21:00:00,till_operator
SH-NRG-KVE-RUN-005-20260806-03,NRG-KVE-RUN-005,martha.shikongo.00503,2026-08-06T07:00:00,2026-08-06T21:00:00,till_operator
SH-NRG-KVE-RUN-005-20260806-04,NRG-KVE-RUN-005,martha.hamutenya.00504,2026-08-06T07:00:00,2026-08-06T21:00:00,till_operator
SH-NRG-KVE-RUN-005-20260806-05,NRG-KVE-RUN-005,martha.amadhila.00505,2026-08-06T07:00:00,2026-08-06T21:00:00,till_operator
SH-NRG-OME-GOB-010-20260806-01,NRG-OME-GOB-010,anna.nuugulu.01001,2026-08-06T07:00:00,2026-08-06T21:00:00,till_operator
SH-NRG-OME-GOB-010-20260806-02,NRG-OME-GOB-010,anna.kavari.01002,2026-08-06T07:00:00,2026-08-06T21:00:00,till_operator
SH-NRG-OME-GOB-010-20260806-03,NRG-OME-GOB-010,anna.haufiku.01003,2026-08-06T07:00:00,2026-08-06T21:00:00,till_operator
SH-NRG-OME-GOB-010-20260806-04,NRG-OME-GOB-010,anna.mbeha.01004,2026-08-06T07:00:00,2026-08-06T21:00:00,till_operator
SH-NRG-OSA-OND-012-20260806-01,NRG-OSA-OND-012,petrus.haufiku.01201,2026-08-06T07:00:00,2026-08-06T21:00:00,till_operator
SH-NRG-OSA-OND-012-20260806-02,NRG-OSA-OND-012,petrus.mbeha.01202,2026-08-06T07:00:00,2026-08-06T21:00:00,till_operator
SH-NRG-OSA-OND-012-20260806-03,NRG-OSA-OND-012,petrus.nakale.01203,2026-08-06T07:00:00,2026-08-06T21:00:00,till_operator
SH-NRG-OSA-OND-012-20260806-04,NRG-OSA-OND-012,petrus.shikongo.01204,2026-08-06T07:00:00,2026-08-06T21:00:00,till_operator
SH-NRG-OSA-OSK-004-20260806-01,NRG-OSA-OSK-004,petrus.haufiku.00401,2026-08-06T07:00:00,2026-08-06T21:00:00,till_operator
SH-NRG-OSA-OSK-004-20260806-02,NRG-OSA-OSK-004,petrus.mbeha.00402,2026-08-06T07:00:00,2026-08-06T21:00:00,till_operator
SH-NRG-OSA-OSK-004-20260806-03,NRG-OSA-OSK-004,petrus.nakale.00403,2026-08-06T07:00:00,2026-08-06T21:00:00,till_operator
SH-NRG-OSA-OSK-004-20260806-04,NRG-OSA-OSK-004,petrus.shikongo.00404,2026-08-06T07:00:00,2026-08-06T21:00:00,till_operator
SH-NRG-OSA-OSK-004-20260806-05,NRG-OSA-OSK-004,petrus.hamutenya.00405,2026-08-06T07:00:00,2026-08-06T21:00:00,till_operator
SH-NRG-OSI-TSU-009-20260806-01,NRG-OSI-TSU-009,selma.amadhila.00901,2026-08-06T07:00:00,2026-08-06T21:00:00,till_operator
SH-NRG-OSI-TSU-009-20260806-02,NRG-OSI-TSU-009,selma.nuugulu.00902,2026-08-06T07:00:00,2026-08-06T21:00:00,till_operator
SH-NRG-OSI-TSU-009-20260806-03,NRG-OSI-TSU-009,selma.kavari.00903,2026-08-06T07:00:00,2026-08-06T21:00:00,till_operator
SH-NRG-OSI-TSU-009-20260806-04,NRG-OSI-TSU-009,selma.haufiku.00904,2026-08-06T07:00:00,2026-08-06T21:00:00,till_operator
SH-NRG-OTJ-OTW-006-20260806-01,NRG-OTJ-OTW-006,nela.nakale.00601,2026-08-06T07:00:00,2026-08-06T21:00:00,till_operator
SH-NRG-OTJ-OTW-006-20260806-02,NRG-OTJ-OTW-006,nela.shikongo.00602,2026-08-06T07:00:00,2026-08-06T21:00:00,till_operator
SH-NRG-OTJ-OTW-006-20260806-03,NRG-OTJ-OTW-006,nela.hamutenya.00603,2026-08-06T07:00:00,2026-08-06T21:00:00,till_operator
SH-NRG-OTJ-OTW-006-20260806-04,NRG-OTJ-OTW-006,nela.amadhila.00604,2026-08-06T07:00:00,2026-08-06T21:00:00,till_operator
SH-NRG-OTJ-OTW-006-20260806-05,NRG-OTJ-OTW-006,nela.nuugulu.00605,2026-08-06T07:00:00,2026-08-06T21:00:00,till_operator
SH-NRG-ZAM-KTM-008-20260806-01,NRG-ZAM-KTM-008,elina.hamutenya.00801,2026-08-06T07:00:00,2026-08-06T21:00:00,till_operator
SH-NRG-ZAM-KTM-008-20260806-02,NRG-ZAM-KTM-008,elina.amadhila.00802,2026-08-06T07:00:00,2026-08-06T21:00:00,till_operator
SH-NRG-ZAM-KTM-008-20260806-03,NRG-ZAM-KTM-008,elina.nuugulu.00803,2026-08-06T07:00:00,2026-08-06T21:00:00,till_operator
SH-NRG-ZAM-KTM-008-20260806-04,NRG-ZAM-KTM-008,elina.kavari.00804,2026-08-06T07:00:00,2026-08-06T21:00:00,till_operator
SH-NRG-ERG-SWK-003-20260807-01,NRG-ERG-SWK-003,ndapewa.kavari.00301,2026-08-07T07:00:00,2026-08-07T21:00:00,till_operator
SH-NRG-ERG-SWK-003-20260807-02,NRG-ERG-SWK-003,ndapewa.haufiku.00302,2026-08-07T07:00:00,2026-08-07T21:00:00,till_operator
SH-NRG-ERG-SWK-003-20260807-03,NRG-ERG-SWK-003,ndapewa.mbeha.00303,2026-08-07T07:00:00,2026-08-07T21:00:00,till_operator
SH-NRG-ERG-SWK-003-20260807-04,NRG-ERG-SWK-003,ndapewa.nakale.00304,2026-08-07T07:00:00,2026-08-07T21:00:00,till_operator
SH-NRG-ERG-SWK-003-20260807-05,NRG-ERG-SWK-003,ndapewa.shikongo.00305,2026-08-07T07:00:00,2026-08-07T21:00:00,till_operator
SH-NRG-ERG-WVB-002-20260807-01,NRG-ERG-WVB-002,anna.nuugulu.00201,2026-08-07T07:00:00,2026-08-07T21:00:00,till_operator
SH-NRG-ERG-WVB-002-20260807-02,NRG-ERG-WVB-002,anna.kavari.00202,2026-08-07T07:00:00,2026-08-07T21:00:00,till_operator
SH-NRG-ERG-WVB-002-20260807-03,NRG-ERG-WVB-002,anna.haufiku.00203,2026-08-07T07:00:00,2026-08-07T21:00:00,till_operator
SH-NRG-ERG-WVB-002-20260807-04,NRG-ERG-WVB-002,anna.mbeha.00204,2026-08-07T07:00:00,2026-08-07T21:00:00,till_operator
SH-NRG-ERG-WVB-002-20260807-05,NRG-ERG-WVB-002,anna.nakale.00205,2026-08-07T07:00:00,2026-08-07T21:00:00,till_operator
SH-NRG-HAR-REH-011-20260807-01,NRG-HAR-REH-011,ndapewa.kavari.01101,2026-08-07T07:00:00,2026-08-07T21:00:00,till_operator
SH-NRG-HAR-REH-011-20260807-02,NRG-HAR-REH-011,ndapewa.haufiku.01102,2026-08-07T07:00:00,2026-08-07T21:00:00,till_operator
SH-NRG-HAR-REH-011-20260807-03,NRG-HAR-REH-011,ndapewa.mbeha.01103,2026-08-07T07:00:00,2026-08-07T21:00:00,till_operator
SH-NRG-HAR-REH-011-20260807-04,NRG-HAR-REH-011,ndapewa.nakale.01104,2026-08-07T07:00:00,2026-08-07T21:00:00,till_operator
SH-NRG-KHA-KTM-007-20260807-01,NRG-KHA-KTM-007,paulus.shikongo.00701,2026-08-07T07:00:00,2026-08-07T21:00:00,till_operator
SH-NRG-KHA-KTM-007-20260807-02,NRG-KHA-KTM-007,paulus.hamutenya.00702,2026-08-07T07:00:00,2026-08-07T21:00:00,till_operator
SH-NRG-KHA-KTM-007-20260807-03,NRG-KHA-KTM-007,paulus.amadhila.00703,2026-08-07T07:00:00,2026-08-07T21:00:00,till_operator
SH-NRG-KHA-KTM-007-20260807-04,NRG-KHA-KTM-007,paulus.nuugulu.00704,2026-08-07T07:00:00,2026-08-07T21:00:00,till_operator
SH-NRG-KHO-WDH-001-20260807-01,NRG-KHO-WDH-001,selma.amadhila.00101,2026-08-07T07:00:00,2026-08-07T21:00:00,till_operator
SH-NRG-KHO-WDH-001-20260807-02,NRG-KHO-WDH-001,selma.nuugulu.00102,2026-08-07T07:00:00,2026-08-07T21:00:00,till_operator
SH-NRG-KHO-WDH-001-20260807-03,NRG-KHO-WDH-001,selma.kavari.00103,2026-08-07T07:00:00,2026-08-07T21:00:00,till_operator
SH-NRG-KHO-WDH-001-20260807-04,NRG-KHO-WDH-001,selma.haufiku.00104,2026-08-07T07:00:00,2026-08-07T21:00:00,till_operator
SH-NRG-KHO-WDH-001-20260807-05,NRG-KHO-WDH-001,selma.mbeha.00105,2026-08-07T07:00:00,2026-08-07T21:00:00,till_operator
SH-NRG-KVE-RUN-005-20260807-01,NRG-KVE-RUN-005,martha.mbeha.00501,2026-08-07T07:00:00,2026-08-07T21:00:00,till_operator
SH-NRG-KVE-RUN-005-20260807-02,NRG-KVE-RUN-005,martha.nakale.00502,2026-08-07T07:00:00,2026-08-07T21:00:00,till_operator
SH-NRG-KVE-RUN-005-20260807-03,NRG-KVE-RUN-005,martha.shikongo.00503,2026-08-07T07:00:00,2026-08-07T21:00:00,till_operator
SH-NRG-KVE-RUN-005-20260807-04,NRG-KVE-RUN-005,martha.hamutenya.00504,2026-08-07T07:00:00,2026-08-07T21:00:00,till_operator
SH-NRG-KVE-RUN-005-20260807-05,NRG-KVE-RUN-005,martha.amadhila.00505,2026-08-07T07:00:00,2026-08-07T21:00:00,till_operator
SH-NRG-OME-GOB-010-20260807-01,NRG-OME-GOB-010,anna.nuugulu.01001,2026-08-07T07:00:00,2026-08-07T21:00:00,till_operator
SH-NRG-OME-GOB-010-20260807-02,NRG-OME-GOB-010,anna.kavari.01002,2026-08-07T07:00:00,2026-08-07T21:00:00,till_operator
SH-NRG-OME-GOB-010-20260807-03,NRG-OME-GOB-010,anna.haufiku.01003,2026-08-07T07:00:00,2026-08-07T21:00:00,till_operator
SH-NRG-OME-GOB-010-20260807-04,NRG-OME-GOB-010,anna.mbeha.01004,2026-08-07T07:00:00,2026-08-07T21:00:00,till_operator
SH-NRG-OSA-OND-012-20260807-01,NRG-OSA-OND-012,petrus.haufiku.01201,2026-08-07T07:00:00,2026-08-07T21:00:00,till_operator
SH-NRG-OSA-OND-012-20260807-02,NRG-OSA-OND-012,petrus.mbeha.01202,2026-08-07T07:00:00,2026-08-07T21:00:00,till_operator
SH-NRG-OSA-OND-012-20260807-03,NRG-OSA-OND-012,petrus.nakale.01203,2026-08-07T07:00:00,2026-08-07T21:00:00,till_operator
SH-NRG-OSA-OND-012-20260807-04,NRG-OSA-OND-012,petrus.shikongo.01204,2026-08-07T07:00:00,2026-08-07T21:00:00,till_operator
SH-NRG-OSA-OSK-004-20260807-01,NRG-OSA-OSK-004,petrus.haufiku.00401,2026-08-07T07:00:00,2026-08-07T21:00:00,till_operator
SH-NRG-OSA-OSK-004-20260807-02,NRG-OSA-OSK-004,petrus.mbeha.00402,2026-08-07T07:00:00,2026-08-07T21:00:00,till_operator
SH-NRG-OSA-OSK-004-20260807-03,NRG-OSA-OSK-004,petrus.nakale.00403,2026-08-07T07:00:00,2026-08-07T21:00:00,till_operator
SH-NRG-OSA-OSK-004-20260807-04,NRG-OSA-OSK-004,petrus.shikongo.00404,2026-08-07T07:00:00,2026-08-07T21:00:00,till_operator
SH-NRG-OSA-OSK-004-20260807-05,NRG-OSA-OSK-004,petrus.hamutenya.00405,2026-08-07T07:00:00,2026-08-07T21:00:00,till_operator
SH-NRG-OSI-TSU-009-20260807-01,NRG-OSI-TSU-009,selma.amadhila.00901,2026-08-07T07:00:00,2026-08-07T21:00:00,till_operator
SH-NRG-OSI-TSU-009-20260807-02,NRG-OSI-TSU-009,selma.nuugulu.00902,2026-08-07T07:00:00,2026-08-07T21:00:00,till_operator
SH-NRG-OSI-TSU-009-20260807-03,NRG-OSI-TSU-009,selma.kavari.00903,2026-08-07T07:00:00,2026-08-07T21:00:00,till_operator
SH-NRG-OSI-TSU-009-20260807-04,NRG-OSI-TSU-009,selma.haufiku.00904,2026-08-07T07:00:00,2026-08-07T21:00:00,till_operator
SH-NRG-OTJ-OTW-006-20260807-01,NRG-OTJ-OTW-006,nela.nakale.00601,2026-08-07T07:00:00,2026-08-07T21:00:00,till_operator
SH-NRG-OTJ-OTW-006-20260807-02,NRG-OTJ-OTW-006,nela.shikongo.00602,2026-08-07T07:00:00,2026-08-07T21:00:00,till_operator
SH-NRG-OTJ-OTW-006-20260807-03,NRG-OTJ-OTW-006,nela.hamutenya.00603,2026-08-07T07:00:00,2026-08-07T21:00:00,till_operator
SH-NRG-OTJ-OTW-006-20260807-04,NRG-OTJ-OTW-006,nela.amadhila.00604,2026-08-07T07:00:00,2026-08-07T21:00:00,till_operator
SH-NRG-OTJ-OTW-006-20260807-05,NRG-OTJ-OTW-006,nela.nuugulu.00605,2026-08-07T07:00:00,2026-08-07T21:00:00,till_operator
SH-NRG-ZAM-KTM-008-20260807-01,NRG-ZAM-KTM-008,elina.hamutenya.00801,2026-08-07T07:00:00,2026-08-07T21:00:00,till_operator
SH-NRG-ZAM-KTM-008-20260807-02,NRG-ZAM-KTM-008,elina.amadhila.00802,2026-08-07T07:00:00,2026-08-07T21:00:00,till_operator
SH-NRG-ZAM-KTM-008-20260807-03,NRG-ZAM-KTM-008,elina.nuugulu.00803,2026-08-07T07:00:00,2026-08-07T21:00:00,till_operator
SH-NRG-ZAM-KTM-008-20260807-04,NRG-ZAM-KTM-008,elina.kavari.00804,2026-08-07T07:00:00,2026-08-07T21:00:00,till_operator
SH-NRG-ERG-SWK-003-20260808-01,NRG-ERG-SWK-003,ndapewa.kavari.00301,2026-08-08T07:00:00,2026-08-08T21:00:00,till_operator
SH-NRG-ERG-SWK-003-20260808-02,NRG-ERG-SWK-003,ndapewa.haufiku.00302,2026-08-08T07:00:00,2026-08-08T21:00:00,till_operator
SH-NRG-ERG-SWK-003-20260808-03,NRG-ERG-SWK-003,ndapewa.mbeha.00303,2026-08-08T07:00:00,2026-08-08T21:00:00,till_operator
SH-NRG-ERG-SWK-003-20260808-04,NRG-ERG-SWK-003,ndapewa.nakale.00304,2026-08-08T07:00:00,2026-08-08T21:00:00,till_operator
SH-NRG-ERG-SWK-003-20260808-05,NRG-ERG-SWK-003,ndapewa.shikongo.00305,2026-08-08T07:00:00,2026-08-08T21:00:00,till_operator
SH-NRG-ERG-WVB-002-20260808-01,NRG-ERG-WVB-002,anna.nuugulu.00201,2026-08-08T07:00:00,2026-08-08T21:00:00,till_operator
SH-NRG-ERG-WVB-002-20260808-02,NRG-ERG-WVB-002,anna.kavari.00202,2026-08-08T07:00:00,2026-08-08T21:00:00,till_operator
SH-NRG-ERG-WVB-002-20260808-03,NRG-ERG-WVB-002,anna.haufiku.00203,2026-08-08T07:00:00,2026-08-08T21:00:00,till_operator
SH-NRG-ERG-WVB-002-20260808-04,NRG-ERG-WVB-002,anna.mbeha.00204,2026-08-08T07:00:00,2026-08-08T21:00:00,till_operator
SH-NRG-ERG-WVB-002-20260808-05,NRG-ERG-WVB-002,anna.nakale.00205,2026-08-08T07:00:00,2026-08-08T21:00:00,till_operator
SH-NRG-HAR-REH-011-20260808-01,NRG-HAR-REH-011,ndapewa.kavari.01101,2026-08-08T07:00:00,2026-08-08T21:00:00,till_operator
SH-NRG-HAR-REH-011-20260808-02,NRG-HAR-REH-011,ndapewa.haufiku.01102,2026-08-08T07:00:00,2026-08-08T21:00:00,till_operator
SH-NRG-HAR-REH-011-20260808-03,NRG-HAR-REH-011,ndapewa.mbeha.01103,2026-08-08T07:00:00,2026-08-08T21:00:00,till_operator
SH-NRG-HAR-REH-011-20260808-04,NRG-HAR-REH-011,ndapewa.nakale.01104,2026-08-08T07:00:00,2026-08-08T21:00:00,till_operator
SH-NRG-KHA-KTM-007-20260808-01,NRG-KHA-KTM-007,paulus.shikongo.00701,2026-08-08T07:00:00,2026-08-08T21:00:00,till_operator
SH-NRG-KHA-KTM-007-20260808-02,NRG-KHA-KTM-007,paulus.hamutenya.00702,2026-08-08T07:00:00,2026-08-08T21:00:00,till_operator
SH-NRG-KHA-KTM-007-20260808-03,NRG-KHA-KTM-007,paulus.amadhila.00703,2026-08-08T07:00:00,2026-08-08T21:00:00,till_operator
SH-NRG-KHA-KTM-007-20260808-04,NRG-KHA-KTM-007,paulus.nuugulu.00704,2026-08-08T07:00:00,2026-08-08T21:00:00,till_operator
SH-NRG-KHO-WDH-001-20260808-01,NRG-KHO-WDH-001,selma.amadhila.00101,2026-08-08T07:00:00,2026-08-08T21:00:00,till_operator
SH-NRG-KHO-WDH-001-20260808-02,NRG-KHO-WDH-001,selma.nuugulu.00102,2026-08-08T07:00:00,2026-08-08T21:00:00,till_operator
SH-NRG-KHO-WDH-001-20260808-03,NRG-KHO-WDH-001,selma.kavari.00103,2026-08-08T07:00:00,2026-08-08T21:00:00,till_operator
SH-NRG-KHO-WDH-001-20260808-04,NRG-KHO-WDH-001,selma.haufiku.00104,2026-08-08T07:00:00,2026-08-08T21:00:00,till_operator
SH-NRG-KHO-WDH-001-20260808-05,NRG-KHO-WDH-001,selma.mbeha.00105,2026-08-08T07:00:00,2026-08-08T21:00:00,till_operator
SH-NRG-KVE-RUN-005-20260808-01,NRG-KVE-RUN-005,martha.mbeha.00501,2026-08-08T07:00:00,2026-08-08T21:00:00,till_operator
SH-NRG-KVE-RUN-005-20260808-02,NRG-KVE-RUN-005,martha.nakale.00502,2026-08-08T07:00:00,2026-08-08T21:00:00,till_operator
SH-NRG-KVE-RUN-005-20260808-03,NRG-KVE-RUN-005,martha.shikongo.00503,2026-08-08T07:00:00,2026-08-08T21:00:00,till_operator
SH-NRG-KVE-RUN-005-20260808-04,NRG-KVE-RUN-005,martha.hamutenya.00504,2026-08-08T07:00:00,2026-08-08T21:00:00,till_operator
SH-NRG-KVE-RUN-005-20260808-05,NRG-KVE-RUN-005,martha.amadhila.00505,2026-08-08T07:00:00,2026-08-08T21:00:00,till_operator
SH-NRG-OME-GOB-010-20260808-01,NRG-OME-GOB-010,anna.nuugulu.01001,2026-08-08T07:00:00,2026-08-08T21:00:00,till_operator
SH-NRG-OME-GOB-010-20260808-02,NRG-OME-GOB-010,anna.kavari.01002,2026-08-08T07:00:00,2026-08-08T21:00:00,till_operator
SH-NRG-OME-GOB-010-20260808-03,NRG-OME-GOB-010,anna.haufiku.01003,2026-08-08T07:00:00,2026-08-08T21:00:00,till_operator
SH-NRG-OME-GOB-010-20260808-04,NRG-OME-GOB-010,anna.mbeha.01004,2026-08-08T07:00:00,2026-08-08T21:00:00,till_operator
SH-NRG-OSA-OND-012-20260808-01,NRG-OSA-OND-012,petrus.haufiku.01201,2026-08-08T07:00:00,2026-08-08T21:00:00,till_operator
SH-NRG-OSA-OND-012-20260808-02,NRG-OSA-OND-012,petrus.mbeha.01202,2026-08-08T07:00:00,2026-08-08T21:00:00,till_operator
SH-NRG-OSA-OND-012-20260808-03,NRG-OSA-OND-012,petrus.nakale.01203,2026-08-08T07:00:00,2026-08-08T21:00:00,till_operator
SH-NRG-OSA-OND-012-20260808-04,NRG-OSA-OND-012,petrus.shikongo.01204,2026-08-08T07:00:00,2026-08-08T21:00:00,till_operator
SH-NRG-OSA-OSK-004-20260808-01,NRG-OSA-OSK-004,petrus.haufiku.00401,2026-08-08T07:00:00,2026-08-08T21:00:00,till_operator
SH-NRG-OSA-OSK-004-20260808-02,NRG-OSA-OSK-004,petrus.mbeha.00402,2026-08-08T07:00:00,2026-08-08T21:00:00,till_operator
SH-NRG-OSA-OSK-004-20260808-03,NRG-OSA-OSK-004,petrus.nakale.00403,2026-08-08T07:00:00,2026-08-08T21:00:00,till_operator
SH-NRG-OSA-OSK-004-20260808-04,NRG-OSA-OSK-004,petrus.shikongo.00404,2026-08-08T07:00:00,2026-08-08T21:00:00,till_operator
SH-NRG-OSA-OSK-004-20260808-05,NRG-OSA-OSK-004,petrus.hamutenya.00405,2026-08-08T07:00:00,2026-08-08T21:00:00,till_operator
SH-NRG-OSI-TSU-009-20260808-01,NRG-OSI-TSU-009,selma.amadhila.00901,2026-08-08T07:00:00,2026-08-08T21:00:00,till_operator
SH-NRG-OSI-TSU-009-20260808-02,NRG-OSI-TSU-009,selma.nuugulu.00902,2026-08-08T07:00:00,2026-08-08T21:00:00,till_operator
SH-NRG-OSI-TSU-009-20260808-03,NRG-OSI-TSU-009,selma.kavari.00903,2026-08-08T07:00:00,2026-08-08T21:00:00,till_operator
SH-NRG-OSI-TSU-009-20260808-04,NRG-OSI-TSU-009,selma.haufiku.00904,2026-08-08T07:00:00,2026-08-08T21:00:00,till_operator
SH-NRG-OTJ-OTW-006-20260808-01,NRG-OTJ-OTW-006,nela.nakale.00601,2026-08-08T07:00:00,2026-08-08T21:00:00,till_operator
SH-NRG-OTJ-OTW-006-20260808-02,NRG-OTJ-OTW-006,nela.shikongo.00602,2026-08-08T07:00:00,2026-08-08T21:00:00,till_operator
SH-NRG-OTJ-OTW-006-20260808-03,NRG-OTJ-OTW-006,nela.hamutenya.00603,2026-08-08T07:00:00,2026-08-08T21:00:00,till_operator
SH-NRG-OTJ-OTW-006-20260808-04,NRG-OTJ-OTW-006,nela.amadhila.00604,2026-08-08T07:00:00,2026-08-08T21:00:00,till_operator
SH-NRG-OTJ-OTW-006-20260808-05,NRG-OTJ-OTW-006,nela.nuugulu.00605,2026-08-08T07:00:00,2026-08-08T21:00:00,till_operator
SH-NRG-ZAM-KTM-008-20260808-01,NRG-ZAM-KTM-008,elina.hamutenya.00801,2026-08-08T07:00:00,2026-08-08T21:00:00,till_operator
SH-NRG-ZAM-KTM-008-20260808-02,NRG-ZAM-KTM-008,elina.amadhila.00802,2026-08-08T07:00:00,2026-08-08T21:00:00,till_operator
SH-NRG-ZAM-KTM-008-20260808-03,NRG-ZAM-KTM-008,elina.nuugulu.00803,2026-08-08T07:00:00,2026-08-08T21:00:00,till_operator
SH-NRG-ZAM-KTM-008-20260808-04,NRG-ZAM-KTM-008,elina.kavari.00804,2026-08-08T07:00:00,2026-08-08T21:00:00,till_operator
SH-NRG-ERG-SWK-003-20260809-01,NRG-ERG-SWK-003,ndapewa.kavari.00301,2026-08-09T07:00:00,2026-08-09T21:00:00,till_operator
SH-NRG-ERG-SWK-003-20260809-02,NRG-ERG-SWK-003,ndapewa.haufiku.00302,2026-08-09T07:00:00,2026-08-09T21:00:00,till_operator
SH-NRG-ERG-SWK-003-20260809-03,NRG-ERG-SWK-003,ndapewa.mbeha.00303,2026-08-09T07:00:00,2026-08-09T21:00:00,till_operator
SH-NRG-ERG-SWK-003-20260809-04,NRG-ERG-SWK-003,ndapewa.nakale.00304,2026-08-09T07:00:00,2026-08-09T21:00:00,till_operator
SH-NRG-ERG-SWK-003-20260809-05,NRG-ERG-SWK-003,ndapewa.shikongo.00305,2026-08-09T07:00:00,2026-08-09T21:00:00,till_operator
SH-NRG-ERG-WVB-002-20260809-01,NRG-ERG-WVB-002,anna.nuugulu.00201,2026-08-09T07:00:00,2026-08-09T21:00:00,till_operator
SH-NRG-ERG-WVB-002-20260809-02,NRG-ERG-WVB-002,anna.kavari.00202,2026-08-09T07:00:00,2026-08-09T21:00:00,till_operator
SH-NRG-ERG-WVB-002-20260809-03,NRG-ERG-WVB-002,anna.haufiku.00203,2026-08-09T07:00:00,2026-08-09T21:00:00,till_operator
SH-NRG-ERG-WVB-002-20260809-04,NRG-ERG-WVB-002,anna.mbeha.00204,2026-08-09T07:00:00,2026-08-09T21:00:00,till_operator
SH-NRG-ERG-WVB-002-20260809-05,NRG-ERG-WVB-002,anna.nakale.00205,2026-08-09T07:00:00,2026-08-09T21:00:00,till_operator
SH-NRG-HAR-REH-011-20260809-01,NRG-HAR-REH-011,ndapewa.kavari.01101,2026-08-09T07:00:00,2026-08-09T21:00:00,till_operator
SH-NRG-HAR-REH-011-20260809-02,NRG-HAR-REH-011,ndapewa.haufiku.01102,2026-08-09T07:00:00,2026-08-09T21:00:00,till_operator
SH-NRG-HAR-REH-011-20260809-03,NRG-HAR-REH-011,ndapewa.mbeha.01103,2026-08-09T07:00:00,2026-08-09T21:00:00,till_operator
SH-NRG-HAR-REH-011-20260809-04,NRG-HAR-REH-011,ndapewa.nakale.01104,2026-08-09T07:00:00,2026-08-09T21:00:00,till_operator
SH-NRG-KHA-KTM-007-20260809-01,NRG-KHA-KTM-007,paulus.shikongo.00701,2026-08-09T07:00:00,2026-08-09T21:00:00,till_operator
SH-NRG-KHA-KTM-007-20260809-02,NRG-KHA-KTM-007,paulus.hamutenya.00702,2026-08-09T07:00:00,2026-08-09T21:00:00,till_operator
SH-NRG-KHA-KTM-007-20260809-03,NRG-KHA-KTM-007,paulus.amadhila.00703,2026-08-09T07:00:00,2026-08-09T21:00:00,till_operator
SH-NRG-KHA-KTM-007-20260809-04,NRG-KHA-KTM-007,paulus.nuugulu.00704,2026-08-09T07:00:00,2026-08-09T21:00:00,till_operator
SH-NRG-KHO-WDH-001-20260809-01,NRG-KHO-WDH-001,selma.amadhila.00101,2026-08-09T07:00:00,2026-08-09T21:00:00,till_operator
SH-NRG-KHO-WDH-001-20260809-02,NRG-KHO-WDH-001,selma.nuugulu.00102,2026-08-09T07:00:00,2026-08-09T21:00:00,till_operator
SH-NRG-KHO-WDH-001-20260809-03,NRG-KHO-WDH-001,selma.kavari.00103,2026-08-09T07:00:00,2026-08-09T21:00:00,till_operator
SH-NRG-KHO-WDH-001-20260809-04,NRG-KHO-WDH-001,selma.haufiku.00104,2026-08-09T07:00:00,2026-08-09T21:00:00,till_operator
SH-NRG-KHO-WDH-001-20260809-05,NRG-KHO-WDH-001,selma.mbeha.00105,2026-08-09T07:00:00,2026-08-09T21:00:00,till_operator
SH-NRG-KVE-RUN-005-20260809-01,NRG-KVE-RUN-005,martha.mbeha.00501,2026-08-09T07:00:00,2026-08-09T21:00:00,till_operator
SH-NRG-KVE-RUN-005-20260809-02,NRG-KVE-RUN-005,martha.nakale.00502,2026-08-09T07:00:00,2026-08-09T21:00:00,till_operator
SH-NRG-KVE-RUN-005-20260809-03,NRG-KVE-RUN-005,martha.shikongo.00503,2026-08-09T07:00:00,2026-08-09T21:00:00,till_operator
SH-NRG-KVE-RUN-005-20260809-04,NRG-KVE-RUN-005,martha.hamutenya.00504,2026-08-09T07:00:00,2026-08-09T21:00:00,till_operator
SH-NRG-KVE-RUN-005-20260809-05,NRG-KVE-RUN-005,martha.amadhila.00505,2026-08-09T07:00:00,2026-08-09T21:00:00,till_operator
SH-NRG-OME-GOB-010-20260809-01,NRG-OME-GOB-010,anna.nuugulu.01001,2026-08-09T07:00:00,2026-08-09T21:00:00,till_operator
SH-NRG-OME-GOB-010-20260809-02,NRG-OME-GOB-010,anna.kavari.01002,2026-08-09T07:00:00,2026-08-09T21:00:00,till_operator
SH-NRG-OME-GOB-010-20260809-03,NRG-OME-GOB-010,anna.haufiku.01003,2026-08-09T07:00:00,2026-08-09T21:00:00,till_operator
SH-NRG-OME-GOB-010-20260809-04,NRG-OME-GOB-010,anna.mbeha.01004,2026-08-09T07:00:00,2026-08-09T21:00:00,till_operator
SH-NRG-OSA-OND-012-20260809-01,NRG-OSA-OND-012,petrus.haufiku.01201,2026-08-09T07:00:00,2026-08-09T21:00:00,till_operator
SH-NRG-OSA-OND-012-20260809-02,NRG-OSA-OND-012,petrus.mbeha.01202,2026-08-09T07:00:00,2026-08-09T21:00:00,till_operator
SH-NRG-OSA-OND-012-20260809-03,NRG-OSA-OND-012,petrus.nakale.01203,2026-08-09T07:00:00,2026-08-09T21:00:00,till_operator
SH-NRG-OSA-OND-012-20260809-04,NRG-OSA-OND-012,petrus.shikongo.01204,2026-08-09T07:00:00,2026-08-09T21:00:00,till_operator
SH-NRG-OSA-OSK-004-20260809-01,NRG-OSA-OSK-004,petrus.haufiku.00401,2026-08-09T07:00:00,2026-08-09T21:00:00,till_operator
SH-NRG-OSA-OSK-004-20260809-02,NRG-OSA-OSK-004,petrus.mbeha.00402,2026-08-09T07:00:00,2026-08-09T21:00:00,till_operator
SH-NRG-OSA-OSK-004-20260809-03,NRG-OSA-OSK-004,petrus.nakale.00403,2026-08-09T07:00:00,2026-08-09T21:00:00,till_operator
SH-NRG-OSA-OSK-004-20260809-04,NRG-OSA-OSK-004,petrus.shikongo.00404,2026-08-09T07:00:00,2026-08-09T21:00:00,till_operator
SH-NRG-OSA-OSK-004-20260809-05,NRG-OSA-OSK-004,petrus.hamutenya.00405,2026-08-09T07:00:00,2026-08-09T21:00:00,till_operator
SH-NRG-OSI-TSU-009-20260809-01,NRG-OSI-TSU-009,selma.amadhila.00901,2026-08-09T07:00:00,2026-08-09T21:00:00,till_operator
SH-NRG-OSI-TSU-009-20260809-02,NRG-OSI-TSU-009,selma.nuugulu.00902,2026-08-09T07:00:00,2026-08-09T21:00:00,till_operator
SH-NRG-OSI-TSU-009-20260809-03,NRG-OSI-TSU-009,selma.kavari.00903,2026-08-09T07:00:00,2026-08-09T21:00:00,till_operator
SH-NRG-OSI-TSU-009-20260809-04,NRG-OSI-TSU-009,selma.haufiku.00904,2026-08-09T07:00:00,2026-08-09T21:00:00,till_operator
SH-NRG-OTJ-OTW-006-20260809-01,NRG-OTJ-OTW-006,nela.nakale.00601,2026-08-09T07:00:00,2026-08-09T21:00:00,till_operator
SH-NRG-OTJ-OTW-006-20260809-02,NRG-OTJ-OTW-006,nela.shikongo.00602,2026-08-09T07:00:00,2026-08-09T21:00:00,till_operator
SH-NRG-OTJ-OTW-006-20260809-03,NRG-OTJ-OTW-006,nela.hamutenya.00603,2026-08-09T07:00:00,2026-08-09T21:00:00,till_operator
SH-NRG-OTJ-OTW-006-20260809-04,NRG-OTJ-OTW-006,nela.amadhila.00604,2026-08-09T07:00:00,2026-08-09T21:00:00,till_operator
SH-NRG-OTJ-OTW-006-20260809-05,NRG-OTJ-OTW-006,nela.nuugulu.00605,2026-08-09T07:00:00,2026-08-09T21:00:00,till_operator
SH-NRG-ZAM-KTM-008-20260809-01,NRG-ZAM-KTM-008,elina.hamutenya.00801,2026-08-09T07:00:00,2026-08-09T21:00:00,till_operator
SH-NRG-ZAM-KTM-008-20260809-02,NRG-ZAM-KTM-008,elina.amadhila.00802,2026-08-09T07:00:00,2026-08-09T21:00:00,till_operator
SH-NRG-ZAM-KTM-008-20260809-03,NRG-ZAM-KTM-008,elina.nuugulu.00803,2026-08-09T07:00:00,2026-08-09T21:00:00,till_operator
SH-NRG-ZAM-KTM-008-20260809-04,NRG-ZAM-KTM-008,elina.kavari.00804,2026-08-09T07:00:00,2026-08-09T21:00:00,till_operator
SH-NRG-ERG-SWK-003-20260810-01,NRG-ERG-SWK-003,ndapewa.kavari.00301,2026-08-10T07:00:00,2026-08-10T21:00:00,till_operator
SH-NRG-ERG-SWK-003-20260810-02,NRG-ERG-SWK-003,ndapewa.haufiku.00302,2026-08-10T07:00:00,2026-08-10T21:00:00,till_operator
SH-NRG-ERG-SWK-003-20260810-03,NRG-ERG-SWK-003,ndapewa.mbeha.00303,2026-08-10T07:00:00,2026-08-10T21:00:00,till_operator
SH-NRG-ERG-SWK-003-20260810-04,NRG-ERG-SWK-003,ndapewa.nakale.00304,2026-08-10T07:00:00,2026-08-10T21:00:00,till_operator
SH-NRG-ERG-SWK-003-20260810-05,NRG-ERG-SWK-003,ndapewa.shikongo.00305,2026-08-10T07:00:00,2026-08-10T21:00:00,till_operator
SH-NRG-ERG-WVB-002-20260810-01,NRG-ERG-WVB-002,anna.nuugulu.00201,2026-08-10T07:00:00,2026-08-10T21:00:00,till_operator
SH-NRG-ERG-WVB-002-20260810-02,NRG-ERG-WVB-002,anna.kavari.00202,2026-08-10T07:00:00,2026-08-10T21:00:00,till_operator
SH-NRG-ERG-WVB-002-20260810-03,NRG-ERG-WVB-002,anna.haufiku.00203,2026-08-10T07:00:00,2026-08-10T21:00:00,till_operator
SH-NRG-ERG-WVB-002-20260810-04,NRG-ERG-WVB-002,anna.mbeha.00204,2026-08-10T07:00:00,2026-08-10T21:00:00,till_operator
SH-NRG-ERG-WVB-002-20260810-05,NRG-ERG-WVB-002,anna.nakale.00205,2026-08-10T07:00:00,2026-08-10T21:00:00,till_operator
SH-NRG-HAR-REH-011-20260810-01,NRG-HAR-REH-011,ndapewa.kavari.01101,2026-08-10T07:00:00,2026-08-10T21:00:00,till_operator
SH-NRG-HAR-REH-011-20260810-02,NRG-HAR-REH-011,ndapewa.haufiku.01102,2026-08-10T07:00:00,2026-08-10T21:00:00,till_operator
SH-NRG-HAR-REH-011-20260810-03,NRG-HAR-REH-011,ndapewa.mbeha.01103,2026-08-10T07:00:00,2026-08-10T21:00:00,till_operator
SH-NRG-HAR-REH-011-20260810-04,NRG-HAR-REH-011,ndapewa.nakale.01104,2026-08-10T07:00:00,2026-08-10T21:00:00,till_operator
SH-NRG-KHA-KTM-007-20260810-01,NRG-KHA-KTM-007,paulus.shikongo.00701,2026-08-10T07:00:00,2026-08-10T21:00:00,till_operator
SH-NRG-KHA-KTM-007-20260810-02,NRG-KHA-KTM-007,paulus.hamutenya.00702,2026-08-10T07:00:00,2026-08-10T21:00:00,till_operator
SH-NRG-KHA-KTM-007-20260810-03,NRG-KHA-KTM-007,paulus.amadhila.00703,2026-08-10T07:00:00,2026-08-10T21:00:00,till_operator
SH-NRG-KHA-KTM-007-20260810-04,NRG-KHA-KTM-007,paulus.nuugulu.00704,2026-08-10T07:00:00,2026-08-10T21:00:00,till_operator
SH-NRG-KHO-WDH-001-20260810-01,NRG-KHO-WDH-001,selma.amadhila.00101,2026-08-10T07:00:00,2026-08-10T21:00:00,till_operator
SH-NRG-KHO-WDH-001-20260810-02,NRG-KHO-WDH-001,selma.nuugulu.00102,2026-08-10T07:00:00,2026-08-10T21:00:00,till_operator
SH-NRG-KHO-WDH-001-20260810-03,NRG-KHO-WDH-001,selma.kavari.00103,2026-08-10T07:00:00,2026-08-10T21:00:00,till_operator
SH-NRG-KHO-WDH-001-20260810-04,NRG-KHO-WDH-001,selma.haufiku.00104,2026-08-10T07:00:00,2026-08-10T21:00:00,till_operator
SH-NRG-KHO-WDH-001-20260810-05,NRG-KHO-WDH-001,selma.mbeha.00105,2026-08-10T07:00:00,2026-08-10T21:00:00,till_operator
SH-NRG-KVE-RUN-005-20260810-01,NRG-KVE-RUN-005,martha.mbeha.00501,2026-08-10T07:00:00,2026-08-10T21:00:00,till_operator
SH-NRG-KVE-RUN-005-20260810-02,NRG-KVE-RUN-005,martha.nakale.00502,2026-08-10T07:00:00,2026-08-10T21:00:00,till_operator
SH-NRG-KVE-RUN-005-20260810-03,NRG-KVE-RUN-005,martha.shikongo.00503,2026-08-10T07:00:00,2026-08-10T21:00:00,till_operator
SH-NRG-KVE-RUN-005-20260810-04,NRG-KVE-RUN-005,martha.hamutenya.00504,2026-08-10T07:00:00,2026-08-10T21:00:00,till_operator
SH-NRG-KVE-RUN-005-20260810-05,NRG-KVE-RUN-005,martha.amadhila.00505,2026-08-10T07:00:00,2026-08-10T21:00:00,till_operator
SH-NRG-OME-GOB-010-20260810-01,NRG-OME-GOB-010,anna.nuugulu.01001,2026-08-10T07:00:00,2026-08-10T21:00:00,till_operator
SH-NRG-OME-GOB-010-20260810-02,NRG-OME-GOB-010,anna.kavari.01002,2026-08-10T07:00:00,2026-08-10T21:00:00,till_operator
SH-NRG-OME-GOB-010-20260810-03,NRG-OME-GOB-010,anna.haufiku.01003,2026-08-10T07:00:00,2026-08-10T21:00:00,till_operator
SH-NRG-OME-GOB-010-20260810-04,NRG-OME-GOB-010,anna.mbeha.01004,2026-08-10T07:00:00,2026-08-10T21:00:00,till_operator
SH-NRG-OSA-OND-012-20260810-01,NRG-OSA-OND-012,petrus.haufiku.01201,2026-08-10T07:00:00,2026-08-10T21:00:00,till_operator
SH-NRG-OSA-OND-012-20260810-02,NRG-OSA-OND-012,petrus.mbeha.01202,2026-08-10T07:00:00,2026-08-10T21:00:00,till_operator
SH-NRG-OSA-OND-012-20260810-03,NRG-OSA-OND-012,petrus.nakale.01203,2026-08-10T07:00:00,2026-08-10T21:00:00,till_operator
SH-NRG-OSA-OND-012-20260810-04,NRG-OSA-OND-012,petrus.shikongo.01204,2026-08-10T07:00:00,2026-08-10T21:00:00,till_operator
SH-NRG-OSA-OSK-004-20260810-01,NRG-OSA-OSK-004,petrus.haufiku.00401,2026-08-10T07:00:00,2026-08-10T21:00:00,till_operator
SH-NRG-OSA-OSK-004-20260810-02,NRG-OSA-OSK-004,petrus.mbeha.00402,2026-08-10T07:00:00,2026-08-10T21:00:00,till_operator
SH-NRG-OSA-OSK-004-20260810-03,NRG-OSA-OSK-004,petrus.nakale.00403,2026-08-10T07:00:00,2026-08-10T21:00:00,till_operator
SH-NRG-OSA-OSK-004-20260810-04,NRG-OSA-OSK-004,petrus.shikongo.00404,2026-08-10T07:00:00,2026-08-10T21:00:00,till_operator
SH-NRG-OSA-OSK-004-20260810-05,NRG-OSA-OSK-004,petrus.hamutenya.00405,2026-08-10T07:00:00,2026-08-10T21:00:00,till_operator
SH-NRG-OSI-TSU-009-20260810-01,NRG-OSI-TSU-009,selma.amadhila.00901,2026-08-10T07:00:00,2026-08-10T21:00:00,till_operator
SH-NRG-OSI-TSU-009-20260810-02,NRG-OSI-TSU-009,selma.nuugulu.00902,2026-08-10T07:00:00,2026-08-10T21:00:00,till_operator
SH-NRG-OSI-TSU-009-20260810-03,NRG-OSI-TSU-009,selma.kavari.00903,2026-08-10T07:00:00,2026-08-10T21:00:00,till_operator
SH-NRG-OSI-TSU-009-20260810-04,NRG-OSI-TSU-009,selma.haufiku.00904,2026-08-10T07:00:00,2026-08-10T21:00:00,till_operator
SH-NRG-OTJ-OTW-006-20260810-01,NRG-OTJ-OTW-006,nela.nakale.00601,2026-08-10T07:00:00,2026-08-10T21:00:00,till_operator
SH-NRG-OTJ-OTW-006-20260810-02,NRG-OTJ-OTW-006,nela.shikongo.00602,2026-08-10T07:00:00,2026-08-10T21:00:00,till_operator
SH-NRG-OTJ-OTW-006-20260810-03,NRG-OTJ-OTW-006,nela.hamutenya.00603,2026-08-10T07:00:00,2026-08-10T21:00:00,till_operator
SH-NRG-OTJ-OTW-006-20260810-04,NRG-OTJ-OTW-006,nela.amadhila.00604,2026-08-10T07:00:00,2026-08-10T21:00:00,till_operator
SH-NRG-OTJ-OTW-006-20260810-05,NRG-OTJ-OTW-006,nela.nuugulu.00605,2026-08-10T07:00:00,2026-08-10T21:00:00,till_operator
SH-NRG-ZAM-KTM-008-20260810-01,NRG-ZAM-KTM-008,elina.hamutenya.00801,2026-08-10T07:00:00,2026-08-10T21:00:00,till_operator
SH-NRG-ZAM-KTM-008-20260810-02,NRG-ZAM-KTM-008,elina.amadhila.00802,2026-08-10T07:00:00,2026-08-10T21:00:00,till_operator
SH-NRG-ZAM-KTM-008-20260810-03,NRG-ZAM-KTM-008,elina.nuugulu.00803,2026-08-10T07:00:00,2026-08-10T21:00:00,till_operator
SH-NRG-ZAM-KTM-008-20260810-04,NRG-ZAM-KTM-008,elina.kavari.00804,2026-08-10T07:00:00,2026-08-10T21:00:00,till_operator
SH-NRG-ERG-SWK-003-20260811-01,NRG-ERG-SWK-003,ndapewa.kavari.00301,2026-08-11T07:00:00,2026-08-11T21:00:00,till_operator
SH-NRG-ERG-SWK-003-20260811-02,NRG-ERG-SWK-003,ndapewa.haufiku.00302,2026-08-11T07:00:00,2026-08-11T21:00:00,till_operator
SH-NRG-ERG-SWK-003-20260811-03,NRG-ERG-SWK-003,ndapewa.mbeha.00303,2026-08-11T07:00:00,2026-08-11T21:00:00,till_operator
SH-NRG-ERG-SWK-003-20260811-04,NRG-ERG-SWK-003,ndapewa.nakale.00304,2026-08-11T07:00:00,2026-08-11T21:00:00,till_operator
SH-NRG-ERG-SWK-003-20260811-05,NRG-ERG-SWK-003,ndapewa.shikongo.00305,2026-08-11T07:00:00,2026-08-11T21:00:00,till_operator
SH-NRG-ERG-WVB-002-20260811-01,NRG-ERG-WVB-002,anna.nuugulu.00201,2026-08-11T07:00:00,2026-08-11T21:00:00,till_operator
SH-NRG-ERG-WVB-002-20260811-02,NRG-ERG-WVB-002,anna.kavari.00202,2026-08-11T07:00:00,2026-08-11T21:00:00,till_operator
SH-NRG-ERG-WVB-002-20260811-03,NRG-ERG-WVB-002,anna.haufiku.00203,2026-08-11T07:00:00,2026-08-11T21:00:00,till_operator
SH-NRG-ERG-WVB-002-20260811-04,NRG-ERG-WVB-002,anna.mbeha.00204,2026-08-11T07:00:00,2026-08-11T21:00:00,till_operator
SH-NRG-ERG-WVB-002-20260811-05,NRG-ERG-WVB-002,anna.nakale.00205,2026-08-11T07:00:00,2026-08-11T21:00:00,till_operator
SH-NRG-HAR-REH-011-20260811-01,NRG-HAR-REH-011,ndapewa.kavari.01101,2026-08-11T07:00:00,2026-08-11T21:00:00,till_operator
SH-NRG-HAR-REH-011-20260811-02,NRG-HAR-REH-011,ndapewa.haufiku.01102,2026-08-11T07:00:00,2026-08-11T21:00:00,till_operator
SH-NRG-HAR-REH-011-20260811-03,NRG-HAR-REH-011,ndapewa.mbeha.01103,2026-08-11T07:00:00,2026-08-11T21:00:00,till_operator
SH-NRG-HAR-REH-011-20260811-04,NRG-HAR-REH-011,ndapewa.nakale.01104,2026-08-11T07:00:00,2026-08-11T21:00:00,till_operator
SH-NRG-KHA-KTM-007-20260811-01,NRG-KHA-KTM-007,paulus.shikongo.00701,2026-08-11T07:00:00,2026-08-11T21:00:00,till_operator
SH-NRG-KHA-KTM-007-20260811-02,NRG-KHA-KTM-007,paulus.hamutenya.00702,2026-08-11T07:00:00,2026-08-11T21:00:00,till_operator
SH-NRG-KHA-KTM-007-20260811-03,NRG-KHA-KTM-007,paulus.amadhila.00703,2026-08-11T07:00:00,2026-08-11T21:00:00,till_operator
SH-NRG-KHA-KTM-007-20260811-04,NRG-KHA-KTM-007,paulus.nuugulu.00704,2026-08-11T07:00:00,2026-08-11T21:00:00,till_operator
SH-NRG-KHO-WDH-001-20260811-01,NRG-KHO-WDH-001,selma.amadhila.00101,2026-08-11T07:00:00,2026-08-11T21:00:00,till_operator
SH-NRG-KHO-WDH-001-20260811-02,NRG-KHO-WDH-001,selma.nuugulu.00102,2026-08-11T07:00:00,2026-08-11T21:00:00,till_operator
SH-NRG-KHO-WDH-001-20260811-03,NRG-KHO-WDH-001,selma.kavari.00103,2026-08-11T07:00:00,2026-08-11T21:00:00,till_operator
SH-NRG-KHO-WDH-001-20260811-04,NRG-KHO-WDH-001,selma.haufiku.00104,2026-08-11T07:00:00,2026-08-11T21:00:00,till_operator
SH-NRG-KHO-WDH-001-20260811-05,NRG-KHO-WDH-001,selma.mbeha.00105,2026-08-11T07:00:00,2026-08-11T21:00:00,till_operator
SH-NRG-KVE-RUN-005-20260811-01,NRG-KVE-RUN-005,martha.mbeha.00501,2026-08-11T07:00:00,2026-08-11T21:00:00,till_operator
SH-NRG-KVE-RUN-005-20260811-02,NRG-KVE-RUN-005,martha.nakale.00502,2026-08-11T07:00:00,2026-08-11T21:00:00,till_operator
SH-NRG-KVE-RUN-005-20260811-03,NRG-KVE-RUN-005,martha.shikongo.00503,2026-08-11T07:00:00,2026-08-11T21:00:00,till_operator
SH-NRG-KVE-RUN-005-20260811-04,NRG-KVE-RUN-005,martha.hamutenya.00504,2026-08-11T07:00:00,2026-08-11T21:00:00,till_operator
SH-NRG-KVE-RUN-005-20260811-05,NRG-KVE-RUN-005,martha.amadhila.00505,2026-08-11T07:00:00,2026-08-11T21:00:00,till_operator
SH-NRG-OME-GOB-010-20260811-01,NRG-OME-GOB-010,anna.nuugulu.01001,2026-08-11T07:00:00,2026-08-11T21:00:00,till_operator
SH-NRG-OME-GOB-010-20260811-02,NRG-OME-GOB-010,anna.kavari.01002,2026-08-11T07:00:00,2026-08-11T21:00:00,till_operator
SH-NRG-OME-GOB-010-20260811-03,NRG-OME-GOB-010,anna.haufiku.01003,2026-08-11T07:00:00,2026-08-11T21:00:00,till_operator
SH-NRG-OME-GOB-010-20260811-04,NRG-OME-GOB-010,anna.mbeha.01004,2026-08-11T07:00:00,2026-08-11T21:00:00,till_operator
SH-NRG-OSA-OND-012-20260811-01,NRG-OSA-OND-012,petrus.haufiku.01201,2026-08-11T07:00:00,2026-08-11T21:00:00,till_operator
SH-NRG-OSA-OND-012-20260811-02,NRG-OSA-OND-012,petrus.mbeha.01202,2026-08-11T07:00:00,2026-08-11T21:00:00,till_operator
SH-NRG-OSA-OND-012-20260811-03,NRG-OSA-OND-012,petrus.nakale.01203,2026-08-11T07:00:00,2026-08-11T21:00:00,till_operator
SH-NRG-OSA-OND-012-20260811-04,NRG-OSA-OND-012,petrus.shikongo.01204,2026-08-11T07:00:00,2026-08-11T21:00:00,till_operator
SH-NRG-OSA-OSK-004-20260811-01,NRG-OSA-OSK-004,petrus.haufiku.00401,2026-08-11T07:00:00,2026-08-11T21:00:00,till_operator
SH-NRG-OSA-OSK-004-20260811-02,NRG-OSA-OSK-004,petrus.mbeha.00402,2026-08-11T07:00:00,2026-08-11T21:00:00,till_operator
SH-NRG-OSA-OSK-004-20260811-03,NRG-OSA-OSK-004,petrus.nakale.00403,2026-08-11T07:00:00,2026-08-11T21:00:00,till_operator
SH-NRG-OSA-OSK-004-20260811-04,NRG-OSA-OSK-004,petrus.shikongo.00404,2026-08-11T07:00:00,2026-08-11T21:00:00,till_operator
SH-NRG-OSA-OSK-004-20260811-05,NRG-OSA-OSK-004,petrus.hamutenya.00405,2026-08-11T07:00:00,2026-08-11T21:00:00,till_operator
SH-NRG-OSI-TSU-009-20260811-01,NRG-OSI-TSU-009,selma.amadhila.00901,2026-08-11T07:00:00,2026-08-11T21:00:00,till_operator
SH-NRG-OSI-TSU-009-20260811-02,NRG-OSI-TSU-009,selma.nuugulu.00902,2026-08-11T07:00:00,2026-08-11T21:00:00,till_operator
SH-NRG-OSI-TSU-009-20260811-03,NRG-OSI-TSU-009,selma.kavari.00903,2026-08-11T07:00:00,2026-08-11T21:00:00,till_operator
SH-NRG-OSI-TSU-009-20260811-04,NRG-OSI-TSU-009,selma.haufiku.00904,2026-08-11T07:00:00,2026-08-11T21:00:00,till_operator
SH-NRG-OTJ-OTW-006-20260811-01,NRG-OTJ-OTW-006,nela.nakale.00601,2026-08-11T07:00:00,2026-08-11T21:00:00,till_operator
SH-NRG-OTJ-OTW-006-20260811-02,NRG-OTJ-OTW-006,nela.shikongo.00602,2026-08-11T07:00:00,2026-08-11T21:00:00,till_operator
SH-NRG-OTJ-OTW-006-20260811-03,NRG-OTJ-OTW-006,nela.hamutenya.00603,2026-08-11T07:00:00,2026-08-11T21:00:00,till_operator
SH-NRG-OTJ-OTW-006-20260811-04,NRG-OTJ-OTW-006,nela.amadhila.00604,2026-08-11T07:00:00,2026-08-11T21:00:00,till_operator
SH-NRG-OTJ-OTW-006-20260811-05,NRG-OTJ-OTW-006,nela.nuugulu.00605,2026-08-11T07:00:00,2026-08-11T21:00:00,till_operator
SH-NRG-ZAM-KTM-008-20260811-01,NRG-ZAM-KTM-008,elina.hamutenya.00801,2026-08-11T07:00:00,2026-08-11T21:00:00,till_operator
SH-NRG-ZAM-KTM-008-20260811-02,NRG-ZAM-KTM-008,elina.amadhila.00802,2026-08-11T07:00:00,2026-08-11T21:00:00,till_operator
SH-NRG-ZAM-KTM-008-20260811-03,NRG-ZAM-KTM-008,elina.nuugulu.00803,2026-08-11T07:00:00,2026-08-11T21:00:00,till_operator
SH-NRG-ZAM-KTM-008-20260811-04,NRG-ZAM-KTM-008,elina.kavari.00804,2026-08-11T07:00:00,2026-08-11T21:00:00,till_operator
SH-NRG-ERG-SWK-003-20260812-01,NRG-ERG-SWK-003,ndapewa.kavari.00301,2026-08-12T07:00:00,2026-08-12T21:00:00,till_operator
SH-NRG-ERG-SWK-003-20260812-02,NRG-ERG-SWK-003,ndapewa.haufiku.00302,2026-08-12T07:00:00,2026-08-12T21:00:00,till_operator
SH-NRG-ERG-SWK-003-20260812-03,NRG-ERG-SWK-003,ndapewa.mbeha.00303,2026-08-12T07:00:00,2026-08-12T21:00:00,till_operator
SH-NRG-ERG-SWK-003-20260812-04,NRG-ERG-SWK-003,ndapewa.nakale.00304,2026-08-12T07:00:00,2026-08-12T21:00:00,till_operator
SH-NRG-ERG-SWK-003-20260812-05,NRG-ERG-SWK-003,ndapewa.shikongo.00305,2026-08-12T07:00:00,2026-08-12T21:00:00,till_operator
SH-NRG-ERG-WVB-002-20260812-01,NRG-ERG-WVB-002,anna.nuugulu.00201,2026-08-12T07:00:00,2026-08-12T21:00:00,till_operator
SH-NRG-ERG-WVB-002-20260812-02,NRG-ERG-WVB-002,anna.kavari.00202,2026-08-12T07:00:00,2026-08-12T21:00:00,till_operator
SH-NRG-ERG-WVB-002-20260812-03,NRG-ERG-WVB-002,anna.haufiku.00203,2026-08-12T07:00:00,2026-08-12T21:00:00,till_operator
SH-NRG-ERG-WVB-002-20260812-04,NRG-ERG-WVB-002,anna.mbeha.00204,2026-08-12T07:00:00,2026-08-12T21:00:00,till_operator
SH-NRG-ERG-WVB-002-20260812-05,NRG-ERG-WVB-002,anna.nakale.00205,2026-08-12T07:00:00,2026-08-12T21:00:00,till_operator
SH-NRG-HAR-REH-011-20260812-01,NRG-HAR-REH-011,ndapewa.kavari.01101,2026-08-12T07:00:00,2026-08-12T21:00:00,till_operator
SH-NRG-HAR-REH-011-20260812-02,NRG-HAR-REH-011,ndapewa.haufiku.01102,2026-08-12T07:00:00,2026-08-12T21:00:00,till_operator
SH-NRG-HAR-REH-011-20260812-03,NRG-HAR-REH-011,ndapewa.mbeha.01103,2026-08-12T07:00:00,2026-08-12T21:00:00,till_operator
SH-NRG-HAR-REH-011-20260812-04,NRG-HAR-REH-011,ndapewa.nakale.01104,2026-08-12T07:00:00,2026-08-12T21:00:00,till_operator
SH-NRG-KHA-KTM-007-20260812-01,NRG-KHA-KTM-007,paulus.shikongo.00701,2026-08-12T07:00:00,2026-08-12T21:00:00,till_operator
SH-NRG-KHA-KTM-007-20260812-02,NRG-KHA-KTM-007,paulus.hamutenya.00702,2026-08-12T07:00:00,2026-08-12T21:00:00,till_operator
SH-NRG-KHA-KTM-007-20260812-03,NRG-KHA-KTM-007,paulus.amadhila.00703,2026-08-12T07:00:00,2026-08-12T21:00:00,till_operator
SH-NRG-KHA-KTM-007-20260812-04,NRG-KHA-KTM-007,paulus.nuugulu.00704,2026-08-12T07:00:00,2026-08-12T21:00:00,till_operator
SH-NRG-KHO-WDH-001-20260812-01,NRG-KHO-WDH-001,selma.amadhila.00101,2026-08-12T07:00:00,2026-08-12T21:00:00,till_operator
SH-NRG-KHO-WDH-001-20260812-02,NRG-KHO-WDH-001,selma.nuugulu.00102,2026-08-12T07:00:00,2026-08-12T21:00:00,till_operator
SH-NRG-KHO-WDH-001-20260812-03,NRG-KHO-WDH-001,selma.kavari.00103,2026-08-12T07:00:00,2026-08-12T21:00:00,till_operator
SH-NRG-KHO-WDH-001-20260812-04,NRG-KHO-WDH-001,selma.haufiku.00104,2026-08-12T07:00:00,2026-08-12T21:00:00,till_operator
SH-NRG-KHO-WDH-001-20260812-05,NRG-KHO-WDH-001,selma.mbeha.00105,2026-08-12T07:00:00,2026-08-12T21:00:00,till_operator
SH-NRG-KVE-RUN-005-20260812-01,NRG-KVE-RUN-005,martha.mbeha.00501,2026-08-12T07:00:00,2026-08-12T21:00:00,till_operator
SH-NRG-KVE-RUN-005-20260812-02,NRG-KVE-RUN-005,martha.nakale.00502,2026-08-12T07:00:00,2026-08-12T21:00:00,till_operator
SH-NRG-KVE-RUN-005-20260812-03,NRG-KVE-RUN-005,martha.shikongo.00503,2026-08-12T07:00:00,2026-08-12T21:00:00,till_operator
SH-NRG-KVE-RUN-005-20260812-04,NRG-KVE-RUN-005,martha.hamutenya.00504,2026-08-12T07:00:00,2026-08-12T21:00:00,till_operator
SH-NRG-KVE-RUN-005-20260812-05,NRG-KVE-RUN-005,martha.amadhila.00505,2026-08-12T07:00:00,2026-08-12T21:00:00,till_operator
SH-NRG-OME-GOB-010-20260812-01,NRG-OME-GOB-010,anna.nuugulu.01001,2026-08-12T07:00:00,2026-08-12T21:00:00,till_operator
SH-NRG-OME-GOB-010-20260812-02,NRG-OME-GOB-010,anna.kavari.01002,2026-08-12T07:00:00,2026-08-12T21:00:00,till_operator
SH-NRG-OME-GOB-010-20260812-03,NRG-OME-GOB-010,anna.haufiku.01003,2026-08-12T07:00:00,2026-08-12T21:00:00,till_operator
SH-NRG-OME-GOB-010-20260812-04,NRG-OME-GOB-010,anna.mbeha.01004,2026-08-12T07:00:00,2026-08-12T21:00:00,till_operator
SH-NRG-OSA-OND-012-20260812-01,NRG-OSA-OND-012,petrus.haufiku.01201,2026-08-12T07:00:00,2026-08-12T21:00:00,till_operator
SH-NRG-OSA-OND-012-20260812-02,NRG-OSA-OND-012,petrus.mbeha.01202,2026-08-12T07:00:00,2026-08-12T21:00:00,till_operator
SH-NRG-OSA-OND-012-20260812-03,NRG-OSA-OND-012,petrus.nakale.01203,2026-08-12T07:00:00,2026-08-12T21:00:00,till_operator
SH-NRG-OSA-OND-012-20260812-04,NRG-OSA-OND-012,petrus.shikongo.01204,2026-08-12T07:00:00,2026-08-12T21:00:00,till_operator
SH-NRG-OSA-OSK-004-20260812-01,NRG-OSA-OSK-004,petrus.haufiku.00401,2026-08-12T07:00:00,2026-08-12T21:00:00,till_operator
SH-NRG-OSA-OSK-004-20260812-02,NRG-OSA-OSK-004,petrus.mbeha.00402,2026-08-12T07:00:00,2026-08-12T21:00:00,till_operator
SH-NRG-OSA-OSK-004-20260812-03,NRG-OSA-OSK-004,petrus.nakale.00403,2026-08-12T07:00:00,2026-08-12T21:00:00,till_operator
SH-NRG-OSA-OSK-004-20260812-04,NRG-OSA-OSK-004,petrus.shikongo.00404,2026-08-12T07:00:00,2026-08-12T21:00:00,till_operator
SH-NRG-OSA-OSK-004-20260812-05,NRG-OSA-OSK-004,petrus.hamutenya.00405,2026-08-12T07:00:00,2026-08-12T21:00:00,till_operator
SH-NRG-OSI-TSU-009-20260812-01,NRG-OSI-TSU-009,selma.amadhila.00901,2026-08-12T07:00:00,2026-08-12T21:00:00,till_operator
SH-NRG-OSI-TSU-009-20260812-02,NRG-OSI-TSU-009,selma.nuugulu.00902,2026-08-12T07:00:00,2026-08-12T21:00:00,till_operator
SH-NRG-OSI-TSU-009-20260812-03,NRG-OSI-TSU-009,selma.kavari.00903,2026-08-12T07:00:00,2026-08-12T21:00:00,till_operator
SH-NRG-OSI-TSU-009-20260812-04,NRG-OSI-TSU-009,selma.haufiku.00904,2026-08-12T07:00:00,2026-08-12T21:00:00,till_operator
SH-NRG-OTJ-OTW-006-20260812-01,NRG-OTJ-OTW-006,nela.nakale.00601,2026-08-12T07:00:00,2026-08-12T21:00:00,till_operator
SH-NRG-OTJ-OTW-006-20260812-02,NRG-OTJ-OTW-006,nela.shikongo.00602,2026-08-12T07:00:00,2026-08-12T21:00:00,till_operator
SH-NRG-OTJ-OTW-006-20260812-03,NRG-OTJ-OTW-006,nela.hamutenya.00603,2026-08-12T07:00:00,2026-08-12T21:00:00,till_operator
SH-NRG-OTJ-OTW-006-20260812-04,NRG-OTJ-OTW-006,nela.amadhila.00604,2026-08-12T07:00:00,2026-08-12T21:00:00,till_operator
SH-NRG-OTJ-OTW-006-20260812-05,NRG-OTJ-OTW-006,nela.nuugulu.00605,2026-08-12T07:00:00,2026-08-12T21:00:00,till_operator
SH-NRG-ZAM-KTM-008-20260812-01,NRG-ZAM-KTM-008,elina.hamutenya.00801,2026-08-12T07:00:00,2026-08-12T21:00:00,till_operator
SH-NRG-ZAM-KTM-008-20260812-02,NRG-ZAM-KTM-008,elina.amadhila.00802,2026-08-12T07:00:00,2026-08-12T21:00:00,till_operator
SH-NRG-ZAM-KTM-008-20260812-03,NRG-ZAM-KTM-008,elina.nuugulu.00803,2026-08-12T07:00:00,2026-08-12T21:00:00,till_operator
SH-NRG-ZAM-KTM-008-20260812-04,NRG-ZAM-KTM-008,elina.kavari.00804,2026-08-12T07:00:00,2026-08-12T21:00:00,till_operator
SH-NRG-ERG-SWK-003-20260813-01,NRG-ERG-SWK-003,ndapewa.kavari.00301,2026-08-13T07:00:00,2026-08-13T21:00:00,till_operator
SH-NRG-ERG-SWK-003-20260813-02,NRG-ERG-SWK-003,ndapewa.haufiku.00302,2026-08-13T07:00:00,2026-08-13T21:00:00,till_operator
SH-NRG-ERG-SWK-003-20260813-03,NRG-ERG-SWK-003,ndapewa.mbeha.00303,2026-08-13T07:00:00,2026-08-13T21:00:00,till_operator
SH-NRG-ERG-SWK-003-20260813-04,NRG-ERG-SWK-003,ndapewa.nakale.00304,2026-08-13T07:00:00,2026-08-13T21:00:00,till_operator
SH-NRG-ERG-SWK-003-20260813-05,NRG-ERG-SWK-003,ndapewa.shikongo.00305,2026-08-13T07:00:00,2026-08-13T21:00:00,till_operator
SH-NRG-ERG-WVB-002-20260813-01,NRG-ERG-WVB-002,anna.nuugulu.00201,2026-08-13T07:00:00,2026-08-13T21:00:00,till_operator
SH-NRG-ERG-WVB-002-20260813-02,NRG-ERG-WVB-002,anna.kavari.00202,2026-08-13T07:00:00,2026-08-13T21:00:00,till_operator
SH-NRG-ERG-WVB-002-20260813-03,NRG-ERG-WVB-002,anna.haufiku.00203,2026-08-13T07:00:00,2026-08-13T21:00:00,till_operator
SH-NRG-ERG-WVB-002-20260813-04,NRG-ERG-WVB-002,anna.mbeha.00204,2026-08-13T07:00:00,2026-08-13T21:00:00,till_operator
SH-NRG-ERG-WVB-002-20260813-05,NRG-ERG-WVB-002,anna.nakale.00205,2026-08-13T07:00:00,2026-08-13T21:00:00,till_operator
SH-NRG-HAR-REH-011-20260813-01,NRG-HAR-REH-011,ndapewa.kavari.01101,2026-08-13T07:00:00,2026-08-13T21:00:00,till_operator
SH-NRG-HAR-REH-011-20260813-02,NRG-HAR-REH-011,ndapewa.haufiku.01102,2026-08-13T07:00:00,2026-08-13T21:00:00,till_operator
SH-NRG-HAR-REH-011-20260813-03,NRG-HAR-REH-011,ndapewa.mbeha.01103,2026-08-13T07:00:00,2026-08-13T21:00:00,till_operator
SH-NRG-HAR-REH-011-20260813-04,NRG-HAR-REH-011,ndapewa.nakale.01104,2026-08-13T07:00:00,2026-08-13T21:00:00,till_operator
SH-NRG-KHA-KTM-007-20260813-01,NRG-KHA-KTM-007,paulus.shikongo.00701,2026-08-13T07:00:00,2026-08-13T21:00:00,till_operator
SH-NRG-KHA-KTM-007-20260813-02,NRG-KHA-KTM-007,paulus.hamutenya.00702,2026-08-13T07:00:00,2026-08-13T21:00:00,till_operator
SH-NRG-KHA-KTM-007-20260813-03,NRG-KHA-KTM-007,paulus.amadhila.00703,2026-08-13T07:00:00,2026-08-13T21:00:00,till_operator
SH-NRG-KHA-KTM-007-20260813-04,NRG-KHA-KTM-007,paulus.nuugulu.00704,2026-08-13T07:00:00,2026-08-13T21:00:00,till_operator
SH-NRG-KHO-WDH-001-20260813-01,NRG-KHO-WDH-001,selma.amadhila.00101,2026-08-13T07:00:00,2026-08-13T21:00:00,till_operator
SH-NRG-KHO-WDH-001-20260813-02,NRG-KHO-WDH-001,selma.nuugulu.00102,2026-08-13T07:00:00,2026-08-13T21:00:00,till_operator
SH-NRG-KHO-WDH-001-20260813-03,NRG-KHO-WDH-001,selma.kavari.00103,2026-08-13T07:00:00,2026-08-13T21:00:00,till_operator
SH-NRG-KHO-WDH-001-20260813-04,NRG-KHO-WDH-001,selma.haufiku.00104,2026-08-13T07:00:00,2026-08-13T21:00:00,till_operator
SH-NRG-KHO-WDH-001-20260813-05,NRG-KHO-WDH-001,selma.mbeha.00105,2026-08-13T07:00:00,2026-08-13T21:00:00,till_operator
SH-NRG-KVE-RUN-005-20260813-01,NRG-KVE-RUN-005,martha.mbeha.00501,2026-08-13T07:00:00,2026-08-13T21:00:00,till_operator
SH-NRG-KVE-RUN-005-20260813-02,NRG-KVE-RUN-005,martha.nakale.00502,2026-08-13T07:00:00,2026-08-13T21:00:00,till_operator
SH-NRG-KVE-RUN-005-20260813-03,NRG-KVE-RUN-005,martha.shikongo.00503,2026-08-13T07:00:00,2026-08-13T21:00:00,till_operator
SH-NRG-KVE-RUN-005-20260813-04,NRG-KVE-RUN-005,martha.hamutenya.00504,2026-08-13T07:00:00,2026-08-13T21:00:00,till_operator
SH-NRG-KVE-RUN-005-20260813-05,NRG-KVE-RUN-005,martha.amadhila.00505,2026-08-13T07:00:00,2026-08-13T21:00:00,till_operator
SH-NRG-OME-GOB-010-20260813-01,NRG-OME-GOB-010,anna.nuugulu.01001,2026-08-13T07:00:00,2026-08-13T21:00:00,till_operator
SH-NRG-OME-GOB-010-20260813-02,NRG-OME-GOB-010,anna.kavari.01002,2026-08-13T07:00:00,2026-08-13T21:00:00,till_operator
SH-NRG-OME-GOB-010-20260813-03,NRG-OME-GOB-010,anna.haufiku.01003,2026-08-13T07:00:00,2026-08-13T21:00:00,till_operator
SH-NRG-OME-GOB-010-20260813-04,NRG-OME-GOB-010,anna.mbeha.01004,2026-08-13T07:00:00,2026-08-13T21:00:00,till_operator
SH-NRG-OSA-OND-012-20260813-01,NRG-OSA-OND-012,petrus.haufiku.01201,2026-08-13T07:00:00,2026-08-13T21:00:00,till_operator
SH-NRG-OSA-OND-012-20260813-02,NRG-OSA-OND-012,petrus.mbeha.01202,2026-08-13T07:00:00,2026-08-13T21:00:00,till_operator
SH-NRG-OSA-OND-012-20260813-03,NRG-OSA-OND-012,petrus.nakale.01203,2026-08-13T07:00:00,2026-08-13T21:00:00,till_operator
SH-NRG-OSA-OND-012-20260813-04,NRG-OSA-OND-012,petrus.shikongo.01204,2026-08-13T07:00:00,2026-08-13T21:00:00,till_operator
SH-NRG-OSA-OSK-004-20260813-01,NRG-OSA-OSK-004,petrus.haufiku.00401,2026-08-13T07:00:00,2026-08-13T21:00:00,till_operator
SH-NRG-OSA-OSK-004-20260813-02,NRG-OSA-OSK-004,petrus.mbeha.00402,2026-08-13T07:00:00,2026-08-13T21:00:00,till_operator
SH-NRG-OSA-OSK-004-20260813-03,NRG-OSA-OSK-004,petrus.nakale.00403,2026-08-13T07:00:00,2026-08-13T21:00:00,till_operator
SH-NRG-OSA-OSK-004-20260813-04,NRG-OSA-OSK-004,petrus.shikongo.00404,2026-08-13T07:00:00,2026-08-13T21:00:00,till_operator
SH-NRG-OSA-OSK-004-20260813-05,NRG-OSA-OSK-004,petrus.hamutenya.00405,2026-08-13T07:00:00,2026-08-13T21:00:00,till_operator
SH-NRG-OSI-TSU-009-20260813-01,NRG-OSI-TSU-009,selma.amadhila.00901,2026-08-13T07:00:00,2026-08-13T21:00:00,till_operator
SH-NRG-OSI-TSU-009-20260813-02,NRG-OSI-TSU-009,selma.nuugulu.00902,2026-08-13T07:00:00,2026-08-13T21:00:00,till_operator
SH-NRG-OSI-TSU-009-20260813-03,NRG-OSI-TSU-009,selma.kavari.00903,2026-08-13T07:00:00,2026-08-13T21:00:00,till_operator
SH-NRG-OSI-TSU-009-20260813-04,NRG-OSI-TSU-009,selma.haufiku.00904,2026-08-13T07:00:00,2026-08-13T21:00:00,till_operator
SH-NRG-OTJ-OTW-006-20260813-01,NRG-OTJ-OTW-006,nela.nakale.00601,2026-08-13T07:00:00,2026-08-13T21:00:00,till_operator
SH-NRG-OTJ-OTW-006-20260813-02,NRG-OTJ-OTW-006,nela.shikongo.00602,2026-08-13T07:00:00,2026-08-13T21:00:00,till_operator
SH-NRG-OTJ-OTW-006-20260813-03,NRG-OTJ-OTW-006,nela.hamutenya.00603,2026-08-13T07:00:00,2026-08-13T21:00:00,till_operator
SH-NRG-OTJ-OTW-006-20260813-04,NRG-OTJ-OTW-006,nela.amadhila.00604,2026-08-13T07:00:00,2026-08-13T21:00:00,till_operator
SH-NRG-OTJ-OTW-006-20260813-05,NRG-OTJ-OTW-006,nela.nuugulu.00605,2026-08-13T07:00:00,2026-08-13T21:00:00,till_operator
SH-NRG-ZAM-KTM-008-20260813-01,NRG-ZAM-KTM-008,elina.hamutenya.00801,2026-08-13T07:00:00,2026-08-13T21:00:00,till_operator
SH-NRG-ZAM-KTM-008-20260813-02,NRG-ZAM-KTM-008,elina.amadhila.00802,2026-08-13T07:00:00,2026-08-13T21:00:00,till_operator
SH-NRG-ZAM-KTM-008-20260813-03,NRG-ZAM-KTM-008,elina.nuugulu.00803,2026-08-13T07:00:00,2026-08-13T21:00:00,till_operator
SH-NRG-ZAM-KTM-008-20260813-04,NRG-ZAM-KTM-008,elina.kavari.00804,2026-08-13T07:00:00,2026-08-13T21:00:00,till_operator
SH-NRG-ERG-SWK-003-20260814-01,NRG-ERG-SWK-003,ndapewa.kavari.00301,2026-08-14T07:00:00,2026-08-14T21:00:00,till_operator
SH-NRG-ERG-SWK-003-20260814-02,NRG-ERG-SWK-003,ndapewa.haufiku.00302,2026-08-14T07:00:00,2026-08-14T21:00:00,till_operator
SH-NRG-ERG-SWK-003-20260814-03,NRG-ERG-SWK-003,ndapewa.mbeha.00303,2026-08-14T07:00:00,2026-08-14T21:00:00,till_operator
SH-NRG-ERG-SWK-003-20260814-04,NRG-ERG-SWK-003,ndapewa.nakale.00304,2026-08-14T07:00:00,2026-08-14T21:00:00,till_operator
SH-NRG-ERG-SWK-003-20260814-05,NRG-ERG-SWK-003,ndapewa.shikongo.00305,2026-08-14T07:00:00,2026-08-14T21:00:00,till_operator
SH-NRG-ERG-WVB-002-20260814-01,NRG-ERG-WVB-002,anna.nuugulu.00201,2026-08-14T07:00:00,2026-08-14T21:00:00,till_operator
SH-NRG-ERG-WVB-002-20260814-02,NRG-ERG-WVB-002,anna.kavari.00202,2026-08-14T07:00:00,2026-08-14T21:00:00,till_operator
SH-NRG-ERG-WVB-002-20260814-03,NRG-ERG-WVB-002,anna.haufiku.00203,2026-08-14T07:00:00,2026-08-14T21:00:00,till_operator
SH-NRG-ERG-WVB-002-20260814-04,NRG-ERG-WVB-002,anna.mbeha.00204,2026-08-14T07:00:00,2026-08-14T21:00:00,till_operator
SH-NRG-ERG-WVB-002-20260814-05,NRG-ERG-WVB-002,anna.nakale.00205,2026-08-14T07:00:00,2026-08-14T21:00:00,till_operator
SH-NRG-HAR-REH-011-20260814-01,NRG-HAR-REH-011,ndapewa.kavari.01101,2026-08-14T07:00:00,2026-08-14T21:00:00,till_operator
SH-NRG-HAR-REH-011-20260814-02,NRG-HAR-REH-011,ndapewa.haufiku.01102,2026-08-14T07:00:00,2026-08-14T21:00:00,till_operator
SH-NRG-HAR-REH-011-20260814-03,NRG-HAR-REH-011,ndapewa.mbeha.01103,2026-08-14T07:00:00,2026-08-14T21:00:00,till_operator
SH-NRG-HAR-REH-011-20260814-04,NRG-HAR-REH-011,ndapewa.nakale.01104,2026-08-14T07:00:00,2026-08-14T21:00:00,till_operator
SH-NRG-KHA-KTM-007-20260814-01,NRG-KHA-KTM-007,paulus.shikongo.00701,2026-08-14T07:00:00,2026-08-14T21:00:00,till_operator
SH-NRG-KHA-KTM-007-20260814-02,NRG-KHA-KTM-007,paulus.hamutenya.00702,2026-08-14T07:00:00,2026-08-14T21:00:00,till_operator
SH-NRG-KHA-KTM-007-20260814-03,NRG-KHA-KTM-007,paulus.amadhila.00703,2026-08-14T07:00:00,2026-08-14T21:00:00,till_operator
SH-NRG-KHA-KTM-007-20260814-04,NRG-KHA-KTM-007,paulus.nuugulu.00704,2026-08-14T07:00:00,2026-08-14T21:00:00,till_operator
SH-NRG-KHO-WDH-001-20260814-01,NRG-KHO-WDH-001,selma.amadhila.00101,2026-08-14T07:00:00,2026-08-14T21:00:00,till_operator
SH-NRG-KHO-WDH-001-20260814-02,NRG-KHO-WDH-001,selma.nuugulu.00102,2026-08-14T07:00:00,2026-08-14T21:00:00,till_operator
SH-NRG-KHO-WDH-001-20260814-03,NRG-KHO-WDH-001,selma.kavari.00103,2026-08-14T07:00:00,2026-08-14T21:00:00,till_operator
SH-NRG-KHO-WDH-001-20260814-04,NRG-KHO-WDH-001,selma.haufiku.00104,2026-08-14T07:00:00,2026-08-14T21:00:00,till_operator
SH-NRG-KHO-WDH-001-20260814-05,NRG-KHO-WDH-001,selma.mbeha.00105,2026-08-14T07:00:00,2026-08-14T21:00:00,till_operator
SH-NRG-KVE-RUN-005-20260814-01,NRG-KVE-RUN-005,martha.mbeha.00501,2026-08-14T07:00:00,2026-08-14T21:00:00,till_operator
SH-NRG-KVE-RUN-005-20260814-02,NRG-KVE-RUN-005,martha.nakale.00502,2026-08-14T07:00:00,2026-08-14T21:00:00,till_operator
SH-NRG-KVE-RUN-005-20260814-03,NRG-KVE-RUN-005,martha.shikongo.00503,2026-08-14T07:00:00,2026-08-14T21:00:00,till_operator
SH-NRG-KVE-RUN-005-20260814-04,NRG-KVE-RUN-005,martha.hamutenya.00504,2026-08-14T07:00:00,2026-08-14T21:00:00,till_operator
SH-NRG-KVE-RUN-005-20260814-05,NRG-KVE-RUN-005,martha.amadhila.00505,2026-08-14T07:00:00,2026-08-14T21:00:00,till_operator
SH-NRG-OME-GOB-010-20260814-01,NRG-OME-GOB-010,anna.nuugulu.01001,2026-08-14T07:00:00,2026-08-14T21:00:00,till_operator
SH-NRG-OME-GOB-010-20260814-02,NRG-OME-GOB-010,anna.kavari.01002,2026-08-14T07:00:00,2026-08-14T21:00:00,till_operator
SH-NRG-OME-GOB-010-20260814-03,NRG-OME-GOB-010,anna.haufiku.01003,2026-08-14T07:00:00,2026-08-14T21:00:00,till_operator
SH-NRG-OME-GOB-010-20260814-04,NRG-OME-GOB-010,anna.mbeha.01004,2026-08-14T07:00:00,2026-08-14T21:00:00,till_operator
SH-NRG-OSA-OND-012-20260814-01,NRG-OSA-OND-012,petrus.haufiku.01201,2026-08-14T07:00:00,2026-08-14T21:00:00,till_operator
SH-NRG-OSA-OND-012-20260814-02,NRG-OSA-OND-012,petrus.mbeha.01202,2026-08-14T07:00:00,2026-08-14T21:00:00,till_operator
SH-NRG-OSA-OND-012-20260814-03,NRG-OSA-OND-012,petrus.nakale.01203,2026-08-14T07:00:00,2026-08-14T21:00:00,till_operator
SH-NRG-OSA-OND-012-20260814-04,NRG-OSA-OND-012,petrus.shikongo.01204,2026-08-14T07:00:00,2026-08-14T21:00:00,till_operator
SH-NRG-OSA-OSK-004-20260814-01,NRG-OSA-OSK-004,petrus.haufiku.00401,2026-08-14T07:00:00,2026-08-14T21:00:00,till_operator
SH-NRG-OSA-OSK-004-20260814-02,NRG-OSA-OSK-004,petrus.mbeha.00402,2026-08-14T07:00:00,2026-08-14T21:00:00,till_operator
SH-NRG-OSA-OSK-004-20260814-03,NRG-OSA-OSK-004,petrus.nakale.00403,2026-08-14T07:00:00,2026-08-14T21:00:00,till_operator
SH-NRG-OSA-OSK-004-20260814-04,NRG-OSA-OSK-004,petrus.shikongo.00404,2026-08-14T07:00:00,2026-08-14T21:00:00,till_operator
SH-NRG-OSA-OSK-004-20260814-05,NRG-OSA-OSK-004,petrus.hamutenya.00405,2026-08-14T07:00:00,2026-08-14T21:00:00,till_operator
SH-NRG-OSI-TSU-009-20260814-01,NRG-OSI-TSU-009,selma.amadhila.00901,2026-08-14T07:00:00,2026-08-14T21:00:00,till_operator
SH-NRG-OSI-TSU-009-20260814-02,NRG-OSI-TSU-009,selma.nuugulu.00902,2026-08-14T07:00:00,2026-08-14T21:00:00,till_operator
SH-NRG-OSI-TSU-009-20260814-03,NRG-OSI-TSU-009,selma.kavari.00903,2026-08-14T07:00:00,2026-08-14T21:00:00,till_operator
SH-NRG-OSI-TSU-009-20260814-04,NRG-OSI-TSU-009,selma.haufiku.00904,2026-08-14T07:00:00,2026-08-14T21:00:00,till_operator
SH-NRG-OTJ-OTW-006-20260814-01,NRG-OTJ-OTW-006,nela.nakale.00601,2026-08-14T07:00:00,2026-08-14T21:00:00,till_operator
SH-NRG-OTJ-OTW-006-20260814-02,NRG-OTJ-OTW-006,nela.shikongo.00602,2026-08-14T07:00:00,2026-08-14T21:00:00,till_operator
SH-NRG-OTJ-OTW-006-20260814-03,NRG-OTJ-OTW-006,nela.hamutenya.00603,2026-08-14T07:00:00,2026-08-14T21:00:00,till_operator
SH-NRG-OTJ-OTW-006-20260814-04,NRG-OTJ-OTW-006,nela.amadhila.00604,2026-08-14T07:00:00,2026-08-14T21:00:00,till_operator
SH-NRG-OTJ-OTW-006-20260814-05,NRG-OTJ-OTW-006,nela.nuugulu.00605,2026-08-14T07:00:00,2026-08-14T21:00:00,till_operator
SH-NRG-ZAM-KTM-008-20260814-01,NRG-ZAM-KTM-008,elina.hamutenya.00801,2026-08-14T07:00:00,2026-08-14T21:00:00,till_operator
SH-NRG-ZAM-KTM-008-20260814-02,NRG-ZAM-KTM-008,elina.amadhila.00802,2026-08-14T07:00:00,2026-08-14T21:00:00,till_operator
SH-NRG-ZAM-KTM-008-20260814-03,NRG-ZAM-KTM-008,elina.nuugulu.00803,2026-08-14T07:00:00,2026-08-14T21:00:00,till_operator
SH-NRG-ZAM-KTM-008-20260814-04,NRG-ZAM-KTM-008,elina.kavari.00804,2026-08-14T07:00:00,2026-08-14T21:00:00,till_operator
SH-NRG-ERG-SWK-003-20260815-01,NRG-ERG-SWK-003,ndapewa.kavari.00301,2026-08-15T07:00:00,2026-08-15T21:00:00,till_operator
SH-NRG-ERG-SWK-003-20260815-02,NRG-ERG-SWK-003,ndapewa.haufiku.00302,2026-08-15T07:00:00,2026-08-15T21:00:00,till_operator
SH-NRG-ERG-SWK-003-20260815-03,NRG-ERG-SWK-003,ndapewa.mbeha.00303,2026-08-15T07:00:00,2026-08-15T21:00:00,till_operator
SH-NRG-ERG-SWK-003-20260815-04,NRG-ERG-SWK-003,ndapewa.nakale.00304,2026-08-15T07:00:00,2026-08-15T21:00:00,till_operator
SH-NRG-ERG-SWK-003-20260815-05,NRG-ERG-SWK-003,ndapewa.shikongo.00305,2026-08-15T07:00:00,2026-08-15T21:00:00,till_operator
SH-NRG-ERG-WVB-002-20260815-01,NRG-ERG-WVB-002,anna.nuugulu.00201,2026-08-15T07:00:00,2026-08-15T21:00:00,till_operator
SH-NRG-ERG-WVB-002-20260815-02,NRG-ERG-WVB-002,anna.kavari.00202,2026-08-15T07:00:00,2026-08-15T21:00:00,till_operator
SH-NRG-ERG-WVB-002-20260815-03,NRG-ERG-WVB-002,anna.haufiku.00203,2026-08-15T07:00:00,2026-08-15T21:00:00,till_operator
SH-NRG-ERG-WVB-002-20260815-04,NRG-ERG-WVB-002,anna.mbeha.00204,2026-08-15T07:00:00,2026-08-15T21:00:00,till_operator
SH-NRG-ERG-WVB-002-20260815-05,NRG-ERG-WVB-002,anna.nakale.00205,2026-08-15T07:00:00,2026-08-15T21:00:00,till_operator
SH-NRG-HAR-REH-011-20260815-01,NRG-HAR-REH-011,ndapewa.kavari.01101,2026-08-15T07:00:00,2026-08-15T21:00:00,till_operator
SH-NRG-HAR-REH-011-20260815-02,NRG-HAR-REH-011,ndapewa.haufiku.01102,2026-08-15T07:00:00,2026-08-15T21:00:00,till_operator
SH-NRG-HAR-REH-011-20260815-03,NRG-HAR-REH-011,ndapewa.mbeha.01103,2026-08-15T07:00:00,2026-08-15T21:00:00,till_operator
SH-NRG-HAR-REH-011-20260815-04,NRG-HAR-REH-011,ndapewa.nakale.01104,2026-08-15T07:00:00,2026-08-15T21:00:00,till_operator
SH-NRG-KHA-KTM-007-20260815-01,NRG-KHA-KTM-007,paulus.shikongo.00701,2026-08-15T07:00:00,2026-08-15T21:00:00,till_operator
SH-NRG-KHA-KTM-007-20260815-02,NRG-KHA-KTM-007,paulus.hamutenya.00702,2026-08-15T07:00:00,2026-08-15T21:00:00,till_operator
SH-NRG-KHA-KTM-007-20260815-03,NRG-KHA-KTM-007,paulus.amadhila.00703,2026-08-15T07:00:00,2026-08-15T21:00:00,till_operator
SH-NRG-KHA-KTM-007-20260815-04,NRG-KHA-KTM-007,paulus.nuugulu.00704,2026-08-15T07:00:00,2026-08-15T21:00:00,till_operator
SH-NRG-KHO-WDH-001-20260815-01,NRG-KHO-WDH-001,selma.amadhila.00101,2026-08-15T07:00:00,2026-08-15T21:00:00,till_operator
SH-NRG-KHO-WDH-001-20260815-02,NRG-KHO-WDH-001,selma.nuugulu.00102,2026-08-15T07:00:00,2026-08-15T21:00:00,till_operator
SH-NRG-KHO-WDH-001-20260815-03,NRG-KHO-WDH-001,selma.kavari.00103,2026-08-15T07:00:00,2026-08-15T21:00:00,till_operator
SH-NRG-KHO-WDH-001-20260815-04,NRG-KHO-WDH-001,selma.haufiku.00104,2026-08-15T07:00:00,2026-08-15T21:00:00,till_operator
SH-NRG-KHO-WDH-001-20260815-05,NRG-KHO-WDH-001,selma.mbeha.00105,2026-08-15T07:00:00,2026-08-15T21:00:00,till_operator
SH-NRG-KVE-RUN-005-20260815-01,NRG-KVE-RUN-005,martha.mbeha.00501,2026-08-15T07:00:00,2026-08-15T21:00:00,till_operator
SH-NRG-KVE-RUN-005-20260815-02,NRG-KVE-RUN-005,martha.nakale.00502,2026-08-15T07:00:00,2026-08-15T21:00:00,till_operator
SH-NRG-KVE-RUN-005-20260815-03,NRG-KVE-RUN-005,martha.shikongo.00503,2026-08-15T07:00:00,2026-08-15T21:00:00,till_operator
SH-NRG-KVE-RUN-005-20260815-04,NRG-KVE-RUN-005,martha.hamutenya.00504,2026-08-15T07:00:00,2026-08-15T21:00:00,till_operator
SH-NRG-KVE-RUN-005-20260815-05,NRG-KVE-RUN-005,martha.amadhila.00505,2026-08-15T07:00:00,2026-08-15T21:00:00,till_operator
SH-NRG-OME-GOB-010-20260815-01,NRG-OME-GOB-010,anna.nuugulu.01001,2026-08-15T07:00:00,2026-08-15T21:00:00,till_operator
SH-NRG-OME-GOB-010-20260815-02,NRG-OME-GOB-010,anna.kavari.01002,2026-08-15T07:00:00,2026-08-15T21:00:00,till_operator
SH-NRG-OME-GOB-010-20260815-03,NRG-OME-GOB-010,anna.haufiku.01003,2026-08-15T07:00:00,2026-08-15T21:00:00,till_operator
SH-NRG-OME-GOB-010-20260815-04,NRG-OME-GOB-010,anna.mbeha.01004,2026-08-15T07:00:00,2026-08-15T21:00:00,till_operator
SH-NRG-OSA-OND-012-20260815-01,NRG-OSA-OND-012,petrus.haufiku.01201,2026-08-15T07:00:00,2026-08-15T21:00:00,till_operator
SH-NRG-OSA-OND-012-20260815-02,NRG-OSA-OND-012,petrus.mbeha.01202,2026-08-15T07:00:00,2026-08-15T21:00:00,till_operator
SH-NRG-OSA-OND-012-20260815-03,NRG-OSA-OND-012,petrus.nakale.01203,2026-08-15T07:00:00,2026-08-15T21:00:00,till_operator
SH-NRG-OSA-OND-012-20260815-04,NRG-OSA-OND-012,petrus.shikongo.01204,2026-08-15T07:00:00,2026-08-15T21:00:00,till_operator
SH-NRG-OSA-OSK-004-20260815-01,NRG-OSA-OSK-004,petrus.haufiku.00401,2026-08-15T07:00:00,2026-08-15T21:00:00,till_operator
SH-NRG-OSA-OSK-004-20260815-02,NRG-OSA-OSK-004,petrus.mbeha.00402,2026-08-15T07:00:00,2026-08-15T21:00:00,till_operator
SH-NRG-OSA-OSK-004-20260815-03,NRG-OSA-OSK-004,petrus.nakale.00403,2026-08-15T07:00:00,2026-08-15T21:00:00,till_operator
SH-NRG-OSA-OSK-004-20260815-04,NRG-OSA-OSK-004,petrus.shikongo.00404,2026-08-15T07:00:00,2026-08-15T21:00:00,till_operator
SH-NRG-OSA-OSK-004-20260815-05,NRG-OSA-OSK-004,petrus.hamutenya.00405,2026-08-15T07:00:00,2026-08-15T21:00:00,till_operator
SH-NRG-OSI-TSU-009-20260815-01,NRG-OSI-TSU-009,selma.amadhila.00901,2026-08-15T07:00:00,2026-08-15T21:00:00,till_operator
SH-NRG-OSI-TSU-009-20260815-02,NRG-OSI-TSU-009,selma.nuugulu.00902,2026-08-15T07:00:00,2026-08-15T21:00:00,till_operator
SH-NRG-OSI-TSU-009-20260815-03,NRG-OSI-TSU-009,selma.kavari.00903,2026-08-15T07:00:00,2026-08-15T21:00:00,till_operator
SH-NRG-OSI-TSU-009-20260815-04,NRG-OSI-TSU-009,selma.haufiku.00904,2026-08-15T07:00:00,2026-08-15T21:00:00,till_operator
SH-NRG-OTJ-OTW-006-20260815-01,NRG-OTJ-OTW-006,nela.nakale.00601,2026-08-15T07:00:00,2026-08-15T21:00:00,till_operator
SH-NRG-OTJ-OTW-006-20260815-02,NRG-OTJ-OTW-006,nela.shikongo.00602,2026-08-15T07:00:00,2026-08-15T21:00:00,till_operator
SH-NRG-OTJ-OTW-006-20260815-03,NRG-OTJ-OTW-006,nela.hamutenya.00603,2026-08-15T07:00:00,2026-08-15T21:00:00,till_operator
SH-NRG-OTJ-OTW-006-20260815-04,NRG-OTJ-OTW-006,nela.amadhila.00604,2026-08-15T07:00:00,2026-08-15T21:00:00,till_operator
SH-NRG-OTJ-OTW-006-20260815-05,NRG-OTJ-OTW-006,nela.nuugulu.00605,2026-08-15T07:00:00,2026-08-15T21:00:00,till_operator
SH-NRG-ZAM-KTM-008-20260815-01,NRG-ZAM-KTM-008,elina.hamutenya.00801,2026-08-15T07:00:00,2026-08-15T21:00:00,till_operator
SH-NRG-ZAM-KTM-008-20260815-02,NRG-ZAM-KTM-008,elina.amadhila.00802,2026-08-15T07:00:00,2026-08-15T21:00:00,till_operator
SH-NRG-ZAM-KTM-008-20260815-03,NRG-ZAM-KTM-008,elina.nuugulu.00803,2026-08-15T07:00:00,2026-08-15T21:00:00,till_operator
SH-NRG-ZAM-KTM-008-20260815-04,NRG-ZAM-KTM-008,elina.kavari.00804,2026-08-15T07:00:00,2026-08-15T21:00:00,till_operator
SH-NRG-ERG-SWK-003-20260816-01,NRG-ERG-SWK-003,ndapewa.kavari.00301,2026-08-16T07:00:00,2026-08-16T21:00:00,till_operator
SH-NRG-ERG-SWK-003-20260816-02,NRG-ERG-SWK-003,ndapewa.haufiku.00302,2026-08-16T07:00:00,2026-08-16T21:00:00,till_operator
SH-NRG-ERG-SWK-003-20260816-03,NRG-ERG-SWK-003,ndapewa.mbeha.00303,2026-08-16T07:00:00,2026-08-16T21:00:00,till_operator
SH-NRG-ERG-SWK-003-20260816-04,NRG-ERG-SWK-003,ndapewa.nakale.00304,2026-08-16T07:00:00,2026-08-16T21:00:00,till_operator
SH-NRG-ERG-SWK-003-20260816-05,NRG-ERG-SWK-003,ndapewa.shikongo.00305,2026-08-16T07:00:00,2026-08-16T21:00:00,till_operator
SH-NRG-ERG-WVB-002-20260816-01,NRG-ERG-WVB-002,anna.nuugulu.00201,2026-08-16T07:00:00,2026-08-16T21:00:00,till_operator
SH-NRG-ERG-WVB-002-20260816-02,NRG-ERG-WVB-002,anna.kavari.00202,2026-08-16T07:00:00,2026-08-16T21:00:00,till_operator
SH-NRG-ERG-WVB-002-20260816-03,NRG-ERG-WVB-002,anna.haufiku.00203,2026-08-16T07:00:00,2026-08-16T21:00:00,till_operator
SH-NRG-ERG-WVB-002-20260816-04,NRG-ERG-WVB-002,anna.mbeha.00204,2026-08-16T07:00:00,2026-08-16T21:00:00,till_operator
SH-NRG-ERG-WVB-002-20260816-05,NRG-ERG-WVB-002,anna.nakale.00205,2026-08-16T07:00:00,2026-08-16T21:00:00,till_operator
SH-NRG-HAR-REH-011-20260816-01,NRG-HAR-REH-011,ndapewa.kavari.01101,2026-08-16T07:00:00,2026-08-16T21:00:00,till_operator
SH-NRG-HAR-REH-011-20260816-02,NRG-HAR-REH-011,ndapewa.haufiku.01102,2026-08-16T07:00:00,2026-08-16T21:00:00,till_operator
SH-NRG-HAR-REH-011-20260816-03,NRG-HAR-REH-011,ndapewa.mbeha.01103,2026-08-16T07:00:00,2026-08-16T21:00:00,till_operator
SH-NRG-HAR-REH-011-20260816-04,NRG-HAR-REH-011,ndapewa.nakale.01104,2026-08-16T07:00:00,2026-08-16T21:00:00,till_operator
SH-NRG-KHA-KTM-007-20260816-01,NRG-KHA-KTM-007,paulus.shikongo.00701,2026-08-16T07:00:00,2026-08-16T21:00:00,till_operator
SH-NRG-KHA-KTM-007-20260816-02,NRG-KHA-KTM-007,paulus.hamutenya.00702,2026-08-16T07:00:00,2026-08-16T21:00:00,till_operator
SH-NRG-KHA-KTM-007-20260816-03,NRG-KHA-KTM-007,paulus.amadhila.00703,2026-08-16T07:00:00,2026-08-16T21:00:00,till_operator
SH-NRG-KHA-KTM-007-20260816-04,NRG-KHA-KTM-007,paulus.nuugulu.00704,2026-08-16T07:00:00,2026-08-16T21:00:00,till_operator
SH-NRG-KHO-WDH-001-20260816-01,NRG-KHO-WDH-001,selma.amadhila.00101,2026-08-16T07:00:00,2026-08-16T21:00:00,till_operator
SH-NRG-KHO-WDH-001-20260816-02,NRG-KHO-WDH-001,selma.nuugulu.00102,2026-08-16T07:00:00,2026-08-16T21:00:00,till_operator
SH-NRG-KHO-WDH-001-20260816-03,NRG-KHO-WDH-001,selma.kavari.00103,2026-08-16T07:00:00,2026-08-16T21:00:00,till_operator
SH-NRG-KHO-WDH-001-20260816-04,NRG-KHO-WDH-001,selma.haufiku.00104,2026-08-16T07:00:00,2026-08-16T21:00:00,till_operator
SH-NRG-KHO-WDH-001-20260816-05,NRG-KHO-WDH-001,selma.mbeha.00105,2026-08-16T07:00:00,2026-08-16T21:00:00,till_operator
SH-NRG-KVE-RUN-005-20260816-01,NRG-KVE-RUN-005,martha.mbeha.00501,2026-08-16T07:00:00,2026-08-16T21:00:00,till_operator
SH-NRG-KVE-RUN-005-20260816-02,NRG-KVE-RUN-005,martha.nakale.00502,2026-08-16T07:00:00,2026-08-16T21:00:00,till_operator
SH-NRG-KVE-RUN-005-20260816-03,NRG-KVE-RUN-005,martha.shikongo.00503,2026-08-16T07:00:00,2026-08-16T21:00:00,till_operator
SH-NRG-KVE-RUN-005-20260816-04,NRG-KVE-RUN-005,martha.hamutenya.00504,2026-08-16T07:00:00,2026-08-16T21:00:00,till_operator
SH-NRG-KVE-RUN-005-20260816-05,NRG-KVE-RUN-005,martha.amadhila.00505,2026-08-16T07:00:00,2026-08-16T21:00:00,till_operator
SH-NRG-OME-GOB-010-20260816-01,NRG-OME-GOB-010,anna.nuugulu.01001,2026-08-16T07:00:00,2026-08-16T21:00:00,till_operator
SH-NRG-OME-GOB-010-20260816-02,NRG-OME-GOB-010,anna.kavari.01002,2026-08-16T07:00:00,2026-08-16T21:00:00,till_operator
SH-NRG-OME-GOB-010-20260816-03,NRG-OME-GOB-010,anna.haufiku.01003,2026-08-16T07:00:00,2026-08-16T21:00:00,till_operator
SH-NRG-OME-GOB-010-20260816-04,NRG-OME-GOB-010,anna.mbeha.01004,2026-08-16T07:00:00,2026-08-16T21:00:00,till_operator
SH-NRG-OSA-OND-012-20260816-01,NRG-OSA-OND-012,petrus.haufiku.01201,2026-08-16T07:00:00,2026-08-16T21:00:00,till_operator
SH-NRG-OSA-OND-012-20260816-02,NRG-OSA-OND-012,petrus.mbeha.01202,2026-08-16T07:00:00,2026-08-16T21:00:00,till_operator
SH-NRG-OSA-OND-012-20260816-03,NRG-OSA-OND-012,petrus.nakale.01203,2026-08-16T07:00:00,2026-08-16T21:00:00,till_operator
SH-NRG-OSA-OND-012-20260816-04,NRG-OSA-OND-012,petrus.shikongo.01204,2026-08-16T07:00:00,2026-08-16T21:00:00,till_operator
SH-NRG-OSA-OSK-004-20260816-01,NRG-OSA-OSK-004,petrus.haufiku.00401,2026-08-16T07:00:00,2026-08-16T21:00:00,till_operator
SH-NRG-OSA-OSK-004-20260816-02,NRG-OSA-OSK-004,petrus.mbeha.00402,2026-08-16T07:00:00,2026-08-16T21:00:00,till_operator
SH-NRG-OSA-OSK-004-20260816-03,NRG-OSA-OSK-004,petrus.nakale.00403,2026-08-16T07:00:00,2026-08-16T21:00:00,till_operator
SH-NRG-OSA-OSK-004-20260816-04,NRG-OSA-OSK-004,petrus.shikongo.00404,2026-08-16T07:00:00,2026-08-16T21:00:00,till_operator
SH-NRG-OSA-OSK-004-20260816-05,NRG-OSA-OSK-004,petrus.hamutenya.00405,2026-08-16T07:00:00,2026-08-16T21:00:00,till_operator
SH-NRG-OSI-TSU-009-20260816-01,NRG-OSI-TSU-009,selma.amadhila.00901,2026-08-16T07:00:00,2026-08-16T21:00:00,till_operator
SH-NRG-OSI-TSU-009-20260816-02,NRG-OSI-TSU-009,selma.nuugulu.00902,2026-08-16T07:00:00,2026-08-16T21:00:00,till_operator
SH-NRG-OSI-TSU-009-20260816-03,NRG-OSI-TSU-009,selma.kavari.00903,2026-08-16T07:00:00,2026-08-16T21:00:00,till_operator
SH-NRG-OSI-TSU-009-20260816-04,NRG-OSI-TSU-009,selma.haufiku.00904,2026-08-16T07:00:00,2026-08-16T21:00:00,till_operator
SH-NRG-OTJ-OTW-006-20260816-01,NRG-OTJ-OTW-006,nela.nakale.00601,2026-08-16T07:00:00,2026-08-16T21:00:00,till_operator
SH-NRG-OTJ-OTW-006-20260816-02,NRG-OTJ-OTW-006,nela.shikongo.00602,2026-08-16T07:00:00,2026-08-16T21:00:00,till_operator
SH-NRG-OTJ-OTW-006-20260816-03,NRG-OTJ-OTW-006,nela.hamutenya.00603,2026-08-16T07:00:00,2026-08-16T21:00:00,till_operator
SH-NRG-OTJ-OTW-006-20260816-04,NRG-OTJ-OTW-006,nela.amadhila.00604,2026-08-16T07:00:00,2026-08-16T21:00:00,till_operator
SH-NRG-OTJ-OTW-006-20260816-05,NRG-OTJ-OTW-006,nela.nuugulu.00605,2026-08-16T07:00:00,2026-08-16T21:00:00,till_operator
SH-NRG-ZAM-KTM-008-20260816-01,NRG-ZAM-KTM-008,elina.hamutenya.00801,2026-08-16T07:00:00,2026-08-16T21:00:00,till_operator
SH-NRG-ZAM-KTM-008-20260816-02,NRG-ZAM-KTM-008,elina.amadhila.00802,2026-08-16T07:00:00,2026-08-16T21:00:00,till_operator
SH-NRG-ZAM-KTM-008-20260816-03,NRG-ZAM-KTM-008,elina.nuugulu.00803,2026-08-16T07:00:00,2026-08-16T21:00:00,till_operator
SH-NRG-ZAM-KTM-008-20260816-04,NRG-ZAM-KTM-008,elina.kavari.00804,2026-08-16T07:00:00,2026-08-16T21:00:00,till_operator
SH-NRG-ERG-SWK-003-20260817-01,NRG-ERG-SWK-003,ndapewa.kavari.00301,2026-08-17T07:00:00,2026-08-17T21:00:00,till_operator
SH-NRG-ERG-SWK-003-20260817-02,NRG-ERG-SWK-003,ndapewa.haufiku.00302,2026-08-17T07:00:00,2026-08-17T21:00:00,till_operator
SH-NRG-ERG-SWK-003-20260817-03,NRG-ERG-SWK-003,ndapewa.mbeha.00303,2026-08-17T07:00:00,2026-08-17T21:00:00,till_operator
SH-NRG-ERG-SWK-003-20260817-04,NRG-ERG-SWK-003,ndapewa.nakale.00304,2026-08-17T07:00:00,2026-08-17T21:00:00,till_operator
SH-NRG-ERG-SWK-003-20260817-05,NRG-ERG-SWK-003,ndapewa.shikongo.00305,2026-08-17T07:00:00,2026-08-17T21:00:00,till_operator
SH-NRG-ERG-WVB-002-20260817-01,NRG-ERG-WVB-002,anna.nuugulu.00201,2026-08-17T07:00:00,2026-08-17T21:00:00,till_operator
SH-NRG-ERG-WVB-002-20260817-02,NRG-ERG-WVB-002,anna.kavari.00202,2026-08-17T07:00:00,2026-08-17T21:00:00,till_operator
SH-NRG-ERG-WVB-002-20260817-03,NRG-ERG-WVB-002,anna.haufiku.00203,2026-08-17T07:00:00,2026-08-17T21:00:00,till_operator
SH-NRG-ERG-WVB-002-20260817-04,NRG-ERG-WVB-002,anna.mbeha.00204,2026-08-17T07:00:00,2026-08-17T21:00:00,till_operator
SH-NRG-ERG-WVB-002-20260817-05,NRG-ERG-WVB-002,anna.nakale.00205,2026-08-17T07:00:00,2026-08-17T21:00:00,till_operator
SH-NRG-HAR-REH-011-20260817-01,NRG-HAR-REH-011,ndapewa.kavari.01101,2026-08-17T07:00:00,2026-08-17T21:00:00,till_operator
SH-NRG-HAR-REH-011-20260817-02,NRG-HAR-REH-011,ndapewa.haufiku.01102,2026-08-17T07:00:00,2026-08-17T21:00:00,till_operator
SH-NRG-HAR-REH-011-20260817-03,NRG-HAR-REH-011,ndapewa.mbeha.01103,2026-08-17T07:00:00,2026-08-17T21:00:00,till_operator
SH-NRG-HAR-REH-011-20260817-04,NRG-HAR-REH-011,ndapewa.nakale.01104,2026-08-17T07:00:00,2026-08-17T21:00:00,till_operator
SH-NRG-KHA-KTM-007-20260817-01,NRG-KHA-KTM-007,paulus.shikongo.00701,2026-08-17T07:00:00,2026-08-17T21:00:00,till_operator
SH-NRG-KHA-KTM-007-20260817-02,NRG-KHA-KTM-007,paulus.hamutenya.00702,2026-08-17T07:00:00,2026-08-17T21:00:00,till_operator
SH-NRG-KHA-KTM-007-20260817-03,NRG-KHA-KTM-007,paulus.amadhila.00703,2026-08-17T07:00:00,2026-08-17T21:00:00,till_operator
SH-NRG-KHA-KTM-007-20260817-04,NRG-KHA-KTM-007,paulus.nuugulu.00704,2026-08-17T07:00:00,2026-08-17T21:00:00,till_operator
SH-NRG-KHO-WDH-001-20260817-01,NRG-KHO-WDH-001,selma.amadhila.00101,2026-08-17T07:00:00,2026-08-17T21:00:00,till_operator
SH-NRG-KHO-WDH-001-20260817-02,NRG-KHO-WDH-001,selma.nuugulu.00102,2026-08-17T07:00:00,2026-08-17T21:00:00,till_operator
SH-NRG-KHO-WDH-001-20260817-03,NRG-KHO-WDH-001,selma.kavari.00103,2026-08-17T07:00:00,2026-08-17T21:00:00,till_operator
SH-NRG-KHO-WDH-001-20260817-04,NRG-KHO-WDH-001,selma.haufiku.00104,2026-08-17T07:00:00,2026-08-17T21:00:00,till_operator
SH-NRG-KHO-WDH-001-20260817-05,NRG-KHO-WDH-001,selma.mbeha.00105,2026-08-17T07:00:00,2026-08-17T21:00:00,till_operator
SH-NRG-KVE-RUN-005-20260817-01,NRG-KVE-RUN-005,martha.mbeha.00501,2026-08-17T07:00:00,2026-08-17T21:00:00,till_operator
SH-NRG-KVE-RUN-005-20260817-02,NRG-KVE-RUN-005,martha.nakale.00502,2026-08-17T07:00:00,2026-08-17T21:00:00,till_operator
SH-NRG-KVE-RUN-005-20260817-03,NRG-KVE-RUN-005,martha.shikongo.00503,2026-08-17T07:00:00,2026-08-17T21:00:00,till_operator
SH-NRG-KVE-RUN-005-20260817-04,NRG-KVE-RUN-005,martha.hamutenya.00504,2026-08-17T07:00:00,2026-08-17T21:00:00,till_operator
SH-NRG-KVE-RUN-005-20260817-05,NRG-KVE-RUN-005,martha.amadhila.00505,2026-08-17T07:00:00,2026-08-17T21:00:00,till_operator
SH-NRG-OME-GOB-010-20260817-01,NRG-OME-GOB-010,anna.nuugulu.01001,2026-08-17T07:00:00,2026-08-17T21:00:00,till_operator
SH-NRG-OME-GOB-010-20260817-02,NRG-OME-GOB-010,anna.kavari.01002,2026-08-17T07:00:00,2026-08-17T21:00:00,till_operator
SH-NRG-OME-GOB-010-20260817-03,NRG-OME-GOB-010,anna.haufiku.01003,2026-08-17T07:00:00,2026-08-17T21:00:00,till_operator
SH-NRG-OME-GOB-010-20260817-04,NRG-OME-GOB-010,anna.mbeha.01004,2026-08-17T07:00:00,2026-08-17T21:00:00,till_operator
SH-NRG-OSA-OND-012-20260817-01,NRG-OSA-OND-012,petrus.haufiku.01201,2026-08-17T07:00:00,2026-08-17T21:00:00,till_operator
SH-NRG-OSA-OND-012-20260817-02,NRG-OSA-OND-012,petrus.mbeha.01202,2026-08-17T07:00:00,2026-08-17T21:00:00,till_operator
SH-NRG-OSA-OND-012-20260817-03,NRG-OSA-OND-012,petrus.nakale.01203,2026-08-17T07:00:00,2026-08-17T21:00:00,till_operator
SH-NRG-OSA-OND-012-20260817-04,NRG-OSA-OND-012,petrus.shikongo.01204,2026-08-17T07:00:00,2026-08-17T21:00:00,till_operator
SH-NRG-OSA-OSK-004-20260817-01,NRG-OSA-OSK-004,petrus.haufiku.00401,2026-08-17T07:00:00,2026-08-17T21:00:00,till_operator
SH-NRG-OSA-OSK-004-20260817-02,NRG-OSA-OSK-004,petrus.mbeha.00402,2026-08-17T07:00:00,2026-08-17T21:00:00,till_operator
SH-NRG-OSA-OSK-004-20260817-03,NRG-OSA-OSK-004,petrus.nakale.00403,2026-08-17T07:00:00,2026-08-17T21:00:00,till_operator
SH-NRG-OSA-OSK-004-20260817-04,NRG-OSA-OSK-004,petrus.shikongo.00404,2026-08-17T07:00:00,2026-08-17T21:00:00,till_operator
SH-NRG-OSA-OSK-004-20260817-05,NRG-OSA-OSK-004,petrus.hamutenya.00405,2026-08-17T07:00:00,2026-08-17T21:00:00,till_operator
SH-NRG-OSI-TSU-009-20260817-01,NRG-OSI-TSU-009,selma.amadhila.00901,2026-08-17T07:00:00,2026-08-17T21:00:00,till_operator
SH-NRG-OSI-TSU-009-20260817-02,NRG-OSI-TSU-009,selma.nuugulu.00902,2026-08-17T07:00:00,2026-08-17T21:00:00,till_operator
SH-NRG-OSI-TSU-009-20260817-03,NRG-OSI-TSU-009,selma.kavari.00903,2026-08-17T07:00:00,2026-08-17T21:00:00,till_operator
SH-NRG-OSI-TSU-009-20260817-04,NRG-OSI-TSU-009,selma.haufiku.00904,2026-08-17T07:00:00,2026-08-17T21:00:00,till_operator
SH-NRG-OTJ-OTW-006-20260817-01,NRG-OTJ-OTW-006,nela.nakale.00601,2026-08-17T07:00:00,2026-08-17T21:00:00,till_operator
SH-NRG-OTJ-OTW-006-20260817-02,NRG-OTJ-OTW-006,nela.shikongo.00602,2026-08-17T07:00:00,2026-08-17T21:00:00,till_operator
SH-NRG-OTJ-OTW-006-20260817-03,NRG-OTJ-OTW-006,nela.hamutenya.00603,2026-08-17T07:00:00,2026-08-17T21:00:00,till_operator
SH-NRG-OTJ-OTW-006-20260817-04,NRG-OTJ-OTW-006,nela.amadhila.00604,2026-08-17T07:00:00,2026-08-17T21:00:00,till_operator
SH-NRG-OTJ-OTW-006-20260817-05,NRG-OTJ-OTW-006,nela.nuugulu.00605,2026-08-17T07:00:00,2026-08-17T21:00:00,till_operator
SH-NRG-ZAM-KTM-008-20260817-01,NRG-ZAM-KTM-008,elina.hamutenya.00801,2026-08-17T07:00:00,2026-08-17T21:00:00,till_operator
SH-NRG-ZAM-KTM-008-20260817-02,NRG-ZAM-KTM-008,elina.amadhila.00802,2026-08-17T07:00:00,2026-08-17T21:00:00,till_operator
SH-NRG-ZAM-KTM-008-20260817-03,NRG-ZAM-KTM-008,elina.nuugulu.00803,2026-08-17T07:00:00,2026-08-17T21:00:00,till_operator
SH-NRG-ZAM-KTM-008-20260817-04,NRG-ZAM-KTM-008,elina.kavari.00804,2026-08-17T07:00:00,2026-08-17T21:00:00,till_operator
SH-NRG-ERG-SWK-003-20260818-01,NRG-ERG-SWK-003,ndapewa.kavari.00301,2026-08-18T07:00:00,2026-08-18T21:00:00,till_operator
SH-NRG-ERG-SWK-003-20260818-02,NRG-ERG-SWK-003,ndapewa.haufiku.00302,2026-08-18T07:00:00,2026-08-18T21:00:00,till_operator
SH-NRG-ERG-SWK-003-20260818-03,NRG-ERG-SWK-003,ndapewa.mbeha.00303,2026-08-18T07:00:00,2026-08-18T21:00:00,till_operator
SH-NRG-ERG-SWK-003-20260818-04,NRG-ERG-SWK-003,ndapewa.nakale.00304,2026-08-18T07:00:00,2026-08-18T21:00:00,till_operator
SH-NRG-ERG-SWK-003-20260818-05,NRG-ERG-SWK-003,ndapewa.shikongo.00305,2026-08-18T07:00:00,2026-08-18T21:00:00,till_operator
SH-NRG-ERG-WVB-002-20260818-01,NRG-ERG-WVB-002,anna.nuugulu.00201,2026-08-18T07:00:00,2026-08-18T21:00:00,till_operator
SH-NRG-ERG-WVB-002-20260818-02,NRG-ERG-WVB-002,anna.kavari.00202,2026-08-18T07:00:00,2026-08-18T21:00:00,till_operator
SH-NRG-ERG-WVB-002-20260818-03,NRG-ERG-WVB-002,anna.haufiku.00203,2026-08-18T07:00:00,2026-08-18T21:00:00,till_operator
SH-NRG-ERG-WVB-002-20260818-04,NRG-ERG-WVB-002,anna.mbeha.00204,2026-08-18T07:00:00,2026-08-18T21:00:00,till_operator
SH-NRG-ERG-WVB-002-20260818-05,NRG-ERG-WVB-002,anna.nakale.00205,2026-08-18T07:00:00,2026-08-18T21:00:00,till_operator
SH-NRG-HAR-REH-011-20260818-01,NRG-HAR-REH-011,ndapewa.kavari.01101,2026-08-18T07:00:00,2026-08-18T21:00:00,till_operator
SH-NRG-HAR-REH-011-20260818-02,NRG-HAR-REH-011,ndapewa.haufiku.01102,2026-08-18T07:00:00,2026-08-18T21:00:00,till_operator
SH-NRG-HAR-REH-011-20260818-03,NRG-HAR-REH-011,ndapewa.mbeha.01103,2026-08-18T07:00:00,2026-08-18T21:00:00,till_operator
SH-NRG-HAR-REH-011-20260818-04,NRG-HAR-REH-011,ndapewa.nakale.01104,2026-08-18T07:00:00,2026-08-18T21:00:00,till_operator
SH-NRG-KHA-KTM-007-20260818-01,NRG-KHA-KTM-007,paulus.shikongo.00701,2026-08-18T07:00:00,2026-08-18T21:00:00,till_operator
SH-NRG-KHA-KTM-007-20260818-02,NRG-KHA-KTM-007,paulus.hamutenya.00702,2026-08-18T07:00:00,2026-08-18T21:00:00,till_operator
SH-NRG-KHA-KTM-007-20260818-03,NRG-KHA-KTM-007,paulus.amadhila.00703,2026-08-18T07:00:00,2026-08-18T21:00:00,till_operator
SH-NRG-KHA-KTM-007-20260818-04,NRG-KHA-KTM-007,paulus.nuugulu.00704,2026-08-18T07:00:00,2026-08-18T21:00:00,till_operator
SH-NRG-KHO-WDH-001-20260818-01,NRG-KHO-WDH-001,selma.amadhila.00101,2026-08-18T07:00:00,2026-08-18T21:00:00,till_operator
SH-NRG-KHO-WDH-001-20260818-02,NRG-KHO-WDH-001,selma.nuugulu.00102,2026-08-18T07:00:00,2026-08-18T21:00:00,till_operator
SH-NRG-KHO-WDH-001-20260818-03,NRG-KHO-WDH-001,selma.kavari.00103,2026-08-18T07:00:00,2026-08-18T21:00:00,till_operator
SH-NRG-KHO-WDH-001-20260818-04,NRG-KHO-WDH-001,selma.haufiku.00104,2026-08-18T07:00:00,2026-08-18T21:00:00,till_operator
SH-NRG-KHO-WDH-001-20260818-05,NRG-KHO-WDH-001,selma.mbeha.00105,2026-08-18T07:00:00,2026-08-18T21:00:00,till_operator
SH-NRG-KVE-RUN-005-20260818-01,NRG-KVE-RUN-005,martha.mbeha.00501,2026-08-18T07:00:00,2026-08-18T21:00:00,till_operator
SH-NRG-KVE-RUN-005-20260818-02,NRG-KVE-RUN-005,martha.nakale.00502,2026-08-18T07:00:00,2026-08-18T21:00:00,till_operator
SH-NRG-KVE-RUN-005-20260818-03,NRG-KVE-RUN-005,martha.shikongo.00503,2026-08-18T07:00:00,2026-08-18T21:00:00,till_operator
SH-NRG-KVE-RUN-005-20260818-04,NRG-KVE-RUN-005,martha.hamutenya.00504,2026-08-18T07:00:00,2026-08-18T21:00:00,till_operator
SH-NRG-KVE-RUN-005-20260818-05,NRG-KVE-RUN-005,martha.amadhila.00505,2026-08-18T07:00:00,2026-08-18T21:00:00,till_operator
SH-NRG-OME-GOB-010-20260818-01,NRG-OME-GOB-010,anna.nuugulu.01001,2026-08-18T07:00:00,2026-08-18T21:00:00,till_operator
SH-NRG-OME-GOB-010-20260818-02,NRG-OME-GOB-010,anna.kavari.01002,2026-08-18T07:00:00,2026-08-18T21:00:00,till_operator
SH-NRG-OME-GOB-010-20260818-03,NRG-OME-GOB-010,anna.haufiku.01003,2026-08-18T07:00:00,2026-08-18T21:00:00,till_operator
SH-NRG-OME-GOB-010-20260818-04,NRG-OME-GOB-010,anna.mbeha.01004,2026-08-18T07:00:00,2026-08-18T21:00:00,till_operator
SH-NRG-OSA-OND-012-20260818-01,NRG-OSA-OND-012,petrus.haufiku.01201,2026-08-18T07:00:00,2026-08-18T21:00:00,till_operator
SH-NRG-OSA-OND-012-20260818-02,NRG-OSA-OND-012,petrus.mbeha.01202,2026-08-18T07:00:00,2026-08-18T21:00:00,till_operator
SH-NRG-OSA-OND-012-20260818-03,NRG-OSA-OND-012,petrus.nakale.01203,2026-08-18T07:00:00,2026-08-18T21:00:00,till_operator
SH-NRG-OSA-OND-012-20260818-04,NRG-OSA-OND-012,petrus.shikongo.01204,2026-08-18T07:00:00,2026-08-18T21:00:00,till_operator
SH-NRG-OSA-OSK-004-20260818-01,NRG-OSA-OSK-004,petrus.haufiku.00401,2026-08-18T07:00:00,2026-08-18T21:00:00,till_operator
SH-NRG-OSA-OSK-004-20260818-02,NRG-OSA-OSK-004,petrus.mbeha.00402,2026-08-18T07:00:00,2026-08-18T21:00:00,till_operator
SH-NRG-OSA-OSK-004-20260818-03,NRG-OSA-OSK-004,petrus.nakale.00403,2026-08-18T07:00:00,2026-08-18T21:00:00,till_operator
SH-NRG-OSA-OSK-004-20260818-04,NRG-OSA-OSK-004,petrus.shikongo.00404,2026-08-18T07:00:00,2026-08-18T21:00:00,till_operator
SH-NRG-OSA-OSK-004-20260818-05,NRG-OSA-OSK-004,petrus.hamutenya.00405,2026-08-18T07:00:00,2026-08-18T21:00:00,till_operator
SH-NRG-OSI-TSU-009-20260818-01,NRG-OSI-TSU-009,selma.amadhila.00901,2026-08-18T07:00:00,2026-08-18T21:00:00,till_operator
SH-NRG-OSI-TSU-009-20260818-02,NRG-OSI-TSU-009,selma.nuugulu.00902,2026-08-18T07:00:00,2026-08-18T21:00:00,till_operator
SH-NRG-OSI-TSU-009-20260818-03,NRG-OSI-TSU-009,selma.kavari.00903,2026-08-18T07:00:00,2026-08-18T21:00:00,till_operator
SH-NRG-OSI-TSU-009-20260818-04,NRG-OSI-TSU-009,selma.haufiku.00904,2026-08-18T07:00:00,2026-08-18T21:00:00,till_operator
SH-NRG-OTJ-OTW-006-20260818-01,NRG-OTJ-OTW-006,nela.nakale.00601,2026-08-18T07:00:00,2026-08-18T21:00:00,till_operator
SH-NRG-OTJ-OTW-006-20260818-02,NRG-OTJ-OTW-006,nela.shikongo.00602,2026-08-18T07:00:00,2026-08-18T21:00:00,till_operator
SH-NRG-OTJ-OTW-006-20260818-03,NRG-OTJ-OTW-006,nela.hamutenya.00603,2026-08-18T07:00:00,2026-08-18T21:00:00,till_operator
SH-NRG-OTJ-OTW-006-20260818-04,NRG-OTJ-OTW-006,nela.amadhila.00604,2026-08-18T07:00:00,2026-08-18T21:00:00,till_operator
SH-NRG-OTJ-OTW-006-20260818-05,NRG-OTJ-OTW-006,nela.nuugulu.00605,2026-08-18T07:00:00,2026-08-18T21:00:00,till_operator
SH-NRG-ZAM-KTM-008-20260818-01,NRG-ZAM-KTM-008,elina.hamutenya.00801,2026-08-18T07:00:00,2026-08-18T21:00:00,till_operator
SH-NRG-ZAM-KTM-008-20260818-02,NRG-ZAM-KTM-008,elina.amadhila.00802,2026-08-18T07:00:00,2026-08-18T21:00:00,till_operator
SH-NRG-ZAM-KTM-008-20260818-03,NRG-ZAM-KTM-008,elina.nuugulu.00803,2026-08-18T07:00:00,2026-08-18T21:00:00,till_operator
SH-NRG-ZAM-KTM-008-20260818-04,NRG-ZAM-KTM-008,elina.kavari.00804,2026-08-18T07:00:00,2026-08-18T21:00:00,till_operator
SH-NRG-ERG-SWK-003-20260819-01,NRG-ERG-SWK-003,ndapewa.kavari.00301,2026-08-19T07:00:00,2026-08-19T21:00:00,till_operator
SH-NRG-ERG-SWK-003-20260819-02,NRG-ERG-SWK-003,ndapewa.haufiku.00302,2026-08-19T07:00:00,2026-08-19T21:00:00,till_operator
SH-NRG-ERG-SWK-003-20260819-03,NRG-ERG-SWK-003,ndapewa.mbeha.00303,2026-08-19T07:00:00,2026-08-19T21:00:00,till_operator
SH-NRG-ERG-SWK-003-20260819-04,NRG-ERG-SWK-003,ndapewa.nakale.00304,2026-08-19T07:00:00,2026-08-19T21:00:00,till_operator
SH-NRG-ERG-SWK-003-20260819-05,NRG-ERG-SWK-003,ndapewa.shikongo.00305,2026-08-19T07:00:00,2026-08-19T21:00:00,till_operator
SH-NRG-ERG-WVB-002-20260819-01,NRG-ERG-WVB-002,anna.nuugulu.00201,2026-08-19T07:00:00,2026-08-19T21:00:00,till_operator
SH-NRG-ERG-WVB-002-20260819-02,NRG-ERG-WVB-002,anna.kavari.00202,2026-08-19T07:00:00,2026-08-19T21:00:00,till_operator
SH-NRG-ERG-WVB-002-20260819-03,NRG-ERG-WVB-002,anna.haufiku.00203,2026-08-19T07:00:00,2026-08-19T21:00:00,till_operator
SH-NRG-ERG-WVB-002-20260819-04,NRG-ERG-WVB-002,anna.mbeha.00204,2026-08-19T07:00:00,2026-08-19T21:00:00,till_operator
SH-NRG-ERG-WVB-002-20260819-05,NRG-ERG-WVB-002,anna.nakale.00205,2026-08-19T07:00:00,2026-08-19T21:00:00,till_operator
SH-NRG-HAR-REH-011-20260819-01,NRG-HAR-REH-011,ndapewa.kavari.01101,2026-08-19T07:00:00,2026-08-19T21:00:00,till_operator
SH-NRG-HAR-REH-011-20260819-02,NRG-HAR-REH-011,ndapewa.haufiku.01102,2026-08-19T07:00:00,2026-08-19T21:00:00,till_operator
SH-NRG-HAR-REH-011-20260819-03,NRG-HAR-REH-011,ndapewa.mbeha.01103,2026-08-19T07:00:00,2026-08-19T21:00:00,till_operator
SH-NRG-HAR-REH-011-20260819-04,NRG-HAR-REH-011,ndapewa.nakale.01104,2026-08-19T07:00:00,2026-08-19T21:00:00,till_operator
SH-NRG-KHA-KTM-007-20260819-01,NRG-KHA-KTM-007,paulus.shikongo.00701,2026-08-19T07:00:00,2026-08-19T21:00:00,till_operator
SH-NRG-KHA-KTM-007-20260819-02,NRG-KHA-KTM-007,paulus.hamutenya.00702,2026-08-19T07:00:00,2026-08-19T21:00:00,till_operator
SH-NRG-KHA-KTM-007-20260819-03,NRG-KHA-KTM-007,paulus.amadhila.00703,2026-08-19T07:00:00,2026-08-19T21:00:00,till_operator
SH-NRG-KHA-KTM-007-20260819-04,NRG-KHA-KTM-007,paulus.nuugulu.00704,2026-08-19T07:00:00,2026-08-19T21:00:00,till_operator
SH-NRG-KHO-WDH-001-20260819-01,NRG-KHO-WDH-001,selma.amadhila.00101,2026-08-19T07:00:00,2026-08-19T21:00:00,till_operator
SH-NRG-KHO-WDH-001-20260819-02,NRG-KHO-WDH-001,selma.nuugulu.00102,2026-08-19T07:00:00,2026-08-19T21:00:00,till_operator
SH-NRG-KHO-WDH-001-20260819-03,NRG-KHO-WDH-001,selma.kavari.00103,2026-08-19T07:00:00,2026-08-19T21:00:00,till_operator
SH-NRG-KHO-WDH-001-20260819-04,NRG-KHO-WDH-001,selma.haufiku.00104,2026-08-19T07:00:00,2026-08-19T21:00:00,till_operator
SH-NRG-KHO-WDH-001-20260819-05,NRG-KHO-WDH-001,selma.mbeha.00105,2026-08-19T07:00:00,2026-08-19T21:00:00,till_operator
SH-NRG-KVE-RUN-005-20260819-01,NRG-KVE-RUN-005,martha.mbeha.00501,2026-08-19T07:00:00,2026-08-19T21:00:00,till_operator
SH-NRG-KVE-RUN-005-20260819-02,NRG-KVE-RUN-005,martha.nakale.00502,2026-08-19T07:00:00,2026-08-19T21:00:00,till_operator
SH-NRG-KVE-RUN-005-20260819-03,NRG-KVE-RUN-005,martha.shikongo.00503,2026-08-19T07:00:00,2026-08-19T21:00:00,till_operator
SH-NRG-KVE-RUN-005-20260819-04,NRG-KVE-RUN-005,martha.hamutenya.00504,2026-08-19T07:00:00,2026-08-19T21:00:00,till_operator
SH-NRG-KVE-RUN-005-20260819-05,NRG-KVE-RUN-005,martha.amadhila.00505,2026-08-19T07:00:00,2026-08-19T21:00:00,till_operator
SH-NRG-OME-GOB-010-20260819-01,NRG-OME-GOB-010,anna.nuugulu.01001,2026-08-19T07:00:00,2026-08-19T21:00:00,till_operator
SH-NRG-OME-GOB-010-20260819-02,NRG-OME-GOB-010,anna.kavari.01002,2026-08-19T07:00:00,2026-08-19T21:00:00,till_operator
SH-NRG-OME-GOB-010-20260819-03,NRG-OME-GOB-010,anna.haufiku.01003,2026-08-19T07:00:00,2026-08-19T21:00:00,till_operator
SH-NRG-OME-GOB-010-20260819-04,NRG-OME-GOB-010,anna.mbeha.01004,2026-08-19T07:00:00,2026-08-19T21:00:00,till_operator
SH-NRG-OSA-OND-012-20260819-01,NRG-OSA-OND-012,petrus.haufiku.01201,2026-08-19T07:00:00,2026-08-19T21:00:00,till_operator
SH-NRG-OSA-OND-012-20260819-02,NRG-OSA-OND-012,petrus.mbeha.01202,2026-08-19T07:00:00,2026-08-19T21:00:00,till_operator
SH-NRG-OSA-OND-012-20260819-03,NRG-OSA-OND-012,petrus.nakale.01203,2026-08-19T07:00:00,2026-08-19T21:00:00,till_operator
SH-NRG-OSA-OND-012-20260819-04,NRG-OSA-OND-012,petrus.shikongo.01204,2026-08-19T07:00:00,2026-08-19T21:00:00,till_operator
SH-NRG-OSA-OSK-004-20260819-01,NRG-OSA-OSK-004,petrus.haufiku.00401,2026-08-19T07:00:00,2026-08-19T21:00:00,till_operator
SH-NRG-OSA-OSK-004-20260819-02,NRG-OSA-OSK-004,petrus.mbeha.00402,2026-08-19T07:00:00,2026-08-19T21:00:00,till_operator
SH-NRG-OSA-OSK-004-20260819-03,NRG-OSA-OSK-004,petrus.nakale.00403,2026-08-19T07:00:00,2026-08-19T21:00:00,till_operator
SH-NRG-OSA-OSK-004-20260819-04,NRG-OSA-OSK-004,petrus.shikongo.00404,2026-08-19T07:00:00,2026-08-19T21:00:00,till_operator
SH-NRG-OSA-OSK-004-20260819-05,NRG-OSA-OSK-004,petrus.hamutenya.00405,2026-08-19T07:00:00,2026-08-19T21:00:00,till_operator
SH-NRG-OSI-TSU-009-20260819-01,NRG-OSI-TSU-009,selma.amadhila.00901,2026-08-19T07:00:00,2026-08-19T21:00:00,till_operator
SH-NRG-OSI-TSU-009-20260819-02,NRG-OSI-TSU-009,selma.nuugulu.00902,2026-08-19T07:00:00,2026-08-19T21:00:00,till_operator
SH-NRG-OSI-TSU-009-20260819-03,NRG-OSI-TSU-009,selma.kavari.00903,2026-08-19T07:00:00,2026-08-19T21:00:00,till_operator
SH-NRG-OSI-TSU-009-20260819-04,NRG-OSI-TSU-009,selma.haufiku.00904,2026-08-19T07:00:00,2026-08-19T21:00:00,till_operator
SH-NRG-OTJ-OTW-006-20260819-01,NRG-OTJ-OTW-006,nela.nakale.00601,2026-08-19T07:00:00,2026-08-19T21:00:00,till_operator
SH-NRG-OTJ-OTW-006-20260819-02,NRG-OTJ-OTW-006,nela.shikongo.00602,2026-08-19T07:00:00,2026-08-19T21:00:00,till_operator
SH-NRG-OTJ-OTW-006-20260819-03,NRG-OTJ-OTW-006,nela.hamutenya.00603,2026-08-19T07:00:00,2026-08-19T21:00:00,till_operator
SH-NRG-OTJ-OTW-006-20260819-04,NRG-OTJ-OTW-006,nela.amadhila.00604,2026-08-19T07:00:00,2026-08-19T21:00:00,till_operator
SH-NRG-OTJ-OTW-006-20260819-05,NRG-OTJ-OTW-006,nela.nuugulu.00605,2026-08-19T07:00:00,2026-08-19T21:00:00,till_operator
SH-NRG-ZAM-KTM-008-20260819-01,NRG-ZAM-KTM-008,elina.hamutenya.00801,2026-08-19T07:00:00,2026-08-19T21:00:00,till_operator
SH-NRG-ZAM-KTM-008-20260819-02,NRG-ZAM-KTM-008,elina.amadhila.00802,2026-08-19T07:00:00,2026-08-19T21:00:00,till_operator
SH-NRG-ZAM-KTM-008-20260819-03,NRG-ZAM-KTM-008,elina.nuugulu.00803,2026-08-19T07:00:00,2026-08-19T21:00:00,till_operator
SH-NRG-ZAM-KTM-008-20260819-04,NRG-ZAM-KTM-008,elina.kavari.00804,2026-08-19T07:00:00,2026-08-19T21:00:00,till_operator
SH-NRG-ERG-SWK-003-20260820-01,NRG-ERG-SWK-003,ndapewa.kavari.00301,2026-08-20T07:00:00,2026-08-20T21:00:00,till_operator
SH-NRG-ERG-SWK-003-20260820-02,NRG-ERG-SWK-003,ndapewa.haufiku.00302,2026-08-20T07:00:00,2026-08-20T21:00:00,till_operator
SH-NRG-ERG-SWK-003-20260820-03,NRG-ERG-SWK-003,ndapewa.mbeha.00303,2026-08-20T07:00:00,2026-08-20T21:00:00,till_operator
SH-NRG-ERG-SWK-003-20260820-04,NRG-ERG-SWK-003,ndapewa.nakale.00304,2026-08-20T07:00:00,2026-08-20T21:00:00,till_operator
SH-NRG-ERG-SWK-003-20260820-05,NRG-ERG-SWK-003,ndapewa.shikongo.00305,2026-08-20T07:00:00,2026-08-20T21:00:00,till_operator
SH-NRG-ERG-WVB-002-20260820-01,NRG-ERG-WVB-002,anna.nuugulu.00201,2026-08-20T07:00:00,2026-08-20T21:00:00,till_operator
SH-NRG-ERG-WVB-002-20260820-02,NRG-ERG-WVB-002,anna.kavari.00202,2026-08-20T07:00:00,2026-08-20T21:00:00,till_operator
SH-NRG-ERG-WVB-002-20260820-03,NRG-ERG-WVB-002,anna.haufiku.00203,2026-08-20T07:00:00,2026-08-20T21:00:00,till_operator
SH-NRG-ERG-WVB-002-20260820-04,NRG-ERG-WVB-002,anna.mbeha.00204,2026-08-20T07:00:00,2026-08-20T21:00:00,till_operator
SH-NRG-ERG-WVB-002-20260820-05,NRG-ERG-WVB-002,anna.nakale.00205,2026-08-20T07:00:00,2026-08-20T21:00:00,till_operator
SH-NRG-HAR-REH-011-20260820-01,NRG-HAR-REH-011,ndapewa.kavari.01101,2026-08-20T07:00:00,2026-08-20T21:00:00,till_operator
SH-NRG-HAR-REH-011-20260820-02,NRG-HAR-REH-011,ndapewa.haufiku.01102,2026-08-20T07:00:00,2026-08-20T21:00:00,till_operator
SH-NRG-HAR-REH-011-20260820-03,NRG-HAR-REH-011,ndapewa.mbeha.01103,2026-08-20T07:00:00,2026-08-20T21:00:00,till_operator
SH-NRG-HAR-REH-011-20260820-04,NRG-HAR-REH-011,ndapewa.nakale.01104,2026-08-20T07:00:00,2026-08-20T21:00:00,till_operator
SH-NRG-KHA-KTM-007-20260820-01,NRG-KHA-KTM-007,paulus.shikongo.00701,2026-08-20T07:00:00,2026-08-20T21:00:00,till_operator
SH-NRG-KHA-KTM-007-20260820-02,NRG-KHA-KTM-007,paulus.hamutenya.00702,2026-08-20T07:00:00,2026-08-20T21:00:00,till_operator
SH-NRG-KHA-KTM-007-20260820-03,NRG-KHA-KTM-007,paulus.amadhila.00703,2026-08-20T07:00:00,2026-08-20T21:00:00,till_operator
SH-NRG-KHA-KTM-007-20260820-04,NRG-KHA-KTM-007,paulus.nuugulu.00704,2026-08-20T07:00:00,2026-08-20T21:00:00,till_operator
SH-NRG-KHO-WDH-001-20260820-01,NRG-KHO-WDH-001,selma.amadhila.00101,2026-08-20T07:00:00,2026-08-20T21:00:00,till_operator
SH-NRG-KHO-WDH-001-20260820-02,NRG-KHO-WDH-001,selma.nuugulu.00102,2026-08-20T07:00:00,2026-08-20T21:00:00,till_operator
SH-NRG-KHO-WDH-001-20260820-03,NRG-KHO-WDH-001,selma.kavari.00103,2026-08-20T07:00:00,2026-08-20T21:00:00,till_operator
SH-NRG-KHO-WDH-001-20260820-04,NRG-KHO-WDH-001,selma.haufiku.00104,2026-08-20T07:00:00,2026-08-20T21:00:00,till_operator
SH-NRG-KHO-WDH-001-20260820-05,NRG-KHO-WDH-001,selma.mbeha.00105,2026-08-20T07:00:00,2026-08-20T21:00:00,till_operator
SH-NRG-KVE-RUN-005-20260820-01,NRG-KVE-RUN-005,martha.mbeha.00501,2026-08-20T07:00:00,2026-08-20T21:00:00,till_operator
SH-NRG-KVE-RUN-005-20260820-02,NRG-KVE-RUN-005,martha.nakale.00502,2026-08-20T07:00:00,2026-08-20T21:00:00,till_operator
SH-NRG-KVE-RUN-005-20260820-03,NRG-KVE-RUN-005,martha.shikongo.00503,2026-08-20T07:00:00,2026-08-20T21:00:00,till_operator
SH-NRG-KVE-RUN-005-20260820-04,NRG-KVE-RUN-005,martha.hamutenya.00504,2026-08-20T07:00:00,2026-08-20T21:00:00,till_operator
SH-NRG-KVE-RUN-005-20260820-05,NRG-KVE-RUN-005,martha.amadhila.00505,2026-08-20T07:00:00,2026-08-20T21:00:00,till_operator
SH-NRG-OME-GOB-010-20260820-01,NRG-OME-GOB-010,anna.nuugulu.01001,2026-08-20T07:00:00,2026-08-20T21:00:00,till_operator
SH-NRG-OME-GOB-010-20260820-02,NRG-OME-GOB-010,anna.kavari.01002,2026-08-20T07:00:00,2026-08-20T21:00:00,till_operator
SH-NRG-OME-GOB-010-20260820-03,NRG-OME-GOB-010,anna.haufiku.01003,2026-08-20T07:00:00,2026-08-20T21:00:00,till_operator
SH-NRG-OME-GOB-010-20260820-04,NRG-OME-GOB-010,anna.mbeha.01004,2026-08-20T07:00:00,2026-08-20T21:00:00,till_operator
SH-NRG-OSA-OND-012-20260820-01,NRG-OSA-OND-012,petrus.haufiku.01201,2026-08-20T07:00:00,2026-08-20T21:00:00,till_operator
SH-NRG-OSA-OND-012-20260820-02,NRG-OSA-OND-012,petrus.mbeha.01202,2026-08-20T07:00:00,2026-08-20T21:00:00,till_operator
SH-NRG-OSA-OND-012-20260820-03,NRG-OSA-OND-012,petrus.nakale.01203,2026-08-20T07:00:00,2026-08-20T21:00:00,till_operator
SH-NRG-OSA-OND-012-20260820-04,NRG-OSA-OND-012,petrus.shikongo.01204,2026-08-20T07:00:00,2026-08-20T21:00:00,till_operator
SH-NRG-OSA-OSK-004-20260820-01,NRG-OSA-OSK-004,petrus.haufiku.00401,2026-08-20T07:00:00,2026-08-20T21:00:00,till_operator
SH-NRG-OSA-OSK-004-20260820-02,NRG-OSA-OSK-004,petrus.mbeha.00402,2026-08-20T07:00:00,2026-08-20T21:00:00,till_operator
SH-NRG-OSA-OSK-004-20260820-03,NRG-OSA-OSK-004,petrus.nakale.00403,2026-08-20T07:00:00,2026-08-20T21:00:00,till_operator
SH-NRG-OSA-OSK-004-20260820-04,NRG-OSA-OSK-004,petrus.shikongo.00404,2026-08-20T07:00:00,2026-08-20T21:00:00,till_operator
SH-NRG-OSA-OSK-004-20260820-05,NRG-OSA-OSK-004,petrus.hamutenya.00405,2026-08-20T07:00:00,2026-08-20T21:00:00,till_operator
SH-NRG-OSI-TSU-009-20260820-01,NRG-OSI-TSU-009,selma.amadhila.00901,2026-08-20T07:00:00,2026-08-20T21:00:00,till_operator
SH-NRG-OSI-TSU-009-20260820-02,NRG-OSI-TSU-009,selma.nuugulu.00902,2026-08-20T07:00:00,2026-08-20T21:00:00,till_operator
SH-NRG-OSI-TSU-009-20260820-03,NRG-OSI-TSU-009,selma.kavari.00903,2026-08-20T07:00:00,2026-08-20T21:00:00,till_operator
SH-NRG-OSI-TSU-009-20260820-04,NRG-OSI-TSU-009,selma.haufiku.00904,2026-08-20T07:00:00,2026-08-20T21:00:00,till_operator
SH-NRG-OTJ-OTW-006-20260820-01,NRG-OTJ-OTW-006,nela.nakale.00601,2026-08-20T07:00:00,2026-08-20T21:00:00,till_operator
SH-NRG-OTJ-OTW-006-20260820-02,NRG-OTJ-OTW-006,nela.shikongo.00602,2026-08-20T07:00:00,2026-08-20T21:00:00,till_operator
SH-NRG-OTJ-OTW-006-20260820-03,NRG-OTJ-OTW-006,nela.hamutenya.00603,2026-08-20T07:00:00,2026-08-20T21:00:00,till_operator
SH-NRG-OTJ-OTW-006-20260820-04,NRG-OTJ-OTW-006,nela.amadhila.00604,2026-08-20T07:00:00,2026-08-20T21:00:00,till_operator
SH-NRG-OTJ-OTW-006-20260820-05,NRG-OTJ-OTW-006,nela.nuugulu.00605,2026-08-20T07:00:00,2026-08-20T21:00:00,till_operator
SH-NRG-ZAM-KTM-008-20260820-01,NRG-ZAM-KTM-008,elina.hamutenya.00801,2026-08-20T07:00:00,2026-08-20T21:00:00,till_operator
SH-NRG-ZAM-KTM-008-20260820-02,NRG-ZAM-KTM-008,elina.amadhila.00802,2026-08-20T07:00:00,2026-08-20T21:00:00,till_operator
SH-NRG-ZAM-KTM-008-20260820-03,NRG-ZAM-KTM-008,elina.nuugulu.00803,2026-08-20T07:00:00,2026-08-20T21:00:00,till_operator
SH-NRG-ZAM-KTM-008-20260820-04,NRG-ZAM-KTM-008,elina.kavari.00804,2026-08-20T07:00:00,2026-08-20T21:00:00,till_operator
SH-NRG-ERG-SWK-003-20260821-01,NRG-ERG-SWK-003,ndapewa.kavari.00301,2026-08-21T07:00:00,2026-08-21T21:00:00,till_operator
SH-NRG-ERG-SWK-003-20260821-02,NRG-ERG-SWK-003,ndapewa.haufiku.00302,2026-08-21T07:00:00,2026-08-21T21:00:00,till_operator
SH-NRG-ERG-SWK-003-20260821-03,NRG-ERG-SWK-003,ndapewa.mbeha.00303,2026-08-21T07:00:00,2026-08-21T21:00:00,till_operator
SH-NRG-ERG-SWK-003-20260821-04,NRG-ERG-SWK-003,ndapewa.nakale.00304,2026-08-21T07:00:00,2026-08-21T21:00:00,till_operator
SH-NRG-ERG-SWK-003-20260821-05,NRG-ERG-SWK-003,ndapewa.shikongo.00305,2026-08-21T07:00:00,2026-08-21T21:00:00,till_operator
SH-NRG-ERG-WVB-002-20260821-01,NRG-ERG-WVB-002,anna.nuugulu.00201,2026-08-21T07:00:00,2026-08-21T21:00:00,till_operator
SH-NRG-ERG-WVB-002-20260821-02,NRG-ERG-WVB-002,anna.kavari.00202,2026-08-21T07:00:00,2026-08-21T21:00:00,till_operator
SH-NRG-ERG-WVB-002-20260821-03,NRG-ERG-WVB-002,anna.haufiku.00203,2026-08-21T07:00:00,2026-08-21T21:00:00,till_operator
SH-NRG-ERG-WVB-002-20260821-04,NRG-ERG-WVB-002,anna.mbeha.00204,2026-08-21T07:00:00,2026-08-21T21:00:00,till_operator
SH-NRG-ERG-WVB-002-20260821-05,NRG-ERG-WVB-002,anna.nakale.00205,2026-08-21T07:00:00,2026-08-21T21:00:00,till_operator
SH-NRG-HAR-REH-011-20260821-01,NRG-HAR-REH-011,ndapewa.kavari.01101,2026-08-21T07:00:00,2026-08-21T21:00:00,till_operator
SH-NRG-HAR-REH-011-20260821-02,NRG-HAR-REH-011,ndapewa.haufiku.01102,2026-08-21T07:00:00,2026-08-21T21:00:00,till_operator
SH-NRG-HAR-REH-011-20260821-03,NRG-HAR-REH-011,ndapewa.mbeha.01103,2026-08-21T07:00:00,2026-08-21T21:00:00,till_operator
SH-NRG-HAR-REH-011-20260821-04,NRG-HAR-REH-011,ndapewa.nakale.01104,2026-08-21T07:00:00,2026-08-21T21:00:00,till_operator
SH-NRG-KHA-KTM-007-20260821-01,NRG-KHA-KTM-007,paulus.shikongo.00701,2026-08-21T07:00:00,2026-08-21T21:00:00,till_operator
SH-NRG-KHA-KTM-007-20260821-02,NRG-KHA-KTM-007,paulus.hamutenya.00702,2026-08-21T07:00:00,2026-08-21T21:00:00,till_operator
SH-NRG-KHA-KTM-007-20260821-03,NRG-KHA-KTM-007,paulus.amadhila.00703,2026-08-21T07:00:00,2026-08-21T21:00:00,till_operator
SH-NRG-KHA-KTM-007-20260821-04,NRG-KHA-KTM-007,paulus.nuugulu.00704,2026-08-21T07:00:00,2026-08-21T21:00:00,till_operator
SH-NRG-KHO-WDH-001-20260821-01,NRG-KHO-WDH-001,selma.amadhila.00101,2026-08-21T07:00:00,2026-08-21T21:00:00,till_operator
SH-NRG-KHO-WDH-001-20260821-02,NRG-KHO-WDH-001,selma.nuugulu.00102,2026-08-21T07:00:00,2026-08-21T21:00:00,till_operator
SH-NRG-KHO-WDH-001-20260821-03,NRG-KHO-WDH-001,selma.kavari.00103,2026-08-21T07:00:00,2026-08-21T21:00:00,till_operator
SH-NRG-KHO-WDH-001-20260821-04,NRG-KHO-WDH-001,selma.haufiku.00104,2026-08-21T07:00:00,2026-08-21T21:00:00,till_operator
SH-NRG-KHO-WDH-001-20260821-05,NRG-KHO-WDH-001,selma.mbeha.00105,2026-08-21T07:00:00,2026-08-21T21:00:00,till_operator
SH-NRG-KVE-RUN-005-20260821-01,NRG-KVE-RUN-005,martha.mbeha.00501,2026-08-21T07:00:00,2026-08-21T21:00:00,till_operator
SH-NRG-KVE-RUN-005-20260821-02,NRG-KVE-RUN-005,martha.nakale.00502,2026-08-21T07:00:00,2026-08-21T21:00:00,till_operator
SH-NRG-KVE-RUN-005-20260821-03,NRG-KVE-RUN-005,martha.shikongo.00503,2026-08-21T07:00:00,2026-08-21T21:00:00,till_operator
SH-NRG-KVE-RUN-005-20260821-04,NRG-KVE-RUN-005,martha.hamutenya.00504,2026-08-21T07:00:00,2026-08-21T21:00:00,till_operator
SH-NRG-KVE-RUN-005-20260821-05,NRG-KVE-RUN-005,martha.amadhila.00505,2026-08-21T07:00:00,2026-08-21T21:00:00,till_operator
SH-NRG-OME-GOB-010-20260821-01,NRG-OME-GOB-010,anna.nuugulu.01001,2026-08-21T07:00:00,2026-08-21T21:00:00,till_operator
SH-NRG-OME-GOB-010-20260821-02,NRG-OME-GOB-010,anna.kavari.01002,2026-08-21T07:00:00,2026-08-21T21:00:00,till_operator
SH-NRG-OME-GOB-010-20260821-03,NRG-OME-GOB-010,anna.haufiku.01003,2026-08-21T07:00:00,2026-08-21T21:00:00,till_operator
SH-NRG-OME-GOB-010-20260821-04,NRG-OME-GOB-010,anna.mbeha.01004,2026-08-21T07:00:00,2026-08-21T21:00:00,till_operator
SH-NRG-OSA-OND-012-20260821-01,NRG-OSA-OND-012,petrus.haufiku.01201,2026-08-21T07:00:00,2026-08-21T21:00:00,till_operator
SH-NRG-OSA-OND-012-20260821-02,NRG-OSA-OND-012,petrus.mbeha.01202,2026-08-21T07:00:00,2026-08-21T21:00:00,till_operator
SH-NRG-OSA-OND-012-20260821-03,NRG-OSA-OND-012,petrus.nakale.01203,2026-08-21T07:00:00,2026-08-21T21:00:00,till_operator
SH-NRG-OSA-OND-012-20260821-04,NRG-OSA-OND-012,petrus.shikongo.01204,2026-08-21T07:00:00,2026-08-21T21:00:00,till_operator
SH-NRG-OSA-OSK-004-20260821-01,NRG-OSA-OSK-004,petrus.haufiku.00401,2026-08-21T07:00:00,2026-08-21T21:00:00,till_operator
SH-NRG-OSA-OSK-004-20260821-02,NRG-OSA-OSK-004,petrus.mbeha.00402,2026-08-21T07:00:00,2026-08-21T21:00:00,till_operator
SH-NRG-OSA-OSK-004-20260821-03,NRG-OSA-OSK-004,petrus.nakale.00403,2026-08-21T07:00:00,2026-08-21T21:00:00,till_operator
SH-NRG-OSA-OSK-004-20260821-04,NRG-OSA-OSK-004,petrus.shikongo.00404,2026-08-21T07:00:00,2026-08-21T21:00:00,till_operator
SH-NRG-OSA-OSK-004-20260821-05,NRG-OSA-OSK-004,petrus.hamutenya.00405,2026-08-21T07:00:00,2026-08-21T21:00:00,till_operator
SH-NRG-OSI-TSU-009-20260821-01,NRG-OSI-TSU-009,selma.amadhila.00901,2026-08-21T07:00:00,2026-08-21T21:00:00,till_operator
SH-NRG-OSI-TSU-009-20260821-02,NRG-OSI-TSU-009,selma.nuugulu.00902,2026-08-21T07:00:00,2026-08-21T21:00:00,till_operator
SH-NRG-OSI-TSU-009-20260821-03,NRG-OSI-TSU-009,selma.kavari.00903,2026-08-21T07:00:00,2026-08-21T21:00:00,till_operator
SH-NRG-OSI-TSU-009-20260821-04,NRG-OSI-TSU-009,selma.haufiku.00904,2026-08-21T07:00:00,2026-08-21T21:00:00,till_operator
SH-NRG-OTJ-OTW-006-20260821-01,NRG-OTJ-OTW-006,nela.nakale.00601,2026-08-21T07:00:00,2026-08-21T21:00:00,till_operator
SH-NRG-OTJ-OTW-006-20260821-02,NRG-OTJ-OTW-006,nela.shikongo.00602,2026-08-21T07:00:00,2026-08-21T21:00:00,till_operator
SH-NRG-OTJ-OTW-006-20260821-03,NRG-OTJ-OTW-006,nela.hamutenya.00603,2026-08-21T07:00:00,2026-08-21T21:00:00,till_operator
SH-NRG-OTJ-OTW-006-20260821-04,NRG-OTJ-OTW-006,nela.amadhila.00604,2026-08-21T07:00:00,2026-08-21T21:00:00,till_operator
SH-NRG-OTJ-OTW-006-20260821-05,NRG-OTJ-OTW-006,nela.nuugulu.00605,2026-08-21T07:00:00,2026-08-21T21:00:00,till_operator
SH-NRG-ZAM-KTM-008-20260821-01,NRG-ZAM-KTM-008,elina.hamutenya.00801,2026-08-21T07:00:00,2026-08-21T21:00:00,till_operator
SH-NRG-ZAM-KTM-008-20260821-02,NRG-ZAM-KTM-008,elina.amadhila.00802,2026-08-21T07:00:00,2026-08-21T21:00:00,till_operator
SH-NRG-ZAM-KTM-008-20260821-03,NRG-ZAM-KTM-008,elina.nuugulu.00803,2026-08-21T07:00:00,2026-08-21T21:00:00,till_operator
SH-NRG-ZAM-KTM-008-20260821-04,NRG-ZAM-KTM-008,elina.kavari.00804,2026-08-21T07:00:00,2026-08-21T21:00:00,till_operator
SH-NRG-ERG-SWK-003-20260822-01,NRG-ERG-SWK-003,ndapewa.kavari.00301,2026-08-22T07:00:00,2026-08-22T21:00:00,till_operator
SH-NRG-ERG-SWK-003-20260822-02,NRG-ERG-SWK-003,ndapewa.haufiku.00302,2026-08-22T07:00:00,2026-08-22T21:00:00,till_operator
SH-NRG-ERG-SWK-003-20260822-03,NRG-ERG-SWK-003,ndapewa.mbeha.00303,2026-08-22T07:00:00,2026-08-22T21:00:00,till_operator
SH-NRG-ERG-SWK-003-20260822-04,NRG-ERG-SWK-003,ndapewa.nakale.00304,2026-08-22T07:00:00,2026-08-22T21:00:00,till_operator
SH-NRG-ERG-SWK-003-20260822-05,NRG-ERG-SWK-003,ndapewa.shikongo.00305,2026-08-22T07:00:00,2026-08-22T21:00:00,till_operator
SH-NRG-ERG-WVB-002-20260822-01,NRG-ERG-WVB-002,anna.nuugulu.00201,2026-08-22T07:00:00,2026-08-22T21:00:00,till_operator
SH-NRG-ERG-WVB-002-20260822-02,NRG-ERG-WVB-002,anna.kavari.00202,2026-08-22T07:00:00,2026-08-22T21:00:00,till_operator
SH-NRG-ERG-WVB-002-20260822-03,NRG-ERG-WVB-002,anna.haufiku.00203,2026-08-22T07:00:00,2026-08-22T21:00:00,till_operator
SH-NRG-ERG-WVB-002-20260822-04,NRG-ERG-WVB-002,anna.mbeha.00204,2026-08-22T07:00:00,2026-08-22T21:00:00,till_operator
SH-NRG-ERG-WVB-002-20260822-05,NRG-ERG-WVB-002,anna.nakale.00205,2026-08-22T07:00:00,2026-08-22T21:00:00,till_operator
SH-NRG-HAR-REH-011-20260822-01,NRG-HAR-REH-011,ndapewa.kavari.01101,2026-08-22T07:00:00,2026-08-22T21:00:00,till_operator
SH-NRG-HAR-REH-011-20260822-02,NRG-HAR-REH-011,ndapewa.haufiku.01102,2026-08-22T07:00:00,2026-08-22T21:00:00,till_operator
SH-NRG-HAR-REH-011-20260822-03,NRG-HAR-REH-011,ndapewa.mbeha.01103,2026-08-22T07:00:00,2026-08-22T21:00:00,till_operator
SH-NRG-HAR-REH-011-20260822-04,NRG-HAR-REH-011,ndapewa.nakale.01104,2026-08-22T07:00:00,2026-08-22T21:00:00,till_operator
SH-NRG-KHA-KTM-007-20260822-01,NRG-KHA-KTM-007,paulus.shikongo.00701,2026-08-22T07:00:00,2026-08-22T21:00:00,till_operator
SH-NRG-KHA-KTM-007-20260822-02,NRG-KHA-KTM-007,paulus.hamutenya.00702,2026-08-22T07:00:00,2026-08-22T21:00:00,till_operator
SH-NRG-KHA-KTM-007-20260822-03,NRG-KHA-KTM-007,paulus.amadhila.00703,2026-08-22T07:00:00,2026-08-22T21:00:00,till_operator
SH-NRG-KHA-KTM-007-20260822-04,NRG-KHA-KTM-007,paulus.nuugulu.00704,2026-08-22T07:00:00,2026-08-22T21:00:00,till_operator
SH-NRG-KHO-WDH-001-20260822-01,NRG-KHO-WDH-001,selma.amadhila.00101,2026-08-22T07:00:00,2026-08-22T21:00:00,till_operator
SH-NRG-KHO-WDH-001-20260822-02,NRG-KHO-WDH-001,selma.nuugulu.00102,2026-08-22T07:00:00,2026-08-22T21:00:00,till_operator
SH-NRG-KHO-WDH-001-20260822-03,NRG-KHO-WDH-001,selma.kavari.00103,2026-08-22T07:00:00,2026-08-22T21:00:00,till_operator
SH-NRG-KHO-WDH-001-20260822-04,NRG-KHO-WDH-001,selma.haufiku.00104,2026-08-22T07:00:00,2026-08-22T21:00:00,till_operator
SH-NRG-KHO-WDH-001-20260822-05,NRG-KHO-WDH-001,selma.mbeha.00105,2026-08-22T07:00:00,2026-08-22T21:00:00,till_operator
SH-NRG-KVE-RUN-005-20260822-01,NRG-KVE-RUN-005,martha.mbeha.00501,2026-08-22T07:00:00,2026-08-22T21:00:00,till_operator
SH-NRG-KVE-RUN-005-20260822-02,NRG-KVE-RUN-005,martha.nakale.00502,2026-08-22T07:00:00,2026-08-22T21:00:00,till_operator
SH-NRG-KVE-RUN-005-20260822-03,NRG-KVE-RUN-005,martha.shikongo.00503,2026-08-22T07:00:00,2026-08-22T21:00:00,till_operator
SH-NRG-KVE-RUN-005-20260822-04,NRG-KVE-RUN-005,martha.hamutenya.00504,2026-08-22T07:00:00,2026-08-22T21:00:00,till_operator
SH-NRG-KVE-RUN-005-20260822-05,NRG-KVE-RUN-005,martha.amadhila.00505,2026-08-22T07:00:00,2026-08-22T21:00:00,till_operator
SH-NRG-OME-GOB-010-20260822-01,NRG-OME-GOB-010,anna.nuugulu.01001,2026-08-22T07:00:00,2026-08-22T21:00:00,till_operator
SH-NRG-OME-GOB-010-20260822-02,NRG-OME-GOB-010,anna.kavari.01002,2026-08-22T07:00:00,2026-08-22T21:00:00,till_operator
SH-NRG-OME-GOB-010-20260822-03,NRG-OME-GOB-010,anna.haufiku.01003,2026-08-22T07:00:00,2026-08-22T21:00:00,till_operator
SH-NRG-OME-GOB-010-20260822-04,NRG-OME-GOB-010,anna.mbeha.01004,2026-08-22T07:00:00,2026-08-22T21:00:00,till_operator
SH-NRG-OSA-OND-012-20260822-01,NRG-OSA-OND-012,petrus.haufiku.01201,2026-08-22T07:00:00,2026-08-22T21:00:00,till_operator
SH-NRG-OSA-OND-012-20260822-02,NRG-OSA-OND-012,petrus.mbeha.01202,2026-08-22T07:00:00,2026-08-22T21:00:00,till_operator
SH-NRG-OSA-OND-012-20260822-03,NRG-OSA-OND-012,petrus.nakale.01203,2026-08-22T07:00:00,2026-08-22T21:00:00,till_operator
SH-NRG-OSA-OND-012-20260822-04,NRG-OSA-OND-012,petrus.shikongo.01204,2026-08-22T07:00:00,2026-08-22T21:00:00,till_operator
SH-NRG-OSA-OSK-004-20260822-01,NRG-OSA-OSK-004,petrus.haufiku.00401,2026-08-22T07:00:00,2026-08-22T21:00:00,till_operator
SH-NRG-OSA-OSK-004-20260822-02,NRG-OSA-OSK-004,petrus.mbeha.00402,2026-08-22T07:00:00,2026-08-22T21:00:00,till_operator
SH-NRG-OSA-OSK-004-20260822-03,NRG-OSA-OSK-004,petrus.nakale.00403,2026-08-22T07:00:00,2026-08-22T21:00:00,till_operator
SH-NRG-OSA-OSK-004-20260822-04,NRG-OSA-OSK-004,petrus.shikongo.00404,2026-08-22T07:00:00,2026-08-22T21:00:00,till_operator
SH-NRG-OSA-OSK-004-20260822-05,NRG-OSA-OSK-004,petrus.hamutenya.00405,2026-08-22T07:00:00,2026-08-22T21:00:00,till_operator
SH-NRG-OSI-TSU-009-20260822-01,NRG-OSI-TSU-009,selma.amadhila.00901,2026-08-22T07:00:00,2026-08-22T21:00:00,till_operator
SH-NRG-OSI-TSU-009-20260822-02,NRG-OSI-TSU-009,selma.nuugulu.00902,2026-08-22T07:00:00,2026-08-22T21:00:00,till_operator
SH-NRG-OSI-TSU-009-20260822-03,NRG-OSI-TSU-009,selma.kavari.00903,2026-08-22T07:00:00,2026-08-22T21:00:00,till_operator
SH-NRG-OSI-TSU-009-20260822-04,NRG-OSI-TSU-009,selma.haufiku.00904,2026-08-22T07:00:00,2026-08-22T21:00:00,till_operator
SH-NRG-OTJ-OTW-006-20260822-01,NRG-OTJ-OTW-006,nela.nakale.00601,2026-08-22T07:00:00,2026-08-22T21:00:00,till_operator
SH-NRG-OTJ-OTW-006-20260822-02,NRG-OTJ-OTW-006,nela.shikongo.00602,2026-08-22T07:00:00,2026-08-22T21:00:00,till_operator
SH-NRG-OTJ-OTW-006-20260822-03,NRG-OTJ-OTW-006,nela.hamutenya.00603,2026-08-22T07:00:00,2026-08-22T21:00:00,till_operator
SH-NRG-OTJ-OTW-006-20260822-04,NRG-OTJ-OTW-006,nela.amadhila.00604,2026-08-22T07:00:00,2026-08-22T21:00:00,till_operator
SH-NRG-OTJ-OTW-006-20260822-05,NRG-OTJ-OTW-006,nela.nuugulu.00605,2026-08-22T07:00:00,2026-08-22T21:00:00,till_operator
SH-NRG-ZAM-KTM-008-20260822-01,NRG-ZAM-KTM-008,elina.hamutenya.00801,2026-08-22T07:00:00,2026-08-22T21:00:00,till_operator
SH-NRG-ZAM-KTM-008-20260822-02,NRG-ZAM-KTM-008,elina.amadhila.00802,2026-08-22T07:00:00,2026-08-22T21:00:00,till_operator
SH-NRG-ZAM-KTM-008-20260822-03,NRG-ZAM-KTM-008,elina.nuugulu.00803,2026-08-22T07:00:00,2026-08-22T21:00:00,till_operator
SH-NRG-ZAM-KTM-008-20260822-04,NRG-ZAM-KTM-008,elina.kavari.00804,2026-08-22T07:00:00,2026-08-22T21:00:00,till_operator
SH-NRG-ERG-SWK-003-20260823-01,NRG-ERG-SWK-003,ndapewa.kavari.00301,2026-08-23T07:00:00,2026-08-23T21:00:00,till_operator
SH-NRG-ERG-SWK-003-20260823-02,NRG-ERG-SWK-003,ndapewa.haufiku.00302,2026-08-23T07:00:00,2026-08-23T21:00:00,till_operator
SH-NRG-ERG-SWK-003-20260823-03,NRG-ERG-SWK-003,ndapewa.mbeha.00303,2026-08-23T07:00:00,2026-08-23T21:00:00,till_operator
SH-NRG-ERG-SWK-003-20260823-04,NRG-ERG-SWK-003,ndapewa.nakale.00304,2026-08-23T07:00:00,2026-08-23T21:00:00,till_operator
SH-NRG-ERG-SWK-003-20260823-05,NRG-ERG-SWK-003,ndapewa.shikongo.00305,2026-08-23T07:00:00,2026-08-23T21:00:00,till_operator
SH-NRG-ERG-WVB-002-20260823-01,NRG-ERG-WVB-002,anna.nuugulu.00201,2026-08-23T07:00:00,2026-08-23T21:00:00,till_operator
SH-NRG-ERG-WVB-002-20260823-02,NRG-ERG-WVB-002,anna.kavari.00202,2026-08-23T07:00:00,2026-08-23T21:00:00,till_operator
SH-NRG-ERG-WVB-002-20260823-03,NRG-ERG-WVB-002,anna.haufiku.00203,2026-08-23T07:00:00,2026-08-23T21:00:00,till_operator
SH-NRG-ERG-WVB-002-20260823-04,NRG-ERG-WVB-002,anna.mbeha.00204,2026-08-23T07:00:00,2026-08-23T21:00:00,till_operator
SH-NRG-ERG-WVB-002-20260823-05,NRG-ERG-WVB-002,anna.nakale.00205,2026-08-23T07:00:00,2026-08-23T21:00:00,till_operator
SH-NRG-HAR-REH-011-20260823-01,NRG-HAR-REH-011,ndapewa.kavari.01101,2026-08-23T07:00:00,2026-08-23T21:00:00,till_operator
SH-NRG-HAR-REH-011-20260823-02,NRG-HAR-REH-011,ndapewa.haufiku.01102,2026-08-23T07:00:00,2026-08-23T21:00:00,till_operator
SH-NRG-HAR-REH-011-20260823-03,NRG-HAR-REH-011,ndapewa.mbeha.01103,2026-08-23T07:00:00,2026-08-23T21:00:00,till_operator
SH-NRG-HAR-REH-011-20260823-04,NRG-HAR-REH-011,ndapewa.nakale.01104,2026-08-23T07:00:00,2026-08-23T21:00:00,till_operator
SH-NRG-KHA-KTM-007-20260823-01,NRG-KHA-KTM-007,paulus.shikongo.00701,2026-08-23T07:00:00,2026-08-23T21:00:00,till_operator
SH-NRG-KHA-KTM-007-20260823-02,NRG-KHA-KTM-007,paulus.hamutenya.00702,2026-08-23T07:00:00,2026-08-23T21:00:00,till_operator
SH-NRG-KHA-KTM-007-20260823-03,NRG-KHA-KTM-007,paulus.amadhila.00703,2026-08-23T07:00:00,2026-08-23T21:00:00,till_operator
SH-NRG-KHA-KTM-007-20260823-04,NRG-KHA-KTM-007,paulus.nuugulu.00704,2026-08-23T07:00:00,2026-08-23T21:00:00,till_operator
SH-NRG-KHO-WDH-001-20260823-01,NRG-KHO-WDH-001,selma.amadhila.00101,2026-08-23T07:00:00,2026-08-23T21:00:00,till_operator
SH-NRG-KHO-WDH-001-20260823-02,NRG-KHO-WDH-001,selma.nuugulu.00102,2026-08-23T07:00:00,2026-08-23T21:00:00,till_operator
SH-NRG-KHO-WDH-001-20260823-03,NRG-KHO-WDH-001,selma.kavari.00103,2026-08-23T07:00:00,2026-08-23T21:00:00,till_operator
SH-NRG-KHO-WDH-001-20260823-04,NRG-KHO-WDH-001,selma.haufiku.00104,2026-08-23T07:00:00,2026-08-23T21:00:00,till_operator
SH-NRG-KHO-WDH-001-20260823-05,NRG-KHO-WDH-001,selma.mbeha.00105,2026-08-23T07:00:00,2026-08-23T21:00:00,till_operator
SH-NRG-KVE-RUN-005-20260823-01,NRG-KVE-RUN-005,martha.mbeha.00501,2026-08-23T07:00:00,2026-08-23T21:00:00,till_operator
SH-NRG-KVE-RUN-005-20260823-02,NRG-KVE-RUN-005,martha.nakale.00502,2026-08-23T07:00:00,2026-08-23T21:00:00,till_operator
SH-NRG-KVE-RUN-005-20260823-03,NRG-KVE-RUN-005,martha.shikongo.00503,2026-08-23T07:00:00,2026-08-23T21:00:00,till_operator
SH-NRG-KVE-RUN-005-20260823-04,NRG-KVE-RUN-005,martha.hamutenya.00504,2026-08-23T07:00:00,2026-08-23T21:00:00,till_operator
SH-NRG-KVE-RUN-005-20260823-05,NRG-KVE-RUN-005,martha.amadhila.00505,2026-08-23T07:00:00,2026-08-23T21:00:00,till_operator
SH-NRG-OME-GOB-010-20260823-01,NRG-OME-GOB-010,anna.nuugulu.01001,2026-08-23T07:00:00,2026-08-23T21:00:00,till_operator
SH-NRG-OME-GOB-010-20260823-02,NRG-OME-GOB-010,anna.kavari.01002,2026-08-23T07:00:00,2026-08-23T21:00:00,till_operator
SH-NRG-OME-GOB-010-20260823-03,NRG-OME-GOB-010,anna.haufiku.01003,2026-08-23T07:00:00,2026-08-23T21:00:00,till_operator
SH-NRG-OME-GOB-010-20260823-04,NRG-OME-GOB-010,anna.mbeha.01004,2026-08-23T07:00:00,2026-08-23T21:00:00,till_operator
SH-NRG-OSA-OND-012-20260823-01,NRG-OSA-OND-012,petrus.haufiku.01201,2026-08-23T07:00:00,2026-08-23T21:00:00,till_operator
SH-NRG-OSA-OND-012-20260823-02,NRG-OSA-OND-012,petrus.mbeha.01202,2026-08-23T07:00:00,2026-08-23T21:00:00,till_operator
SH-NRG-OSA-OND-012-20260823-03,NRG-OSA-OND-012,petrus.nakale.01203,2026-08-23T07:00:00,2026-08-23T21:00:00,till_operator
SH-NRG-OSA-OND-012-20260823-04,NRG-OSA-OND-012,petrus.shikongo.01204,2026-08-23T07:00:00,2026-08-23T21:00:00,till_operator
SH-NRG-OSA-OSK-004-20260823-01,NRG-OSA-OSK-004,petrus.haufiku.00401,2026-08-23T07:00:00,2026-08-23T21:00:00,till_operator
SH-NRG-OSA-OSK-004-20260823-02,NRG-OSA-OSK-004,petrus.mbeha.00402,2026-08-23T07:00:00,2026-08-23T21:00:00,till_operator
SH-NRG-OSA-OSK-004-20260823-03,NRG-OSA-OSK-004,petrus.nakale.00403,2026-08-23T07:00:00,2026-08-23T21:00:00,till_operator
SH-NRG-OSA-OSK-004-20260823-04,NRG-OSA-OSK-004,petrus.shikongo.00404,2026-08-23T07:00:00,2026-08-23T21:00:00,till_operator
SH-NRG-OSA-OSK-004-20260823-05,NRG-OSA-OSK-004,petrus.hamutenya.00405,2026-08-23T07:00:00,2026-08-23T21:00:00,till_operator
SH-NRG-OSI-TSU-009-20260823-01,NRG-OSI-TSU-009,selma.amadhila.00901,2026-08-23T07:00:00,2026-08-23T21:00:00,till_operator
SH-NRG-OSI-TSU-009-20260823-02,NRG-OSI-TSU-009,selma.nuugulu.00902,2026-08-23T07:00:00,2026-08-23T21:00:00,till_operator
SH-NRG-OSI-TSU-009-20260823-03,NRG-OSI-TSU-009,selma.kavari.00903,2026-08-23T07:00:00,2026-08-23T21:00:00,till_operator
SH-NRG-OSI-TSU-009-20260823-04,NRG-OSI-TSU-009,selma.haufiku.00904,2026-08-23T07:00:00,2026-08-23T21:00:00,till_operator
SH-NRG-OTJ-OTW-006-20260823-01,NRG-OTJ-OTW-006,nela.nakale.00601,2026-08-23T07:00:00,2026-08-23T21:00:00,till_operator
SH-NRG-OTJ-OTW-006-20260823-02,NRG-OTJ-OTW-006,nela.shikongo.00602,2026-08-23T07:00:00,2026-08-23T21:00:00,till_operator
SH-NRG-OTJ-OTW-006-20260823-03,NRG-OTJ-OTW-006,nela.hamutenya.00603,2026-08-23T07:00:00,2026-08-23T21:00:00,till_operator
SH-NRG-OTJ-OTW-006-20260823-04,NRG-OTJ-OTW-006,nela.amadhila.00604,2026-08-23T07:00:00,2026-08-23T21:00:00,till_operator
SH-NRG-OTJ-OTW-006-20260823-05,NRG-OTJ-OTW-006,nela.nuugulu.00605,2026-08-23T07:00:00,2026-08-23T21:00:00,till_operator
SH-NRG-ZAM-KTM-008-20260823-01,NRG-ZAM-KTM-008,elina.hamutenya.00801,2026-08-23T07:00:00,2026-08-23T21:00:00,till_operator
SH-NRG-ZAM-KTM-008-20260823-02,NRG-ZAM-KTM-008,elina.amadhila.00802,2026-08-23T07:00:00,2026-08-23T21:00:00,till_operator
SH-NRG-ZAM-KTM-008-20260823-03,NRG-ZAM-KTM-008,elina.nuugulu.00803,2026-08-23T07:00:00,2026-08-23T21:00:00,till_operator
SH-NRG-ZAM-KTM-008-20260823-04,NRG-ZAM-KTM-008,elina.kavari.00804,2026-08-23T07:00:00,2026-08-23T21:00:00,till_operator
SH-NRG-ERG-SWK-003-20260824-01,NRG-ERG-SWK-003,ndapewa.kavari.00301,2026-08-24T07:00:00,2026-08-24T21:00:00,till_operator
SH-NRG-ERG-SWK-003-20260824-02,NRG-ERG-SWK-003,ndapewa.haufiku.00302,2026-08-24T07:00:00,2026-08-24T21:00:00,till_operator
SH-NRG-ERG-SWK-003-20260824-03,NRG-ERG-SWK-003,ndapewa.mbeha.00303,2026-08-24T07:00:00,2026-08-24T21:00:00,till_operator
SH-NRG-ERG-SWK-003-20260824-04,NRG-ERG-SWK-003,ndapewa.nakale.00304,2026-08-24T07:00:00,2026-08-24T21:00:00,till_operator
SH-NRG-ERG-SWK-003-20260824-05,NRG-ERG-SWK-003,ndapewa.shikongo.00305,2026-08-24T07:00:00,2026-08-24T21:00:00,till_operator
SH-NRG-ERG-WVB-002-20260824-01,NRG-ERG-WVB-002,anna.nuugulu.00201,2026-08-24T07:00:00,2026-08-24T21:00:00,till_operator
SH-NRG-ERG-WVB-002-20260824-02,NRG-ERG-WVB-002,anna.kavari.00202,2026-08-24T07:00:00,2026-08-24T21:00:00,till_operator
SH-NRG-ERG-WVB-002-20260824-03,NRG-ERG-WVB-002,anna.haufiku.00203,2026-08-24T07:00:00,2026-08-24T21:00:00,till_operator
SH-NRG-ERG-WVB-002-20260824-04,NRG-ERG-WVB-002,anna.mbeha.00204,2026-08-24T07:00:00,2026-08-24T21:00:00,till_operator
SH-NRG-ERG-WVB-002-20260824-05,NRG-ERG-WVB-002,anna.nakale.00205,2026-08-24T07:00:00,2026-08-24T21:00:00,till_operator
SH-NRG-HAR-REH-011-20260824-01,NRG-HAR-REH-011,ndapewa.kavari.01101,2026-08-24T07:00:00,2026-08-24T21:00:00,till_operator
SH-NRG-HAR-REH-011-20260824-02,NRG-HAR-REH-011,ndapewa.haufiku.01102,2026-08-24T07:00:00,2026-08-24T21:00:00,till_operator
SH-NRG-HAR-REH-011-20260824-03,NRG-HAR-REH-011,ndapewa.mbeha.01103,2026-08-24T07:00:00,2026-08-24T21:00:00,till_operator
SH-NRG-HAR-REH-011-20260824-04,NRG-HAR-REH-011,ndapewa.nakale.01104,2026-08-24T07:00:00,2026-08-24T21:00:00,till_operator
SH-NRG-KHA-KTM-007-20260824-01,NRG-KHA-KTM-007,paulus.shikongo.00701,2026-08-24T07:00:00,2026-08-24T21:00:00,till_operator
SH-NRG-KHA-KTM-007-20260824-02,NRG-KHA-KTM-007,paulus.hamutenya.00702,2026-08-24T07:00:00,2026-08-24T21:00:00,till_operator
SH-NRG-KHA-KTM-007-20260824-03,NRG-KHA-KTM-007,paulus.amadhila.00703,2026-08-24T07:00:00,2026-08-24T21:00:00,till_operator
SH-NRG-KHA-KTM-007-20260824-04,NRG-KHA-KTM-007,paulus.nuugulu.00704,2026-08-24T07:00:00,2026-08-24T21:00:00,till_operator
SH-NRG-KHO-WDH-001-20260824-01,NRG-KHO-WDH-001,selma.amadhila.00101,2026-08-24T07:00:00,2026-08-24T21:00:00,till_operator
SH-NRG-KHO-WDH-001-20260824-02,NRG-KHO-WDH-001,selma.nuugulu.00102,2026-08-24T07:00:00,2026-08-24T21:00:00,till_operator
SH-NRG-KHO-WDH-001-20260824-03,NRG-KHO-WDH-001,selma.kavari.00103,2026-08-24T07:00:00,2026-08-24T21:00:00,till_operator
SH-NRG-KHO-WDH-001-20260824-04,NRG-KHO-WDH-001,selma.haufiku.00104,2026-08-24T07:00:00,2026-08-24T21:00:00,till_operator
SH-NRG-KHO-WDH-001-20260824-05,NRG-KHO-WDH-001,selma.mbeha.00105,2026-08-24T07:00:00,2026-08-24T21:00:00,till_operator
SH-NRG-KVE-RUN-005-20260824-01,NRG-KVE-RUN-005,martha.mbeha.00501,2026-08-24T07:00:00,2026-08-24T21:00:00,till_operator
SH-NRG-KVE-RUN-005-20260824-02,NRG-KVE-RUN-005,martha.nakale.00502,2026-08-24T07:00:00,2026-08-24T21:00:00,till_operator
SH-NRG-KVE-RUN-005-20260824-03,NRG-KVE-RUN-005,martha.shikongo.00503,2026-08-24T07:00:00,2026-08-24T21:00:00,till_operator
SH-NRG-KVE-RUN-005-20260824-04,NRG-KVE-RUN-005,martha.hamutenya.00504,2026-08-24T07:00:00,2026-08-24T21:00:00,till_operator
SH-NRG-KVE-RUN-005-20260824-05,NRG-KVE-RUN-005,martha.amadhila.00505,2026-08-24T07:00:00,2026-08-24T21:00:00,till_operator
SH-NRG-OME-GOB-010-20260824-01,NRG-OME-GOB-010,anna.nuugulu.01001,2026-08-24T07:00:00,2026-08-24T21:00:00,till_operator
SH-NRG-OME-GOB-010-20260824-02,NRG-OME-GOB-010,anna.kavari.01002,2026-08-24T07:00:00,2026-08-24T21:00:00,till_operator
SH-NRG-OME-GOB-010-20260824-03,NRG-OME-GOB-010,anna.haufiku.01003,2026-08-24T07:00:00,2026-08-24T21:00:00,till_operator
SH-NRG-OME-GOB-010-20260824-04,NRG-OME-GOB-010,anna.mbeha.01004,2026-08-24T07:00:00,2026-08-24T21:00:00,till_operator
SH-NRG-OSA-OND-012-20260824-01,NRG-OSA-OND-012,petrus.haufiku.01201,2026-08-24T07:00:00,2026-08-24T21:00:00,till_operator
SH-NRG-OSA-OND-012-20260824-02,NRG-OSA-OND-012,petrus.mbeha.01202,2026-08-24T07:00:00,2026-08-24T21:00:00,till_operator
SH-NRG-OSA-OND-012-20260824-03,NRG-OSA-OND-012,petrus.nakale.01203,2026-08-24T07:00:00,2026-08-24T21:00:00,till_operator
SH-NRG-OSA-OND-012-20260824-04,NRG-OSA-OND-012,petrus.shikongo.01204,2026-08-24T07:00:00,2026-08-24T21:00:00,till_operator
SH-NRG-OSA-OSK-004-20260824-01,NRG-OSA-OSK-004,petrus.haufiku.00401,2026-08-24T07:00:00,2026-08-24T21:00:00,till_operator
SH-NRG-OSA-OSK-004-20260824-02,NRG-OSA-OSK-004,petrus.mbeha.00402,2026-08-24T07:00:00,2026-08-24T21:00:00,till_operator
SH-NRG-OSA-OSK-004-20260824-03,NRG-OSA-OSK-004,petrus.nakale.00403,2026-08-24T07:00:00,2026-08-24T21:00:00,till_operator
SH-NRG-OSA-OSK-004-20260824-04,NRG-OSA-OSK-004,petrus.shikongo.00404,2026-08-24T07:00:00,2026-08-24T21:00:00,till_operator
SH-NRG-OSA-OSK-004-20260824-05,NRG-OSA-OSK-004,petrus.hamutenya.00405,2026-08-24T07:00:00,2026-08-24T21:00:00,till_operator
SH-NRG-OSI-TSU-009-20260824-01,NRG-OSI-TSU-009,selma.amadhila.00901,2026-08-24T07:00:00,2026-08-24T21:00:00,till_operator
SH-NRG-OSI-TSU-009-20260824-02,NRG-OSI-TSU-009,selma.nuugulu.00902,2026-08-24T07:00:00,2026-08-24T21:00:00,till_operator
SH-NRG-OSI-TSU-009-20260824-03,NRG-OSI-TSU-009,selma.kavari.00903,2026-08-24T07:00:00,2026-08-24T21:00:00,till_operator
SH-NRG-OSI-TSU-009-20260824-04,NRG-OSI-TSU-009,selma.haufiku.00904,2026-08-24T07:00:00,2026-08-24T21:00:00,till_operator
SH-NRG-OTJ-OTW-006-20260824-01,NRG-OTJ-OTW-006,nela.nakale.00601,2026-08-24T07:00:00,2026-08-24T21:00:00,till_operator
SH-NRG-OTJ-OTW-006-20260824-02,NRG-OTJ-OTW-006,nela.shikongo.00602,2026-08-24T07:00:00,2026-08-24T21:00:00,till_operator
SH-NRG-OTJ-OTW-006-20260824-03,NRG-OTJ-OTW-006,nela.hamutenya.00603,2026-08-24T07:00:00,2026-08-24T21:00:00,till_operator
SH-NRG-OTJ-OTW-006-20260824-04,NRG-OTJ-OTW-006,nela.amadhila.00604,2026-08-24T07:00:00,2026-08-24T21:00:00,till_operator
SH-NRG-OTJ-OTW-006-20260824-05,NRG-OTJ-OTW-006,nela.nuugulu.00605,2026-08-24T07:00:00,2026-08-24T21:00:00,till_operator
SH-NRG-ZAM-KTM-008-20260824-01,NRG-ZAM-KTM-008,elina.hamutenya.00801,2026-08-24T07:00:00,2026-08-24T21:00:00,till_operator
SH-NRG-ZAM-KTM-008-20260824-02,NRG-ZAM-KTM-008,elina.amadhila.00802,2026-08-24T07:00:00,2026-08-24T21:00:00,till_operator
SH-NRG-ZAM-KTM-008-20260824-03,NRG-ZAM-KTM-008,elina.nuugulu.00803,2026-08-24T07:00:00,2026-08-24T21:00:00,till_operator
SH-NRG-ZAM-KTM-008-20260824-04,NRG-ZAM-KTM-008,elina.kavari.00804,2026-08-24T07:00:00,2026-08-24T21:00:00,till_operator
SH-NRG-ERG-SWK-003-20260825-01,NRG-ERG-SWK-003,ndapewa.kavari.00301,2026-08-25T07:00:00,2026-08-25T21:00:00,till_operator
SH-NRG-ERG-SWK-003-20260825-02,NRG-ERG-SWK-003,ndapewa.haufiku.00302,2026-08-25T07:00:00,2026-08-25T21:00:00,till_operator
SH-NRG-ERG-SWK-003-20260825-03,NRG-ERG-SWK-003,ndapewa.mbeha.00303,2026-08-25T07:00:00,2026-08-25T21:00:00,till_operator
SH-NRG-ERG-SWK-003-20260825-04,NRG-ERG-SWK-003,ndapewa.nakale.00304,2026-08-25T07:00:00,2026-08-25T21:00:00,till_operator
SH-NRG-ERG-SWK-003-20260825-05,NRG-ERG-SWK-003,ndapewa.shikongo.00305,2026-08-25T07:00:00,2026-08-25T21:00:00,till_operator
SH-NRG-ERG-WVB-002-20260825-01,NRG-ERG-WVB-002,anna.nuugulu.00201,2026-08-25T07:00:00,2026-08-25T21:00:00,till_operator
SH-NRG-ERG-WVB-002-20260825-02,NRG-ERG-WVB-002,anna.kavari.00202,2026-08-25T07:00:00,2026-08-25T21:00:00,till_operator
SH-NRG-ERG-WVB-002-20260825-03,NRG-ERG-WVB-002,anna.haufiku.00203,2026-08-25T07:00:00,2026-08-25T21:00:00,till_operator
SH-NRG-ERG-WVB-002-20260825-04,NRG-ERG-WVB-002,anna.mbeha.00204,2026-08-25T07:00:00,2026-08-25T21:00:00,till_operator
SH-NRG-ERG-WVB-002-20260825-05,NRG-ERG-WVB-002,anna.nakale.00205,2026-08-25T07:00:00,2026-08-25T21:00:00,till_operator
SH-NRG-HAR-REH-011-20260825-01,NRG-HAR-REH-011,ndapewa.kavari.01101,2026-08-25T07:00:00,2026-08-25T21:00:00,till_operator
SH-NRG-HAR-REH-011-20260825-02,NRG-HAR-REH-011,ndapewa.haufiku.01102,2026-08-25T07:00:00,2026-08-25T21:00:00,till_operator
SH-NRG-HAR-REH-011-20260825-03,NRG-HAR-REH-011,ndapewa.mbeha.01103,2026-08-25T07:00:00,2026-08-25T21:00:00,till_operator
SH-NRG-HAR-REH-011-20260825-04,NRG-HAR-REH-011,ndapewa.nakale.01104,2026-08-25T07:00:00,2026-08-25T21:00:00,till_operator
SH-NRG-KHA-KTM-007-20260825-01,NRG-KHA-KTM-007,paulus.shikongo.00701,2026-08-25T07:00:00,2026-08-25T21:00:00,till_operator
SH-NRG-KHA-KTM-007-20260825-02,NRG-KHA-KTM-007,paulus.hamutenya.00702,2026-08-25T07:00:00,2026-08-25T21:00:00,till_operator
SH-NRG-KHA-KTM-007-20260825-03,NRG-KHA-KTM-007,paulus.amadhila.00703,2026-08-25T07:00:00,2026-08-25T21:00:00,till_operator
SH-NRG-KHA-KTM-007-20260825-04,NRG-KHA-KTM-007,paulus.nuugulu.00704,2026-08-25T07:00:00,2026-08-25T21:00:00,till_operator
SH-NRG-KHO-WDH-001-20260825-01,NRG-KHO-WDH-001,selma.amadhila.00101,2026-08-25T07:00:00,2026-08-25T21:00:00,till_operator
SH-NRG-KHO-WDH-001-20260825-02,NRG-KHO-WDH-001,selma.nuugulu.00102,2026-08-25T07:00:00,2026-08-25T21:00:00,till_operator
SH-NRG-KHO-WDH-001-20260825-03,NRG-KHO-WDH-001,selma.kavari.00103,2026-08-25T07:00:00,2026-08-25T21:00:00,till_operator
SH-NRG-KHO-WDH-001-20260825-04,NRG-KHO-WDH-001,selma.haufiku.00104,2026-08-25T07:00:00,2026-08-25T21:00:00,till_operator
SH-NRG-KHO-WDH-001-20260825-05,NRG-KHO-WDH-001,selma.mbeha.00105,2026-08-25T07:00:00,2026-08-25T21:00:00,till_operator
SH-NRG-KVE-RUN-005-20260825-01,NRG-KVE-RUN-005,martha.mbeha.00501,2026-08-25T07:00:00,2026-08-25T21:00:00,till_operator
SH-NRG-KVE-RUN-005-20260825-02,NRG-KVE-RUN-005,martha.nakale.00502,2026-08-25T07:00:00,2026-08-25T21:00:00,till_operator
SH-NRG-KVE-RUN-005-20260825-03,NRG-KVE-RUN-005,martha.shikongo.00503,2026-08-25T07:00:00,2026-08-25T21:00:00,till_operator
SH-NRG-KVE-RUN-005-20260825-04,NRG-KVE-RUN-005,martha.hamutenya.00504,2026-08-25T07:00:00,2026-08-25T21:00:00,till_operator
SH-NRG-KVE-RUN-005-20260825-05,NRG-KVE-RUN-005,martha.amadhila.00505,2026-08-25T07:00:00,2026-08-25T21:00:00,till_operator
SH-NRG-OME-GOB-010-20260825-01,NRG-OME-GOB-010,anna.nuugulu.01001,2026-08-25T07:00:00,2026-08-25T21:00:00,till_operator
SH-NRG-OME-GOB-010-20260825-02,NRG-OME-GOB-010,anna.kavari.01002,2026-08-25T07:00:00,2026-08-25T21:00:00,till_operator
SH-NRG-OME-GOB-010-20260825-03,NRG-OME-GOB-010,anna.haufiku.01003,2026-08-25T07:00:00,2026-08-25T21:00:00,till_operator
SH-NRG-OME-GOB-010-20260825-04,NRG-OME-GOB-010,anna.mbeha.01004,2026-08-25T07:00:00,2026-08-25T21:00:00,till_operator
SH-NRG-OSA-OND-012-20260825-01,NRG-OSA-OND-012,petrus.haufiku.01201,2026-08-25T07:00:00,2026-08-25T21:00:00,till_operator
SH-NRG-OSA-OND-012-20260825-02,NRG-OSA-OND-012,petrus.mbeha.01202,2026-08-25T07:00:00,2026-08-25T21:00:00,till_operator
SH-NRG-OSA-OND-012-20260825-03,NRG-OSA-OND-012,petrus.nakale.01203,2026-08-25T07:00:00,2026-08-25T21:00:00,till_operator
SH-NRG-OSA-OND-012-20260825-04,NRG-OSA-OND-012,petrus.shikongo.01204,2026-08-25T07:00:00,2026-08-25T21:00:00,till_operator
SH-NRG-OSA-OSK-004-20260825-01,NRG-OSA-OSK-004,petrus.haufiku.00401,2026-08-25T07:00:00,2026-08-25T21:00:00,till_operator
SH-NRG-OSA-OSK-004-20260825-02,NRG-OSA-OSK-004,petrus.mbeha.00402,2026-08-25T07:00:00,2026-08-25T21:00:00,till_operator
SH-NRG-OSA-OSK-004-20260825-03,NRG-OSA-OSK-004,petrus.nakale.00403,2026-08-25T07:00:00,2026-08-25T21:00:00,till_operator
SH-NRG-OSA-OSK-004-20260825-04,NRG-OSA-OSK-004,petrus.shikongo.00404,2026-08-25T07:00:00,2026-08-25T21:00:00,till_operator
SH-NRG-OSA-OSK-004-20260825-05,NRG-OSA-OSK-004,petrus.hamutenya.00405,2026-08-25T07:00:00,2026-08-25T21:00:00,till_operator
SH-NRG-OSI-TSU-009-20260825-01,NRG-OSI-TSU-009,selma.amadhila.00901,2026-08-25T07:00:00,2026-08-25T21:00:00,till_operator
SH-NRG-OSI-TSU-009-20260825-02,NRG-OSI-TSU-009,selma.nuugulu.00902,2026-08-25T07:00:00,2026-08-25T21:00:00,till_operator
SH-NRG-OSI-TSU-009-20260825-03,NRG-OSI-TSU-009,selma.kavari.00903,2026-08-25T07:00:00,2026-08-25T21:00:00,till_operator
SH-NRG-OSI-TSU-009-20260825-04,NRG-OSI-TSU-009,selma.haufiku.00904,2026-08-25T07:00:00,2026-08-25T21:00:00,till_operator
SH-NRG-OTJ-OTW-006-20260825-01,NRG-OTJ-OTW-006,nela.nakale.00601,2026-08-25T07:00:00,2026-08-25T21:00:00,till_operator
SH-NRG-OTJ-OTW-006-20260825-02,NRG-OTJ-OTW-006,nela.shikongo.00602,2026-08-25T07:00:00,2026-08-25T21:00:00,till_operator
SH-NRG-OTJ-OTW-006-20260825-03,NRG-OTJ-OTW-006,nela.hamutenya.00603,2026-08-25T07:00:00,2026-08-25T21:00:00,till_operator
SH-NRG-OTJ-OTW-006-20260825-04,NRG-OTJ-OTW-006,nela.amadhila.00604,2026-08-25T07:00:00,2026-08-25T21:00:00,till_operator
SH-NRG-OTJ-OTW-006-20260825-05,NRG-OTJ-OTW-006,nela.nuugulu.00605,2026-08-25T07:00:00,2026-08-25T21:00:00,till_operator
SH-NRG-ZAM-KTM-008-20260825-01,NRG-ZAM-KTM-008,elina.hamutenya.00801,2026-08-25T07:00:00,2026-08-25T21:00:00,till_operator
SH-NRG-ZAM-KTM-008-20260825-02,NRG-ZAM-KTM-008,elina.amadhila.00802,2026-08-25T07:00:00,2026-08-25T21:00:00,till_operator
SH-NRG-ZAM-KTM-008-20260825-03,NRG-ZAM-KTM-008,elina.nuugulu.00803,2026-08-25T07:00:00,2026-08-25T21:00:00,till_operator
SH-NRG-ZAM-KTM-008-20260825-04,NRG-ZAM-KTM-008,elina.kavari.00804,2026-08-25T07:00:00,2026-08-25T21:00:00,till_operator
SH-NRG-ERG-SWK-003-20260826-01,NRG-ERG-SWK-003,ndapewa.kavari.00301,2026-08-26T07:00:00,2026-08-26T21:00:00,till_operator
SH-NRG-ERG-SWK-003-20260826-02,NRG-ERG-SWK-003,ndapewa.haufiku.00302,2026-08-26T07:00:00,2026-08-26T21:00:00,till_operator
SH-NRG-ERG-SWK-003-20260826-03,NRG-ERG-SWK-003,ndapewa.mbeha.00303,2026-08-26T07:00:00,2026-08-26T21:00:00,till_operator
SH-NRG-ERG-SWK-003-20260826-04,NRG-ERG-SWK-003,ndapewa.nakale.00304,2026-08-26T07:00:00,2026-08-26T21:00:00,till_operator
SH-NRG-ERG-SWK-003-20260826-05,NRG-ERG-SWK-003,ndapewa.shikongo.00305,2026-08-26T07:00:00,2026-08-26T21:00:00,till_operator
SH-NRG-ERG-WVB-002-20260826-01,NRG-ERG-WVB-002,anna.nuugulu.00201,2026-08-26T07:00:00,2026-08-26T21:00:00,till_operator
SH-NRG-ERG-WVB-002-20260826-02,NRG-ERG-WVB-002,anna.kavari.00202,2026-08-26T07:00:00,2026-08-26T21:00:00,till_operator
SH-NRG-ERG-WVB-002-20260826-03,NRG-ERG-WVB-002,anna.haufiku.00203,2026-08-26T07:00:00,2026-08-26T21:00:00,till_operator
SH-NRG-ERG-WVB-002-20260826-04,NRG-ERG-WVB-002,anna.mbeha.00204,2026-08-26T07:00:00,2026-08-26T21:00:00,till_operator
SH-NRG-ERG-WVB-002-20260826-05,NRG-ERG-WVB-002,anna.nakale.00205,2026-08-26T07:00:00,2026-08-26T21:00:00,till_operator
SH-NRG-HAR-REH-011-20260826-01,NRG-HAR-REH-011,ndapewa.kavari.01101,2026-08-26T07:00:00,2026-08-26T21:00:00,till_operator
SH-NRG-HAR-REH-011-20260826-02,NRG-HAR-REH-011,ndapewa.haufiku.01102,2026-08-26T07:00:00,2026-08-26T21:00:00,till_operator
SH-NRG-HAR-REH-011-20260826-03,NRG-HAR-REH-011,ndapewa.mbeha.01103,2026-08-26T07:00:00,2026-08-26T21:00:00,till_operator
SH-NRG-HAR-REH-011-20260826-04,NRG-HAR-REH-011,ndapewa.nakale.01104,2026-08-26T07:00:00,2026-08-26T21:00:00,till_operator
SH-NRG-KHA-KTM-007-20260826-01,NRG-KHA-KTM-007,paulus.shikongo.00701,2026-08-26T07:00:00,2026-08-26T21:00:00,till_operator
SH-NRG-KHA-KTM-007-20260826-02,NRG-KHA-KTM-007,paulus.hamutenya.00702,2026-08-26T07:00:00,2026-08-26T21:00:00,till_operator
SH-NRG-KHA-KTM-007-20260826-03,NRG-KHA-KTM-007,paulus.amadhila.00703,2026-08-26T07:00:00,2026-08-26T21:00:00,till_operator
SH-NRG-KHA-KTM-007-20260826-04,NRG-KHA-KTM-007,paulus.nuugulu.00704,2026-08-26T07:00:00,2026-08-26T21:00:00,till_operator
SH-NRG-KHO-WDH-001-20260826-01,NRG-KHO-WDH-001,selma.amadhila.00101,2026-08-26T07:00:00,2026-08-26T21:00:00,till_operator
SH-NRG-KHO-WDH-001-20260826-02,NRG-KHO-WDH-001,selma.nuugulu.00102,2026-08-26T07:00:00,2026-08-26T21:00:00,till_operator
SH-NRG-KHO-WDH-001-20260826-03,NRG-KHO-WDH-001,selma.kavari.00103,2026-08-26T07:00:00,2026-08-26T21:00:00,till_operator
SH-NRG-KHO-WDH-001-20260826-04,NRG-KHO-WDH-001,selma.haufiku.00104,2026-08-26T07:00:00,2026-08-26T21:00:00,till_operator
SH-NRG-KHO-WDH-001-20260826-05,NRG-KHO-WDH-001,selma.mbeha.00105,2026-08-26T07:00:00,2026-08-26T21:00:00,till_operator
SH-NRG-KVE-RUN-005-20260826-01,NRG-KVE-RUN-005,martha.mbeha.00501,2026-08-26T07:00:00,2026-08-26T21:00:00,till_operator
SH-NRG-KVE-RUN-005-20260826-02,NRG-KVE-RUN-005,martha.nakale.00502,2026-08-26T07:00:00,2026-08-26T21:00:00,till_operator
SH-NRG-KVE-RUN-005-20260826-03,NRG-KVE-RUN-005,martha.shikongo.00503,2026-08-26T07:00:00,2026-08-26T21:00:00,till_operator
SH-NRG-KVE-RUN-005-20260826-04,NRG-KVE-RUN-005,martha.hamutenya.00504,2026-08-26T07:00:00,2026-08-26T21:00:00,till_operator
SH-NRG-KVE-RUN-005-20260826-05,NRG-KVE-RUN-005,martha.amadhila.00505,2026-08-26T07:00:00,2026-08-26T21:00:00,till_operator
SH-NRG-OME-GOB-010-20260826-01,NRG-OME-GOB-010,anna.nuugulu.01001,2026-08-26T07:00:00,2026-08-26T21:00:00,till_operator
SH-NRG-OME-GOB-010-20260826-02,NRG-OME-GOB-010,anna.kavari.01002,2026-08-26T07:00:00,2026-08-26T21:00:00,till_operator
SH-NRG-OME-GOB-010-20260826-03,NRG-OME-GOB-010,anna.haufiku.01003,2026-08-26T07:00:00,2026-08-26T21:00:00,till_operator
SH-NRG-OME-GOB-010-20260826-04,NRG-OME-GOB-010,anna.mbeha.01004,2026-08-26T07:00:00,2026-08-26T21:00:00,till_operator
SH-NRG-OSA-OND-012-20260826-01,NRG-OSA-OND-012,petrus.haufiku.01201,2026-08-26T07:00:00,2026-08-26T21:00:00,till_operator
SH-NRG-OSA-OND-012-20260826-02,NRG-OSA-OND-012,petrus.mbeha.01202,2026-08-26T07:00:00,2026-08-26T21:00:00,till_operator
SH-NRG-OSA-OND-012-20260826-03,NRG-OSA-OND-012,petrus.nakale.01203,2026-08-26T07:00:00,2026-08-26T21:00:00,till_operator
SH-NRG-OSA-OND-012-20260826-04,NRG-OSA-OND-012,petrus.shikongo.01204,2026-08-26T07:00:00,2026-08-26T21:00:00,till_operator
SH-NRG-OSA-OSK-004-20260826-01,NRG-OSA-OSK-004,petrus.haufiku.00401,2026-08-26T07:00:00,2026-08-26T21:00:00,till_operator
SH-NRG-OSA-OSK-004-20260826-02,NRG-OSA-OSK-004,petrus.mbeha.00402,2026-08-26T07:00:00,2026-08-26T21:00:00,till_operator
SH-NRG-OSA-OSK-004-20260826-03,NRG-OSA-OSK-004,petrus.nakale.00403,2026-08-26T07:00:00,2026-08-26T21:00:00,till_operator
SH-NRG-OSA-OSK-004-20260826-04,NRG-OSA-OSK-004,petrus.shikongo.00404,2026-08-26T07:00:00,2026-08-26T21:00:00,till_operator
SH-NRG-OSA-OSK-004-20260826-05,NRG-OSA-OSK-004,petrus.hamutenya.00405,2026-08-26T07:00:00,2026-08-26T21:00:00,till_operator
SH-NRG-OSI-TSU-009-20260826-01,NRG-OSI-TSU-009,selma.amadhila.00901,2026-08-26T07:00:00,2026-08-26T21:00:00,till_operator
SH-NRG-OSI-TSU-009-20260826-02,NRG-OSI-TSU-009,selma.nuugulu.00902,2026-08-26T07:00:00,2026-08-26T21:00:00,till_operator
SH-NRG-OSI-TSU-009-20260826-03,NRG-OSI-TSU-009,selma.kavari.00903,2026-08-26T07:00:00,2026-08-26T21:00:00,till_operator
SH-NRG-OSI-TSU-009-20260826-04,NRG-OSI-TSU-009,selma.haufiku.00904,2026-08-26T07:00:00,2026-08-26T21:00:00,till_operator
SH-NRG-OTJ-OTW-006-20260826-01,NRG-OTJ-OTW-006,nela.nakale.00601,2026-08-26T07:00:00,2026-08-26T21:00:00,till_operator
SH-NRG-OTJ-OTW-006-20260826-02,NRG-OTJ-OTW-006,nela.shikongo.00602,2026-08-26T07:00:00,2026-08-26T21:00:00,till_operator
SH-NRG-OTJ-OTW-006-20260826-03,NRG-OTJ-OTW-006,nela.hamutenya.00603,2026-08-26T07:00:00,2026-08-26T21:00:00,till_operator
SH-NRG-OTJ-OTW-006-20260826-04,NRG-OTJ-OTW-006,nela.amadhila.00604,2026-08-26T07:00:00,2026-08-26T21:00:00,till_operator
SH-NRG-OTJ-OTW-006-20260826-05,NRG-OTJ-OTW-006,nela.nuugulu.00605,2026-08-26T07:00:00,2026-08-26T21:00:00,till_operator
SH-NRG-ZAM-KTM-008-20260826-01,NRG-ZAM-KTM-008,elina.hamutenya.00801,2026-08-26T07:00:00,2026-08-26T21:00:00,till_operator
SH-NRG-ZAM-KTM-008-20260826-02,NRG-ZAM-KTM-008,elina.amadhila.00802,2026-08-26T07:00:00,2026-08-26T21:00:00,till_operator
SH-NRG-ZAM-KTM-008-20260826-03,NRG-ZAM-KTM-008,elina.nuugulu.00803,2026-08-26T07:00:00,2026-08-26T21:00:00,till_operator
SH-NRG-ZAM-KTM-008-20260826-04,NRG-ZAM-KTM-008,elina.kavari.00804,2026-08-26T07:00:00,2026-08-26T21:00:00,till_operator
SH-NRG-ERG-SWK-003-20260827-01,NRG-ERG-SWK-003,ndapewa.kavari.00301,2026-08-27T07:00:00,2026-08-27T21:00:00,till_operator
SH-NRG-ERG-SWK-003-20260827-02,NRG-ERG-SWK-003,ndapewa.haufiku.00302,2026-08-27T07:00:00,2026-08-27T21:00:00,till_operator
SH-NRG-ERG-SWK-003-20260827-03,NRG-ERG-SWK-003,ndapewa.mbeha.00303,2026-08-27T07:00:00,2026-08-27T21:00:00,till_operator
SH-NRG-ERG-SWK-003-20260827-04,NRG-ERG-SWK-003,ndapewa.nakale.00304,2026-08-27T07:00:00,2026-08-27T21:00:00,till_operator
SH-NRG-ERG-SWK-003-20260827-05,NRG-ERG-SWK-003,ndapewa.shikongo.00305,2026-08-27T07:00:00,2026-08-27T21:00:00,till_operator
SH-NRG-ERG-WVB-002-20260827-01,NRG-ERG-WVB-002,anna.nuugulu.00201,2026-08-27T07:00:00,2026-08-27T21:00:00,till_operator
SH-NRG-ERG-WVB-002-20260827-02,NRG-ERG-WVB-002,anna.kavari.00202,2026-08-27T07:00:00,2026-08-27T21:00:00,till_operator
SH-NRG-ERG-WVB-002-20260827-03,NRG-ERG-WVB-002,anna.haufiku.00203,2026-08-27T07:00:00,2026-08-27T21:00:00,till_operator
SH-NRG-ERG-WVB-002-20260827-04,NRG-ERG-WVB-002,anna.mbeha.00204,2026-08-27T07:00:00,2026-08-27T21:00:00,till_operator
SH-NRG-ERG-WVB-002-20260827-05,NRG-ERG-WVB-002,anna.nakale.00205,2026-08-27T07:00:00,2026-08-27T21:00:00,till_operator
SH-NRG-HAR-REH-011-20260827-01,NRG-HAR-REH-011,ndapewa.kavari.01101,2026-08-27T07:00:00,2026-08-27T21:00:00,till_operator
SH-NRG-HAR-REH-011-20260827-02,NRG-HAR-REH-011,ndapewa.haufiku.01102,2026-08-27T07:00:00,2026-08-27T21:00:00,till_operator
SH-NRG-HAR-REH-011-20260827-03,NRG-HAR-REH-011,ndapewa.mbeha.01103,2026-08-27T07:00:00,2026-08-27T21:00:00,till_operator
SH-NRG-HAR-REH-011-20260827-04,NRG-HAR-REH-011,ndapewa.nakale.01104,2026-08-27T07:00:00,2026-08-27T21:00:00,till_operator
SH-NRG-KHA-KTM-007-20260827-01,NRG-KHA-KTM-007,paulus.shikongo.00701,2026-08-27T07:00:00,2026-08-27T21:00:00,till_operator
SH-NRG-KHA-KTM-007-20260827-02,NRG-KHA-KTM-007,paulus.hamutenya.00702,2026-08-27T07:00:00,2026-08-27T21:00:00,till_operator
SH-NRG-KHA-KTM-007-20260827-03,NRG-KHA-KTM-007,paulus.amadhila.00703,2026-08-27T07:00:00,2026-08-27T21:00:00,till_operator
SH-NRG-KHA-KTM-007-20260827-04,NRG-KHA-KTM-007,paulus.nuugulu.00704,2026-08-27T07:00:00,2026-08-27T21:00:00,till_operator
SH-NRG-KHO-WDH-001-20260827-01,NRG-KHO-WDH-001,selma.amadhila.00101,2026-08-27T07:00:00,2026-08-27T21:00:00,till_operator
SH-NRG-KHO-WDH-001-20260827-02,NRG-KHO-WDH-001,selma.nuugulu.00102,2026-08-27T07:00:00,2026-08-27T21:00:00,till_operator
SH-NRG-KHO-WDH-001-20260827-03,NRG-KHO-WDH-001,selma.kavari.00103,2026-08-27T07:00:00,2026-08-27T21:00:00,till_operator
SH-NRG-KHO-WDH-001-20260827-04,NRG-KHO-WDH-001,selma.haufiku.00104,2026-08-27T07:00:00,2026-08-27T21:00:00,till_operator
SH-NRG-KHO-WDH-001-20260827-05,NRG-KHO-WDH-001,selma.mbeha.00105,2026-08-27T07:00:00,2026-08-27T21:00:00,till_operator
SH-NRG-KVE-RUN-005-20260827-01,NRG-KVE-RUN-005,martha.mbeha.00501,2026-08-27T07:00:00,2026-08-27T21:00:00,till_operator
SH-NRG-KVE-RUN-005-20260827-02,NRG-KVE-RUN-005,martha.nakale.00502,2026-08-27T07:00:00,2026-08-27T21:00:00,till_operator
SH-NRG-KVE-RUN-005-20260827-03,NRG-KVE-RUN-005,martha.shikongo.00503,2026-08-27T07:00:00,2026-08-27T21:00:00,till_operator
SH-NRG-KVE-RUN-005-20260827-04,NRG-KVE-RUN-005,martha.hamutenya.00504,2026-08-27T07:00:00,2026-08-27T21:00:00,till_operator
SH-NRG-KVE-RUN-005-20260827-05,NRG-KVE-RUN-005,martha.amadhila.00505,2026-08-27T07:00:00,2026-08-27T21:00:00,till_operator
SH-NRG-OME-GOB-010-20260827-01,NRG-OME-GOB-010,anna.nuugulu.01001,2026-08-27T07:00:00,2026-08-27T21:00:00,till_operator
SH-NRG-OME-GOB-010-20260827-02,NRG-OME-GOB-010,anna.kavari.01002,2026-08-27T07:00:00,2026-08-27T21:00:00,till_operator
SH-NRG-OME-GOB-010-20260827-03,NRG-OME-GOB-010,anna.haufiku.01003,2026-08-27T07:00:00,2026-08-27T21:00:00,till_operator
SH-NRG-OME-GOB-010-20260827-04,NRG-OME-GOB-010,anna.mbeha.01004,2026-08-27T07:00:00,2026-08-27T21:00:00,till_operator
SH-NRG-OSA-OND-012-20260827-01,NRG-OSA-OND-012,petrus.haufiku.01201,2026-08-27T07:00:00,2026-08-27T21:00:00,till_operator
SH-NRG-OSA-OND-012-20260827-02,NRG-OSA-OND-012,petrus.mbeha.01202,2026-08-27T07:00:00,2026-08-27T21:00:00,till_operator
SH-NRG-OSA-OND-012-20260827-03,NRG-OSA-OND-012,petrus.nakale.01203,2026-08-27T07:00:00,2026-08-27T21:00:00,till_operator
SH-NRG-OSA-OND-012-20260827-04,NRG-OSA-OND-012,petrus.shikongo.01204,2026-08-27T07:00:00,2026-08-27T21:00:00,till_operator
SH-NRG-OSA-OSK-004-20260827-01,NRG-OSA-OSK-004,petrus.haufiku.00401,2026-08-27T07:00:00,2026-08-27T21:00:00,till_operator
SH-NRG-OSA-OSK-004-20260827-02,NRG-OSA-OSK-004,petrus.mbeha.00402,2026-08-27T07:00:00,2026-08-27T21:00:00,till_operator
SH-NRG-OSA-OSK-004-20260827-03,NRG-OSA-OSK-004,petrus.nakale.00403,2026-08-27T07:00:00,2026-08-27T21:00:00,till_operator
SH-NRG-OSA-OSK-004-20260827-04,NRG-OSA-OSK-004,petrus.shikongo.00404,2026-08-27T07:00:00,2026-08-27T21:00:00,till_operator
SH-NRG-OSA-OSK-004-20260827-05,NRG-OSA-OSK-004,petrus.hamutenya.00405,2026-08-27T07:00:00,2026-08-27T21:00:00,till_operator
SH-NRG-OSI-TSU-009-20260827-01,NRG-OSI-TSU-009,selma.amadhila.00901,2026-08-27T07:00:00,2026-08-27T21:00:00,till_operator
SH-NRG-OSI-TSU-009-20260827-02,NRG-OSI-TSU-009,selma.nuugulu.00902,2026-08-27T07:00:00,2026-08-27T21:00:00,till_operator
SH-NRG-OSI-TSU-009-20260827-03,NRG-OSI-TSU-009,selma.kavari.00903,2026-08-27T07:00:00,2026-08-27T21:00:00,till_operator
SH-NRG-OSI-TSU-009-20260827-04,NRG-OSI-TSU-009,selma.haufiku.00904,2026-08-27T07:00:00,2026-08-27T21:00:00,till_operator
SH-NRG-OTJ-OTW-006-20260827-01,NRG-OTJ-OTW-006,nela.nakale.00601,2026-08-27T07:00:00,2026-08-27T21:00:00,till_operator
SH-NRG-OTJ-OTW-006-20260827-02,NRG-OTJ-OTW-006,nela.shikongo.00602,2026-08-27T07:00:00,2026-08-27T21:00:00,till_operator
SH-NRG-OTJ-OTW-006-20260827-03,NRG-OTJ-OTW-006,nela.hamutenya.00603,2026-08-27T07:00:00,2026-08-27T21:00:00,till_operator
SH-NRG-OTJ-OTW-006-20260827-04,NRG-OTJ-OTW-006,nela.amadhila.00604,2026-08-27T07:00:00,2026-08-27T21:00:00,till_operator
SH-NRG-OTJ-OTW-006-20260827-05,NRG-OTJ-OTW-006,nela.nuugulu.00605,2026-08-27T07:00:00,2026-08-27T21:00:00,till_operator
SH-NRG-ZAM-KTM-008-20260827-01,NRG-ZAM-KTM-008,elina.hamutenya.00801,2026-08-27T07:00:00,2026-08-27T21:00:00,till_operator
SH-NRG-ZAM-KTM-008-20260827-02,NRG-ZAM-KTM-008,elina.amadhila.00802,2026-08-27T07:00:00,2026-08-27T21:00:00,till_operator
SH-NRG-ZAM-KTM-008-20260827-03,NRG-ZAM-KTM-008,elina.nuugulu.00803,2026-08-27T07:00:00,2026-08-27T21:00:00,till_operator
SH-NRG-ZAM-KTM-008-20260827-04,NRG-ZAM-KTM-008,elina.kavari.00804,2026-08-27T07:00:00,2026-08-27T21:00:00,till_operator
SH-NRG-ERG-SWK-003-20260828-01,NRG-ERG-SWK-003,ndapewa.kavari.00301,2026-08-28T07:00:00,2026-08-28T21:00:00,till_operator
SH-NRG-ERG-SWK-003-20260828-02,NRG-ERG-SWK-003,ndapewa.haufiku.00302,2026-08-28T07:00:00,2026-08-28T21:00:00,till_operator
SH-NRG-ERG-SWK-003-20260828-03,NRG-ERG-SWK-003,ndapewa.mbeha.00303,2026-08-28T07:00:00,2026-08-28T21:00:00,till_operator
SH-NRG-ERG-SWK-003-20260828-04,NRG-ERG-SWK-003,ndapewa.nakale.00304,2026-08-28T07:00:00,2026-08-28T21:00:00,till_operator
SH-NRG-ERG-SWK-003-20260828-05,NRG-ERG-SWK-003,ndapewa.shikongo.00305,2026-08-28T07:00:00,2026-08-28T21:00:00,till_operator
SH-NRG-ERG-WVB-002-20260828-01,NRG-ERG-WVB-002,anna.nuugulu.00201,2026-08-28T07:00:00,2026-08-28T21:00:00,till_operator
SH-NRG-ERG-WVB-002-20260828-02,NRG-ERG-WVB-002,anna.kavari.00202,2026-08-28T07:00:00,2026-08-28T21:00:00,till_operator
SH-NRG-ERG-WVB-002-20260828-03,NRG-ERG-WVB-002,anna.haufiku.00203,2026-08-28T07:00:00,2026-08-28T21:00:00,till_operator
SH-NRG-ERG-WVB-002-20260828-04,NRG-ERG-WVB-002,anna.mbeha.00204,2026-08-28T07:00:00,2026-08-28T21:00:00,till_operator
SH-NRG-ERG-WVB-002-20260828-05,NRG-ERG-WVB-002,anna.nakale.00205,2026-08-28T07:00:00,2026-08-28T21:00:00,till_operator
SH-NRG-HAR-REH-011-20260828-01,NRG-HAR-REH-011,ndapewa.kavari.01101,2026-08-28T07:00:00,2026-08-28T21:00:00,till_operator
SH-NRG-HAR-REH-011-20260828-02,NRG-HAR-REH-011,ndapewa.haufiku.01102,2026-08-28T07:00:00,2026-08-28T21:00:00,till_operator
SH-NRG-HAR-REH-011-20260828-03,NRG-HAR-REH-011,ndapewa.mbeha.01103,2026-08-28T07:00:00,2026-08-28T21:00:00,till_operator
SH-NRG-HAR-REH-011-20260828-04,NRG-HAR-REH-011,ndapewa.nakale.01104,2026-08-28T07:00:00,2026-08-28T21:00:00,till_operator
SH-NRG-KHA-KTM-007-20260828-01,NRG-KHA-KTM-007,paulus.shikongo.00701,2026-08-28T07:00:00,2026-08-28T21:00:00,till_operator
SH-NRG-KHA-KTM-007-20260828-02,NRG-KHA-KTM-007,paulus.hamutenya.00702,2026-08-28T07:00:00,2026-08-28T21:00:00,till_operator
SH-NRG-KHA-KTM-007-20260828-03,NRG-KHA-KTM-007,paulus.amadhila.00703,2026-08-28T07:00:00,2026-08-28T21:00:00,till_operator
SH-NRG-KHA-KTM-007-20260828-04,NRG-KHA-KTM-007,paulus.nuugulu.00704,2026-08-28T07:00:00,2026-08-28T21:00:00,till_operator
SH-NRG-KHO-WDH-001-20260828-01,NRG-KHO-WDH-001,selma.amadhila.00101,2026-08-28T07:00:00,2026-08-28T21:00:00,till_operator
SH-NRG-KHO-WDH-001-20260828-02,NRG-KHO-WDH-001,selma.nuugulu.00102,2026-08-28T07:00:00,2026-08-28T21:00:00,till_operator
SH-NRG-KHO-WDH-001-20260828-03,NRG-KHO-WDH-001,selma.kavari.00103,2026-08-28T07:00:00,2026-08-28T21:00:00,till_operator
SH-NRG-KHO-WDH-001-20260828-04,NRG-KHO-WDH-001,selma.haufiku.00104,2026-08-28T07:00:00,2026-08-28T21:00:00,till_operator
SH-NRG-KHO-WDH-001-20260828-05,NRG-KHO-WDH-001,selma.mbeha.00105,2026-08-28T07:00:00,2026-08-28T21:00:00,till_operator
SH-NRG-KVE-RUN-005-20260828-01,NRG-KVE-RUN-005,martha.mbeha.00501,2026-08-28T07:00:00,2026-08-28T21:00:00,till_operator
SH-NRG-KVE-RUN-005-20260828-02,NRG-KVE-RUN-005,martha.nakale.00502,2026-08-28T07:00:00,2026-08-28T21:00:00,till_operator
SH-NRG-KVE-RUN-005-20260828-03,NRG-KVE-RUN-005,martha.shikongo.00503,2026-08-28T07:00:00,2026-08-28T21:00:00,till_operator
SH-NRG-KVE-RUN-005-20260828-04,NRG-KVE-RUN-005,martha.hamutenya.00504,2026-08-28T07:00:00,2026-08-28T21:00:00,till_operator
SH-NRG-KVE-RUN-005-20260828-05,NRG-KVE-RUN-005,martha.amadhila.00505,2026-08-28T07:00:00,2026-08-28T21:00:00,till_operator
SH-NRG-OME-GOB-010-20260828-01,NRG-OME-GOB-010,anna.nuugulu.01001,2026-08-28T07:00:00,2026-08-28T21:00:00,till_operator
SH-NRG-OME-GOB-010-20260828-02,NRG-OME-GOB-010,anna.kavari.01002,2026-08-28T07:00:00,2026-08-28T21:00:00,till_operator
SH-NRG-OME-GOB-010-20260828-03,NRG-OME-GOB-010,anna.haufiku.01003,2026-08-28T07:00:00,2026-08-28T21:00:00,till_operator
SH-NRG-OME-GOB-010-20260828-04,NRG-OME-GOB-010,anna.mbeha.01004,2026-08-28T07:00:00,2026-08-28T21:00:00,till_operator
SH-NRG-OSA-OND-012-20260828-01,NRG-OSA-OND-012,petrus.haufiku.01201,2026-08-28T07:00:00,2026-08-28T21:00:00,till_operator
SH-NRG-OSA-OND-012-20260828-02,NRG-OSA-OND-012,petrus.mbeha.01202,2026-08-28T07:00:00,2026-08-28T21:00:00,till_operator
SH-NRG-OSA-OND-012-20260828-03,NRG-OSA-OND-012,petrus.nakale.01203,2026-08-28T07:00:00,2026-08-28T21:00:00,till_operator
SH-NRG-OSA-OND-012-20260828-04,NRG-OSA-OND-012,petrus.shikongo.01204,2026-08-28T07:00:00,2026-08-28T21:00:00,till_operator
SH-NRG-OSA-OSK-004-20260828-01,NRG-OSA-OSK-004,petrus.haufiku.00401,2026-08-28T07:00:00,2026-08-28T21:00:00,till_operator
SH-NRG-OSA-OSK-004-20260828-02,NRG-OSA-OSK-004,petrus.mbeha.00402,2026-08-28T07:00:00,2026-08-28T21:00:00,till_operator
SH-NRG-OSA-OSK-004-20260828-03,NRG-OSA-OSK-004,petrus.nakale.00403,2026-08-28T07:00:00,2026-08-28T21:00:00,till_operator
SH-NRG-OSA-OSK-004-20260828-04,NRG-OSA-OSK-004,petrus.shikongo.00404,2026-08-28T07:00:00,2026-08-28T21:00:00,till_operator
SH-NRG-OSA-OSK-004-20260828-05,NRG-OSA-OSK-004,petrus.hamutenya.00405,2026-08-28T07:00:00,2026-08-28T21:00:00,till_operator
SH-NRG-OSI-TSU-009-20260828-01,NRG-OSI-TSU-009,selma.amadhila.00901,2026-08-28T07:00:00,2026-08-28T21:00:00,till_operator
SH-NRG-OSI-TSU-009-20260828-02,NRG-OSI-TSU-009,selma.nuugulu.00902,2026-08-28T07:00:00,2026-08-28T21:00:00,till_operator
SH-NRG-OSI-TSU-009-20260828-03,NRG-OSI-TSU-009,selma.kavari.00903,2026-08-28T07:00:00,2026-08-28T21:00:00,till_operator
SH-NRG-OSI-TSU-009-20260828-04,NRG-OSI-TSU-009,selma.haufiku.00904,2026-08-28T07:00:00,2026-08-28T21:00:00,till_operator
SH-NRG-OTJ-OTW-006-20260828-01,NRG-OTJ-OTW-006,nela.nakale.00601,2026-08-28T07:00:00,2026-08-28T21:00:00,till_operator
SH-NRG-OTJ-OTW-006-20260828-02,NRG-OTJ-OTW-006,nela.shikongo.00602,2026-08-28T07:00:00,2026-08-28T21:00:00,till_operator
SH-NRG-OTJ-OTW-006-20260828-03,NRG-OTJ-OTW-006,nela.hamutenya.00603,2026-08-28T07:00:00,2026-08-28T21:00:00,till_operator
SH-NRG-OTJ-OTW-006-20260828-04,NRG-OTJ-OTW-006,nela.amadhila.00604,2026-08-28T07:00:00,2026-08-28T21:00:00,till_operator
SH-NRG-OTJ-OTW-006-20260828-05,NRG-OTJ-OTW-006,nela.nuugulu.00605,2026-08-28T07:00:00,2026-08-28T21:00:00,till_operator
SH-NRG-ZAM-KTM-008-20260828-01,NRG-ZAM-KTM-008,elina.hamutenya.00801,2026-08-28T07:00:00,2026-08-28T21:00:00,till_operator
SH-NRG-ZAM-KTM-008-20260828-02,NRG-ZAM-KTM-008,elina.amadhila.00802,2026-08-28T07:00:00,2026-08-28T21:00:00,till_operator
SH-NRG-ZAM-KTM-008-20260828-03,NRG-ZAM-KTM-008,elina.nuugulu.00803,2026-08-28T07:00:00,2026-08-28T21:00:00,till_operator
SH-NRG-ZAM-KTM-008-20260828-04,NRG-ZAM-KTM-008,elina.kavari.00804,2026-08-28T07:00:00,2026-08-28T21:00:00,till_operator
SH-NRG-ERG-SWK-003-20260829-01,NRG-ERG-SWK-003,ndapewa.kavari.00301,2026-08-29T07:00:00,2026-08-29T21:00:00,till_operator
SH-NRG-ERG-SWK-003-20260829-02,NRG-ERG-SWK-003,ndapewa.haufiku.00302,2026-08-29T07:00:00,2026-08-29T21:00:00,till_operator
SH-NRG-ERG-SWK-003-20260829-03,NRG-ERG-SWK-003,ndapewa.mbeha.00303,2026-08-29T07:00:00,2026-08-29T21:00:00,till_operator
SH-NRG-ERG-SWK-003-20260829-04,NRG-ERG-SWK-003,ndapewa.nakale.00304,2026-08-29T07:00:00,2026-08-29T21:00:00,till_operator
SH-NRG-ERG-SWK-003-20260829-05,NRG-ERG-SWK-003,ndapewa.shikongo.00305,2026-08-29T07:00:00,2026-08-29T21:00:00,till_operator
SH-NRG-ERG-WVB-002-20260829-01,NRG-ERG-WVB-002,anna.nuugulu.00201,2026-08-29T07:00:00,2026-08-29T21:00:00,till_operator
SH-NRG-ERG-WVB-002-20260829-02,NRG-ERG-WVB-002,anna.kavari.00202,2026-08-29T07:00:00,2026-08-29T21:00:00,till_operator
SH-NRG-ERG-WVB-002-20260829-03,NRG-ERG-WVB-002,anna.haufiku.00203,2026-08-29T07:00:00,2026-08-29T21:00:00,till_operator
SH-NRG-ERG-WVB-002-20260829-04,NRG-ERG-WVB-002,anna.mbeha.00204,2026-08-29T07:00:00,2026-08-29T21:00:00,till_operator
SH-NRG-ERG-WVB-002-20260829-05,NRG-ERG-WVB-002,anna.nakale.00205,2026-08-29T07:00:00,2026-08-29T21:00:00,till_operator
SH-NRG-HAR-REH-011-20260829-01,NRG-HAR-REH-011,ndapewa.kavari.01101,2026-08-29T07:00:00,2026-08-29T21:00:00,till_operator
SH-NRG-HAR-REH-011-20260829-02,NRG-HAR-REH-011,ndapewa.haufiku.01102,2026-08-29T07:00:00,2026-08-29T21:00:00,till_operator
SH-NRG-HAR-REH-011-20260829-03,NRG-HAR-REH-011,ndapewa.mbeha.01103,2026-08-29T07:00:00,2026-08-29T21:00:00,till_operator
SH-NRG-HAR-REH-011-20260829-04,NRG-HAR-REH-011,ndapewa.nakale.01104,2026-08-29T07:00:00,2026-08-29T21:00:00,till_operator
SH-NRG-KHA-KTM-007-20260829-01,NRG-KHA-KTM-007,paulus.shikongo.00701,2026-08-29T07:00:00,2026-08-29T21:00:00,till_operator
SH-NRG-KHA-KTM-007-20260829-02,NRG-KHA-KTM-007,paulus.hamutenya.00702,2026-08-29T07:00:00,2026-08-29T21:00:00,till_operator
SH-NRG-KHA-KTM-007-20260829-03,NRG-KHA-KTM-007,paulus.amadhila.00703,2026-08-29T07:00:00,2026-08-29T21:00:00,till_operator
SH-NRG-KHA-KTM-007-20260829-04,NRG-KHA-KTM-007,paulus.nuugulu.00704,2026-08-29T07:00:00,2026-08-29T21:00:00,till_operator
SH-NRG-KHO-WDH-001-20260829-01,NRG-KHO-WDH-001,selma.amadhila.00101,2026-08-29T07:00:00,2026-08-29T21:00:00,till_operator
SH-NRG-KHO-WDH-001-20260829-02,NRG-KHO-WDH-001,selma.nuugulu.00102,2026-08-29T07:00:00,2026-08-29T21:00:00,till_operator
SH-NRG-KHO-WDH-001-20260829-03,NRG-KHO-WDH-001,selma.kavari.00103,2026-08-29T07:00:00,2026-08-29T21:00:00,till_operator
SH-NRG-KHO-WDH-001-20260829-04,NRG-KHO-WDH-001,selma.haufiku.00104,2026-08-29T07:00:00,2026-08-29T21:00:00,till_operator
SH-NRG-KHO-WDH-001-20260829-05,NRG-KHO-WDH-001,selma.mbeha.00105,2026-08-29T07:00:00,2026-08-29T21:00:00,till_operator
SH-NRG-KVE-RUN-005-20260829-01,NRG-KVE-RUN-005,martha.mbeha.00501,2026-08-29T07:00:00,2026-08-29T21:00:00,till_operator
SH-NRG-KVE-RUN-005-20260829-02,NRG-KVE-RUN-005,martha.nakale.00502,2026-08-29T07:00:00,2026-08-29T21:00:00,till_operator
SH-NRG-KVE-RUN-005-20260829-03,NRG-KVE-RUN-005,martha.shikongo.00503,2026-08-29T07:00:00,2026-08-29T21:00:00,till_operator
SH-NRG-KVE-RUN-005-20260829-04,NRG-KVE-RUN-005,martha.hamutenya.00504,2026-08-29T07:00:00,2026-08-29T21:00:00,till_operator
SH-NRG-KVE-RUN-005-20260829-05,NRG-KVE-RUN-005,martha.amadhila.00505,2026-08-29T07:00:00,2026-08-29T21:00:00,till_operator
SH-NRG-OME-GOB-010-20260829-01,NRG-OME-GOB-010,anna.nuugulu.01001,2026-08-29T07:00:00,2026-08-29T21:00:00,till_operator
SH-NRG-OME-GOB-010-20260829-02,NRG-OME-GOB-010,anna.kavari.01002,2026-08-29T07:00:00,2026-08-29T21:00:00,till_operator
SH-NRG-OME-GOB-010-20260829-03,NRG-OME-GOB-010,anna.haufiku.01003,2026-08-29T07:00:00,2026-08-29T21:00:00,till_operator
SH-NRG-OME-GOB-010-20260829-04,NRG-OME-GOB-010,anna.mbeha.01004,2026-08-29T07:00:00,2026-08-29T21:00:00,till_operator
SH-NRG-OSA-OND-012-20260829-01,NRG-OSA-OND-012,petrus.haufiku.01201,2026-08-29T07:00:00,2026-08-29T21:00:00,till_operator
SH-NRG-OSA-OND-012-20260829-02,NRG-OSA-OND-012,petrus.mbeha.01202,2026-08-29T07:00:00,2026-08-29T21:00:00,till_operator
SH-NRG-OSA-OND-012-20260829-03,NRG-OSA-OND-012,petrus.nakale.01203,2026-08-29T07:00:00,2026-08-29T21:00:00,till_operator
SH-NRG-OSA-OND-012-20260829-04,NRG-OSA-OND-012,petrus.shikongo.01204,2026-08-29T07:00:00,2026-08-29T21:00:00,till_operator
SH-NRG-OSA-OSK-004-20260829-01,NRG-OSA-OSK-004,petrus.haufiku.00401,2026-08-29T07:00:00,2026-08-29T21:00:00,till_operator
SH-NRG-OSA-OSK-004-20260829-02,NRG-OSA-OSK-004,petrus.mbeha.00402,2026-08-29T07:00:00,2026-08-29T21:00:00,till_operator
SH-NRG-OSA-OSK-004-20260829-03,NRG-OSA-OSK-004,petrus.nakale.00403,2026-08-29T07:00:00,2026-08-29T21:00:00,till_operator
SH-NRG-OSA-OSK-004-20260829-04,NRG-OSA-OSK-004,petrus.shikongo.00404,2026-08-29T07:00:00,2026-08-29T21:00:00,till_operator
SH-NRG-OSA-OSK-004-20260829-05,NRG-OSA-OSK-004,petrus.hamutenya.00405,2026-08-29T07:00:00,2026-08-29T21:00:00,till_operator
SH-NRG-OSI-TSU-009-20260829-01,NRG-OSI-TSU-009,selma.amadhila.00901,2026-08-29T07:00:00,2026-08-29T21:00:00,till_operator
SH-NRG-OSI-TSU-009-20260829-02,NRG-OSI-TSU-009,selma.nuugulu.00902,2026-08-29T07:00:00,2026-08-29T21:00:00,till_operator
SH-NRG-OSI-TSU-009-20260829-03,NRG-OSI-TSU-009,selma.kavari.00903,2026-08-29T07:00:00,2026-08-29T21:00:00,till_operator
SH-NRG-OSI-TSU-009-20260829-04,NRG-OSI-TSU-009,selma.haufiku.00904,2026-08-29T07:00:00,2026-08-29T21:00:00,till_operator
SH-NRG-OTJ-OTW-006-20260829-01,NRG-OTJ-OTW-006,nela.nakale.00601,2026-08-29T07:00:00,2026-08-29T21:00:00,till_operator
SH-NRG-OTJ-OTW-006-20260829-02,NRG-OTJ-OTW-006,nela.shikongo.00602,2026-08-29T07:00:00,2026-08-29T21:00:00,till_operator
SH-NRG-OTJ-OTW-006-20260829-03,NRG-OTJ-OTW-006,nela.hamutenya.00603,2026-08-29T07:00:00,2026-08-29T21:00:00,till_operator
SH-NRG-OTJ-OTW-006-20260829-04,NRG-OTJ-OTW-006,nela.amadhila.00604,2026-08-29T07:00:00,2026-08-29T21:00:00,till_operator
SH-NRG-OTJ-OTW-006-20260829-05,NRG-OTJ-OTW-006,nela.nuugulu.00605,2026-08-29T07:00:00,2026-08-29T21:00:00,till_operator
SH-NRG-ZAM-KTM-008-20260829-01,NRG-ZAM-KTM-008,elina.hamutenya.00801,2026-08-29T07:00:00,2026-08-29T21:00:00,till_operator
SH-NRG-ZAM-KTM-008-20260829-02,NRG-ZAM-KTM-008,elina.amadhila.00802,2026-08-29T07:00:00,2026-08-29T21:00:00,till_operator
SH-NRG-ZAM-KTM-008-20260829-03,NRG-ZAM-KTM-008,elina.nuugulu.00803,2026-08-29T07:00:00,2026-08-29T21:00:00,till_operator
SH-NRG-ZAM-KTM-008-20260829-04,NRG-ZAM-KTM-008,elina.kavari.00804,2026-08-29T07:00:00,2026-08-29T21:00:00,till_operator
SH-NRG-ERG-SWK-003-20260830-01,NRG-ERG-SWK-003,ndapewa.kavari.00301,2026-08-30T07:00:00,2026-08-30T21:00:00,till_operator
SH-NRG-ERG-SWK-003-20260830-02,NRG-ERG-SWK-003,ndapewa.haufiku.00302,2026-08-30T07:00:00,2026-08-30T21:00:00,till_operator
SH-NRG-ERG-SWK-003-20260830-03,NRG-ERG-SWK-003,ndapewa.mbeha.00303,2026-08-30T07:00:00,2026-08-30T21:00:00,till_operator
SH-NRG-ERG-SWK-003-20260830-04,NRG-ERG-SWK-003,ndapewa.nakale.00304,2026-08-30T07:00:00,2026-08-30T21:00:00,till_operator
SH-NRG-ERG-SWK-003-20260830-05,NRG-ERG-SWK-003,ndapewa.shikongo.00305,2026-08-30T07:00:00,2026-08-30T21:00:00,till_operator
SH-NRG-ERG-WVB-002-20260830-01,NRG-ERG-WVB-002,anna.nuugulu.00201,2026-08-30T07:00:00,2026-08-30T21:00:00,till_operator
SH-NRG-ERG-WVB-002-20260830-02,NRG-ERG-WVB-002,anna.kavari.00202,2026-08-30T07:00:00,2026-08-30T21:00:00,till_operator
SH-NRG-ERG-WVB-002-20260830-03,NRG-ERG-WVB-002,anna.haufiku.00203,2026-08-30T07:00:00,2026-08-30T21:00:00,till_operator
SH-NRG-ERG-WVB-002-20260830-04,NRG-ERG-WVB-002,anna.mbeha.00204,2026-08-30T07:00:00,2026-08-30T21:00:00,till_operator
SH-NRG-ERG-WVB-002-20260830-05,NRG-ERG-WVB-002,anna.nakale.00205,2026-08-30T07:00:00,2026-08-30T21:00:00,till_operator
SH-NRG-HAR-REH-011-20260830-01,NRG-HAR-REH-011,ndapewa.kavari.01101,2026-08-30T07:00:00,2026-08-30T21:00:00,till_operator
SH-NRG-HAR-REH-011-20260830-02,NRG-HAR-REH-011,ndapewa.haufiku.01102,2026-08-30T07:00:00,2026-08-30T21:00:00,till_operator
SH-NRG-HAR-REH-011-20260830-03,NRG-HAR-REH-011,ndapewa.mbeha.01103,2026-08-30T07:00:00,2026-08-30T21:00:00,till_operator
SH-NRG-HAR-REH-011-20260830-04,NRG-HAR-REH-011,ndapewa.nakale.01104,2026-08-30T07:00:00,2026-08-30T21:00:00,till_operator
SH-NRG-KHA-KTM-007-20260830-01,NRG-KHA-KTM-007,paulus.shikongo.00701,2026-08-30T07:00:00,2026-08-30T21:00:00,till_operator
SH-NRG-KHA-KTM-007-20260830-02,NRG-KHA-KTM-007,paulus.hamutenya.00702,2026-08-30T07:00:00,2026-08-30T21:00:00,till_operator
SH-NRG-KHA-KTM-007-20260830-03,NRG-KHA-KTM-007,paulus.amadhila.00703,2026-08-30T07:00:00,2026-08-30T21:00:00,till_operator
SH-NRG-KHA-KTM-007-20260830-04,NRG-KHA-KTM-007,paulus.nuugulu.00704,2026-08-30T07:00:00,2026-08-30T21:00:00,till_operator
SH-NRG-KHO-WDH-001-20260830-01,NRG-KHO-WDH-001,selma.amadhila.00101,2026-08-30T07:00:00,2026-08-30T21:00:00,till_operator
SH-NRG-KHO-WDH-001-20260830-02,NRG-KHO-WDH-001,selma.nuugulu.00102,2026-08-30T07:00:00,2026-08-30T21:00:00,till_operator
SH-NRG-KHO-WDH-001-20260830-03,NRG-KHO-WDH-001,selma.kavari.00103,2026-08-30T07:00:00,2026-08-30T21:00:00,till_operator
SH-NRG-KHO-WDH-001-20260830-04,NRG-KHO-WDH-001,selma.haufiku.00104,2026-08-30T07:00:00,2026-08-30T21:00:00,till_operator
SH-NRG-KHO-WDH-001-20260830-05,NRG-KHO-WDH-001,selma.mbeha.00105,2026-08-30T07:00:00,2026-08-30T21:00:00,till_operator
SH-NRG-KVE-RUN-005-20260830-01,NRG-KVE-RUN-005,martha.mbeha.00501,2026-08-30T07:00:00,2026-08-30T21:00:00,till_operator
SH-NRG-KVE-RUN-005-20260830-02,NRG-KVE-RUN-005,martha.nakale.00502,2026-08-30T07:00:00,2026-08-30T21:00:00,till_operator
SH-NRG-KVE-RUN-005-20260830-03,NRG-KVE-RUN-005,martha.shikongo.00503,2026-08-30T07:00:00,2026-08-30T21:00:00,till_operator
SH-NRG-KVE-RUN-005-20260830-04,NRG-KVE-RUN-005,martha.hamutenya.00504,2026-08-30T07:00:00,2026-08-30T21:00:00,till_operator
SH-NRG-KVE-RUN-005-20260830-05,NRG-KVE-RUN-005,martha.amadhila.00505,2026-08-30T07:00:00,2026-08-30T21:00:00,till_operator
SH-NRG-OME-GOB-010-20260830-01,NRG-OME-GOB-010,anna.nuugulu.01001,2026-08-30T07:00:00,2026-08-30T21:00:00,till_operator
SH-NRG-OME-GOB-010-20260830-02,NRG-OME-GOB-010,anna.kavari.01002,2026-08-30T07:00:00,2026-08-30T21:00:00,till_operator
SH-NRG-OME-GOB-010-20260830-03,NRG-OME-GOB-010,anna.haufiku.01003,2026-08-30T07:00:00,2026-08-30T21:00:00,till_operator
SH-NRG-OME-GOB-010-20260830-04,NRG-OME-GOB-010,anna.mbeha.01004,2026-08-30T07:00:00,2026-08-30T21:00:00,till_operator
SH-NRG-OSA-OND-012-20260830-01,NRG-OSA-OND-012,petrus.haufiku.01201,2026-08-30T07:00:00,2026-08-30T21:00:00,till_operator
SH-NRG-OSA-OND-012-20260830-02,NRG-OSA-OND-012,petrus.mbeha.01202,2026-08-30T07:00:00,2026-08-30T21:00:00,till_operator
SH-NRG-OSA-OND-012-20260830-03,NRG-OSA-OND-012,petrus.nakale.01203,2026-08-30T07:00:00,2026-08-30T21:00:00,till_operator
SH-NRG-OSA-OND-012-20260830-04,NRG-OSA-OND-012,petrus.shikongo.01204,2026-08-30T07:00:00,2026-08-30T21:00:00,till_operator
SH-NRG-OSA-OSK-004-20260830-01,NRG-OSA-OSK-004,petrus.haufiku.00401,2026-08-30T07:00:00,2026-08-30T21:00:00,till_operator
SH-NRG-OSA-OSK-004-20260830-02,NRG-OSA-OSK-004,petrus.mbeha.00402,2026-08-30T07:00:00,2026-08-30T21:00:00,till_operator
SH-NRG-OSA-OSK-004-20260830-03,NRG-OSA-OSK-004,petrus.nakale.00403,2026-08-30T07:00:00,2026-08-30T21:00:00,till_operator
SH-NRG-OSA-OSK-004-20260830-04,NRG-OSA-OSK-004,petrus.shikongo.00404,2026-08-30T07:00:00,2026-08-30T21:00:00,till_operator
SH-NRG-OSA-OSK-004-20260830-05,NRG-OSA-OSK-004,petrus.hamutenya.00405,2026-08-30T07:00:00,2026-08-30T21:00:00,till_operator
SH-NRG-OSI-TSU-009-20260830-01,NRG-OSI-TSU-009,selma.amadhila.00901,2026-08-30T07:00:00,2026-08-30T21:00:00,till_operator
SH-NRG-OSI-TSU-009-20260830-02,NRG-OSI-TSU-009,selma.nuugulu.00902,2026-08-30T07:00:00,2026-08-30T21:00:00,till_operator
SH-NRG-OSI-TSU-009-20260830-03,NRG-OSI-TSU-009,selma.kavari.00903,2026-08-30T07:00:00,2026-08-30T21:00:00,till_operator
SH-NRG-OSI-TSU-009-20260830-04,NRG-OSI-TSU-009,selma.haufiku.00904,2026-08-30T07:00:00,2026-08-30T21:00:00,till_operator
SH-NRG-OTJ-OTW-006-20260830-01,NRG-OTJ-OTW-006,nela.nakale.00601,2026-08-30T07:00:00,2026-08-30T21:00:00,till_operator
SH-NRG-OTJ-OTW-006-20260830-02,NRG-OTJ-OTW-006,nela.shikongo.00602,2026-08-30T07:00:00,2026-08-30T21:00:00,till_operator
SH-NRG-OTJ-OTW-006-20260830-03,NRG-OTJ-OTW-006,nela.hamutenya.00603,2026-08-30T07:00:00,2026-08-30T21:00:00,till_operator
SH-NRG-OTJ-OTW-006-20260830-04,NRG-OTJ-OTW-006,nela.amadhila.00604,2026-08-30T07:00:00,2026-08-30T21:00:00,till_operator
SH-NRG-OTJ-OTW-006-20260830-05,NRG-OTJ-OTW-006,nela.nuugulu.00605,2026-08-30T07:00:00,2026-08-30T21:00:00,till_operator
SH-NRG-ZAM-KTM-008-20260830-01,NRG-ZAM-KTM-008,elina.hamutenya.00801,2026-08-30T07:00:00,2026-08-30T21:00:00,till_operator
SH-NRG-ZAM-KTM-008-20260830-02,NRG-ZAM-KTM-008,elina.amadhila.00802,2026-08-30T07:00:00,2026-08-30T21:00:00,till_operator
SH-NRG-ZAM-KTM-008-20260830-03,NRG-ZAM-KTM-008,elina.nuugulu.00803,2026-08-30T07:00:00,2026-08-30T21:00:00,till_operator
SH-NRG-ZAM-KTM-008-20260830-04,NRG-ZAM-KTM-008,elina.kavari.00804,2026-08-30T07:00:00,2026-08-30T21:00:00,till_operator
SH-NRG-ERG-SWK-003-20260831-01,NRG-ERG-SWK-003,ndapewa.kavari.00301,2026-08-31T07:00:00,2026-08-31T21:00:00,till_operator
SH-NRG-ERG-SWK-003-20260831-02,NRG-ERG-SWK-003,ndapewa.haufiku.00302,2026-08-31T07:00:00,2026-08-31T21:00:00,till_operator
SH-NRG-ERG-SWK-003-20260831-03,NRG-ERG-SWK-003,ndapewa.mbeha.00303,2026-08-31T07:00:00,2026-08-31T21:00:00,till_operator
SH-NRG-ERG-SWK-003-20260831-04,NRG-ERG-SWK-003,ndapewa.nakale.00304,2026-08-31T07:00:00,2026-08-31T21:00:00,till_operator
SH-NRG-ERG-SWK-003-20260831-05,NRG-ERG-SWK-003,ndapewa.shikongo.00305,2026-08-31T07:00:00,2026-08-31T21:00:00,till_operator
SH-NRG-ERG-WVB-002-20260831-01,NRG-ERG-WVB-002,anna.nuugulu.00201,2026-08-31T07:00:00,2026-08-31T21:00:00,till_operator
SH-NRG-ERG-WVB-002-20260831-02,NRG-ERG-WVB-002,anna.kavari.00202,2026-08-31T07:00:00,2026-08-31T21:00:00,till_operator
SH-NRG-ERG-WVB-002-20260831-03,NRG-ERG-WVB-002,anna.haufiku.00203,2026-08-31T07:00:00,2026-08-31T21:00:00,till_operator
SH-NRG-ERG-WVB-002-20260831-04,NRG-ERG-WVB-002,anna.mbeha.00204,2026-08-31T07:00:00,2026-08-31T21:00:00,till_operator
SH-NRG-ERG-WVB-002-20260831-05,NRG-ERG-WVB-002,anna.nakale.00205,2026-08-31T07:00:00,2026-08-31T21:00:00,till_operator
SH-NRG-HAR-REH-011-20260831-01,NRG-HAR-REH-011,ndapewa.kavari.01101,2026-08-31T07:00:00,2026-08-31T21:00:00,till_operator
SH-NRG-HAR-REH-011-20260831-02,NRG-HAR-REH-011,ndapewa.haufiku.01102,2026-08-31T07:00:00,2026-08-31T21:00:00,till_operator
SH-NRG-HAR-REH-011-20260831-03,NRG-HAR-REH-011,ndapewa.mbeha.01103,2026-08-31T07:00:00,2026-08-31T21:00:00,till_operator
SH-NRG-HAR-REH-011-20260831-04,NRG-HAR-REH-011,ndapewa.nakale.01104,2026-08-31T07:00:00,2026-08-31T21:00:00,till_operator
SH-NRG-KHA-KTM-007-20260831-01,NRG-KHA-KTM-007,paulus.shikongo.00701,2026-08-31T07:00:00,2026-08-31T21:00:00,till_operator
SH-NRG-KHA-KTM-007-20260831-02,NRG-KHA-KTM-007,paulus.hamutenya.00702,2026-08-31T07:00:00,2026-08-31T21:00:00,till_operator
SH-NRG-KHA-KTM-007-20260831-03,NRG-KHA-KTM-007,paulus.amadhila.00703,2026-08-31T07:00:00,2026-08-31T21:00:00,till_operator
SH-NRG-KHA-KTM-007-20260831-04,NRG-KHA-KTM-007,paulus.nuugulu.00704,2026-08-31T07:00:00,2026-08-31T21:00:00,till_operator
SH-NRG-KHO-WDH-001-20260831-01,NRG-KHO-WDH-001,selma.amadhila.00101,2026-08-31T07:00:00,2026-08-31T21:00:00,till_operator
SH-NRG-KHO-WDH-001-20260831-02,NRG-KHO-WDH-001,selma.nuugulu.00102,2026-08-31T07:00:00,2026-08-31T21:00:00,till_operator
SH-NRG-KHO-WDH-001-20260831-03,NRG-KHO-WDH-001,selma.kavari.00103,2026-08-31T07:00:00,2026-08-31T21:00:00,till_operator
SH-NRG-KHO-WDH-001-20260831-04,NRG-KHO-WDH-001,selma.haufiku.00104,2026-08-31T07:00:00,2026-08-31T21:00:00,till_operator
SH-NRG-KHO-WDH-001-20260831-05,NRG-KHO-WDH-001,selma.mbeha.00105,2026-08-31T07:00:00,2026-08-31T21:00:00,till_operator
SH-NRG-KVE-RUN-005-20260831-01,NRG-KVE-RUN-005,martha.mbeha.00501,2026-08-31T07:00:00,2026-08-31T21:00:00,till_operator
SH-NRG-KVE-RUN-005-20260831-02,NRG-KVE-RUN-005,martha.nakale.00502,2026-08-31T07:00:00,2026-08-31T21:00:00,till_operator
SH-NRG-KVE-RUN-005-20260831-03,NRG-KVE-RUN-005,martha.shikongo.00503,2026-08-31T07:00:00,2026-08-31T21:00:00,till_operator
SH-NRG-KVE-RUN-005-20260831-04,NRG-KVE-RUN-005,martha.hamutenya.00504,2026-08-31T07:00:00,2026-08-31T21:00:00,till_operator
SH-NRG-KVE-RUN-005-20260831-05,NRG-KVE-RUN-005,martha.amadhila.00505,2026-08-31T07:00:00,2026-08-31T21:00:00,till_operator
SH-NRG-OME-GOB-010-20260831-01,NRG-OME-GOB-010,anna.nuugulu.01001,2026-08-31T07:00:00,2026-08-31T21:00:00,till_operator
SH-NRG-OME-GOB-010-20260831-02,NRG-OME-GOB-010,anna.kavari.01002,2026-08-31T07:00:00,2026-08-31T21:00:00,till_operator
SH-NRG-OME-GOB-010-20260831-03,NRG-OME-GOB-010,anna.haufiku.01003,2026-08-31T07:00:00,2026-08-31T21:00:00,till_operator
SH-NRG-OME-GOB-010-20260831-04,NRG-OME-GOB-010,anna.mbeha.01004,2026-08-31T07:00:00,2026-08-31T21:00:00,till_operator
SH-NRG-OSA-OND-012-20260831-01,NRG-OSA-OND-012,petrus.haufiku.01201,2026-08-31T07:00:00,2026-08-31T21:00:00,till_operator
SH-NRG-OSA-OND-012-20260831-02,NRG-OSA-OND-012,petrus.mbeha.01202,2026-08-31T07:00:00,2026-08-31T21:00:00,till_operator
SH-NRG-OSA-OND-012-20260831-03,NRG-OSA-OND-012,petrus.nakale.01203,2026-08-31T07:00:00,2026-08-31T21:00:00,till_operator
SH-NRG-OSA-OND-012-20260831-04,NRG-OSA-OND-012,petrus.shikongo.01204,2026-08-31T07:00:00,2026-08-31T21:00:00,till_operator
SH-NRG-OSA-OSK-004-20260831-01,NRG-OSA-OSK-004,petrus.haufiku.00401,2026-08-31T07:00:00,2026-08-31T21:00:00,till_operator
SH-NRG-OSA-OSK-004-20260831-02,NRG-OSA-OSK-004,petrus.mbeha.00402,2026-08-31T07:00:00,2026-08-31T21:00:00,till_operator
SH-NRG-OSA-OSK-004-20260831-03,NRG-OSA-OSK-004,petrus.nakale.00403,2026-08-31T07:00:00,2026-08-31T21:00:00,till_operator
SH-NRG-OSA-OSK-004-20260831-04,NRG-OSA-OSK-004,petrus.shikongo.00404,2026-08-31T07:00:00,2026-08-31T21:00:00,till_operator
SH-NRG-OSA-OSK-004-20260831-05,NRG-OSA-OSK-004,petrus.hamutenya.00405,2026-08-31T07:00:00,2026-08-31T21:00:00,till_operator
SH-NRG-OSI-TSU-009-20260831-01,NRG-OSI-TSU-009,selma.amadhila.00901,2026-08-31T07:00:00,2026-08-31T21:00:00,till_operator
SH-NRG-OSI-TSU-009-20260831-02,NRG-OSI-TSU-009,selma.nuugulu.00902,2026-08-31T07:00:00,2026-08-31T21:00:00,till_operator
SH-NRG-OSI-TSU-009-20260831-03,NRG-OSI-TSU-009,selma.kavari.00903,2026-08-31T07:00:00,2026-08-31T21:00:00,till_operator
SH-NRG-OSI-TSU-009-20260831-04,NRG-OSI-TSU-009,selma.haufiku.00904,2026-08-31T07:00:00,2026-08-31T21:00:00,till_operator
SH-NRG-OTJ-OTW-006-20260831-01,NRG-OTJ-OTW-006,nela.nakale.00601,2026-08-31T07:00:00,2026-08-31T21:00:00,till_operator
SH-NRG-OTJ-OTW-006-20260831-02,NRG-OTJ-OTW-006,nela.shikongo.00602,2026-08-31T07:00:00,2026-08-31T21:00:00,till_operator
SH-NRG-OTJ-OTW-006-20260831-03,NRG-OTJ-OTW-006,nela.hamutenya.00603,2026-08-31T07:00:00,2026-08-31T21:00:00,till_operator
SH-NRG-OTJ-OTW-006-20260831-04,NRG-OTJ-OTW-006,nela.amadhila.00604,2026-08-31T07:00:00,2026-08-31T21:00:00,till_operator
SH-NRG-OTJ-OTW-006-20260831-05,NRG-OTJ-OTW-006,nela.nuugulu.00605,2026-08-31T07:00:00,2026-08-31T21:00:00,till_operator
SH-NRG-ZAM-KTM-008-20260831-01,NRG-ZAM-KTM-008,elina.hamutenya.00801,2026-08-31T07:00:00,2026-08-31T21:00:00,till_operator
SH-NRG-ZAM-KTM-008-20260831-02,NRG-ZAM-KTM-008,elina.amadhila.00802,2026-08-31T07:00:00,2026-08-31T21:00:00,till_operator
SH-NRG-ZAM-KTM-008-20260831-03,NRG-ZAM-KTM-008,elina.nuugulu.00803,2026-08-31T07:00:00,2026-08-31T21:00:00,till_operator
SH-NRG-ZAM-KTM-008-20260831-04,NRG-ZAM-KTM-008,elina.kavari.00804,2026-08-31T07:00:00,2026-08-31T21:00:00,till_operator
SH-NRG-ERG-SWK-003-20260901-01,NRG-ERG-SWK-003,ndapewa.kavari.00301,2026-09-01T07:00:00,2026-09-01T21:00:00,till_operator
SH-NRG-ERG-SWK-003-20260901-02,NRG-ERG-SWK-003,ndapewa.haufiku.00302,2026-09-01T07:00:00,2026-09-01T21:00:00,till_operator
SH-NRG-ERG-SWK-003-20260901-03,NRG-ERG-SWK-003,ndapewa.mbeha.00303,2026-09-01T07:00:00,2026-09-01T21:00:00,till_operator
SH-NRG-ERG-SWK-003-20260901-04,NRG-ERG-SWK-003,ndapewa.nakale.00304,2026-09-01T07:00:00,2026-09-01T21:00:00,till_operator
SH-NRG-ERG-SWK-003-20260901-05,NRG-ERG-SWK-003,ndapewa.shikongo.00305,2026-09-01T07:00:00,2026-09-01T21:00:00,till_operator
SH-NRG-ERG-WVB-002-20260901-01,NRG-ERG-WVB-002,anna.nuugulu.00201,2026-09-01T07:00:00,2026-09-01T21:00:00,till_operator
SH-NRG-ERG-WVB-002-20260901-02,NRG-ERG-WVB-002,anna.kavari.00202,2026-09-01T07:00:00,2026-09-01T21:00:00,till_operator
SH-NRG-ERG-WVB-002-20260901-03,NRG-ERG-WVB-002,anna.haufiku.00203,2026-09-01T07:00:00,2026-09-01T21:00:00,till_operator
SH-NRG-ERG-WVB-002-20260901-04,NRG-ERG-WVB-002,anna.mbeha.00204,2026-09-01T07:00:00,2026-09-01T21:00:00,till_operator
SH-NRG-ERG-WVB-002-20260901-05,NRG-ERG-WVB-002,anna.nakale.00205,2026-09-01T07:00:00,2026-09-01T21:00:00,till_operator
SH-NRG-HAR-REH-011-20260901-01,NRG-HAR-REH-011,ndapewa.kavari.01101,2026-09-01T07:00:00,2026-09-01T21:00:00,till_operator
SH-NRG-HAR-REH-011-20260901-02,NRG-HAR-REH-011,ndapewa.haufiku.01102,2026-09-01T07:00:00,2026-09-01T21:00:00,till_operator
SH-NRG-HAR-REH-011-20260901-03,NRG-HAR-REH-011,ndapewa.mbeha.01103,2026-09-01T07:00:00,2026-09-01T21:00:00,till_operator
SH-NRG-HAR-REH-011-20260901-04,NRG-HAR-REH-011,ndapewa.nakale.01104,2026-09-01T07:00:00,2026-09-01T21:00:00,till_operator
SH-NRG-KHA-KTM-007-20260901-01,NRG-KHA-KTM-007,paulus.shikongo.00701,2026-09-01T07:00:00,2026-09-01T21:00:00,till_operator
SH-NRG-KHA-KTM-007-20260901-02,NRG-KHA-KTM-007,paulus.hamutenya.00702,2026-09-01T07:00:00,2026-09-01T21:00:00,till_operator
SH-NRG-KHA-KTM-007-20260901-03,NRG-KHA-KTM-007,paulus.amadhila.00703,2026-09-01T07:00:00,2026-09-01T21:00:00,till_operator
SH-NRG-KHA-KTM-007-20260901-04,NRG-KHA-KTM-007,paulus.nuugulu.00704,2026-09-01T07:00:00,2026-09-01T21:00:00,till_operator
SH-NRG-KHO-WDH-001-20260901-01,NRG-KHO-WDH-001,selma.amadhila.00101,2026-09-01T07:00:00,2026-09-01T21:00:00,till_operator
SH-NRG-KHO-WDH-001-20260901-02,NRG-KHO-WDH-001,selma.nuugulu.00102,2026-09-01T07:00:00,2026-09-01T21:00:00,till_operator
SH-NRG-KHO-WDH-001-20260901-03,NRG-KHO-WDH-001,selma.kavari.00103,2026-09-01T07:00:00,2026-09-01T21:00:00,till_operator
SH-NRG-KHO-WDH-001-20260901-04,NRG-KHO-WDH-001,selma.haufiku.00104,2026-09-01T07:00:00,2026-09-01T21:00:00,till_operator
SH-NRG-KHO-WDH-001-20260901-05,NRG-KHO-WDH-001,selma.mbeha.00105,2026-09-01T07:00:00,2026-09-01T21:00:00,till_operator
SH-NRG-KVE-RUN-005-20260901-01,NRG-KVE-RUN-005,martha.mbeha.00501,2026-09-01T07:00:00,2026-09-01T21:00:00,till_operator
SH-NRG-KVE-RUN-005-20260901-02,NRG-KVE-RUN-005,martha.nakale.00502,2026-09-01T07:00:00,2026-09-01T21:00:00,till_operator
SH-NRG-KVE-RUN-005-20260901-03,NRG-KVE-RUN-005,martha.shikongo.00503,2026-09-01T07:00:00,2026-09-01T21:00:00,till_operator
SH-NRG-KVE-RUN-005-20260901-04,NRG-KVE-RUN-005,martha.hamutenya.00504,2026-09-01T07:00:00,2026-09-01T21:00:00,till_operator
SH-NRG-KVE-RUN-005-20260901-05,NRG-KVE-RUN-005,martha.amadhila.00505,2026-09-01T07:00:00,2026-09-01T21:00:00,till_operator
SH-NRG-OME-GOB-010-20260901-01,NRG-OME-GOB-010,anna.nuugulu.01001,2026-09-01T07:00:00,2026-09-01T21:00:00,till_operator
SH-NRG-OME-GOB-010-20260901-02,NRG-OME-GOB-010,anna.kavari.01002,2026-09-01T07:00:00,2026-09-01T21:00:00,till_operator
SH-NRG-OME-GOB-010-20260901-03,NRG-OME-GOB-010,anna.haufiku.01003,2026-09-01T07:00:00,2026-09-01T21:00:00,till_operator
SH-NRG-OME-GOB-010-20260901-04,NRG-OME-GOB-010,anna.mbeha.01004,2026-09-01T07:00:00,2026-09-01T21:00:00,till_operator
SH-NRG-OSA-OND-012-20260901-01,NRG-OSA-OND-012,petrus.haufiku.01201,2026-09-01T07:00:00,2026-09-01T21:00:00,till_operator
SH-NRG-OSA-OND-012-20260901-02,NRG-OSA-OND-012,petrus.mbeha.01202,2026-09-01T07:00:00,2026-09-01T21:00:00,till_operator
SH-NRG-OSA-OND-012-20260901-03,NRG-OSA-OND-012,petrus.nakale.01203,2026-09-01T07:00:00,2026-09-01T21:00:00,till_operator
SH-NRG-OSA-OND-012-20260901-04,NRG-OSA-OND-012,petrus.shikongo.01204,2026-09-01T07:00:00,2026-09-01T21:00:00,till_operator
SH-NRG-OSA-OSK-004-20260901-01,NRG-OSA-OSK-004,petrus.haufiku.00401,2026-09-01T07:00:00,2026-09-01T21:00:00,till_operator
SH-NRG-OSA-OSK-004-20260901-02,NRG-OSA-OSK-004,petrus.mbeha.00402,2026-09-01T07:00:00,2026-09-01T21:00:00,till_operator
SH-NRG-OSA-OSK-004-20260901-03,NRG-OSA-OSK-004,petrus.nakale.00403,2026-09-01T07:00:00,2026-09-01T21:00:00,till_operator
SH-NRG-OSA-OSK-004-20260901-04,NRG-OSA-OSK-004,petrus.shikongo.00404,2026-09-01T07:00:00,2026-09-01T21:00:00,till_operator
SH-NRG-OSA-OSK-004-20260901-05,NRG-OSA-OSK-004,petrus.hamutenya.00405,2026-09-01T07:00:00,2026-09-01T21:00:00,till_operator
SH-NRG-OSI-TSU-009-20260901-01,NRG-OSI-TSU-009,selma.amadhila.00901,2026-09-01T07:00:00,2026-09-01T21:00:00,till_operator
SH-NRG-OSI-TSU-009-20260901-02,NRG-OSI-TSU-009,selma.nuugulu.00902,2026-09-01T07:00:00,2026-09-01T21:00:00,till_operator
SH-NRG-OSI-TSU-009-20260901-03,NRG-OSI-TSU-009,selma.kavari.00903,2026-09-01T07:00:00,2026-09-01T21:00:00,till_operator
SH-NRG-OSI-TSU-009-20260901-04,NRG-OSI-TSU-009,selma.haufiku.00904,2026-09-01T07:00:00,2026-09-01T21:00:00,till_operator
SH-NRG-OTJ-OTW-006-20260901-01,NRG-OTJ-OTW-006,nela.nakale.00601,2026-09-01T07:00:00,2026-09-01T21:00:00,till_operator
SH-NRG-OTJ-OTW-006-20260901-02,NRG-OTJ-OTW-006,nela.shikongo.00602,2026-09-01T07:00:00,2026-09-01T21:00:00,till_operator
SH-NRG-OTJ-OTW-006-20260901-03,NRG-OTJ-OTW-006,nela.hamutenya.00603,2026-09-01T07:00:00,2026-09-01T21:00:00,till_operator
SH-NRG-OTJ-OTW-006-20260901-04,NRG-OTJ-OTW-006,nela.amadhila.00604,2026-09-01T07:00:00,2026-09-01T21:00:00,till_operator
SH-NRG-OTJ-OTW-006-20260901-05,NRG-OTJ-OTW-006,nela.nuugulu.00605,2026-09-01T07:00:00,2026-09-01T21:00:00,till_operator
SH-NRG-ZAM-KTM-008-20260901-01,NRG-ZAM-KTM-008,elina.hamutenya.00801,2026-09-01T07:00:00,2026-09-01T21:00:00,till_operator
SH-NRG-ZAM-KTM-008-20260901-02,NRG-ZAM-KTM-008,elina.amadhila.00802,2026-09-01T07:00:00,2026-09-01T21:00:00,till_operator
SH-NRG-ZAM-KTM-008-20260901-03,NRG-ZAM-KTM-008,elina.nuugulu.00803,2026-09-01T07:00:00,2026-09-01T21:00:00,till_operator
SH-NRG-ZAM-KTM-008-20260901-04,NRG-ZAM-KTM-008,elina.kavari.00804,2026-09-01T07:00:00,2026-09-01T21:00:00,till_operator
SH-NRG-ERG-SWK-003-20260902-01,NRG-ERG-SWK-003,ndapewa.kavari.00301,2026-09-02T07:00:00,2026-09-02T21:00:00,till_operator
SH-NRG-ERG-SWK-003-20260902-02,NRG-ERG-SWK-003,ndapewa.haufiku.00302,2026-09-02T07:00:00,2026-09-02T21:00:00,till_operator
SH-NRG-ERG-SWK-003-20260902-03,NRG-ERG-SWK-003,ndapewa.mbeha.00303,2026-09-02T07:00:00,2026-09-02T21:00:00,till_operator
SH-NRG-ERG-SWK-003-20260902-04,NRG-ERG-SWK-003,ndapewa.nakale.00304,2026-09-02T07:00:00,2026-09-02T21:00:00,till_operator
SH-NRG-ERG-SWK-003-20260902-05,NRG-ERG-SWK-003,ndapewa.shikongo.00305,2026-09-02T07:00:00,2026-09-02T21:00:00,till_operator
SH-NRG-ERG-WVB-002-20260902-01,NRG-ERG-WVB-002,anna.nuugulu.00201,2026-09-02T07:00:00,2026-09-02T21:00:00,till_operator
SH-NRG-ERG-WVB-002-20260902-02,NRG-ERG-WVB-002,anna.kavari.00202,2026-09-02T07:00:00,2026-09-02T21:00:00,till_operator
SH-NRG-ERG-WVB-002-20260902-03,NRG-ERG-WVB-002,anna.haufiku.00203,2026-09-02T07:00:00,2026-09-02T21:00:00,till_operator
SH-NRG-ERG-WVB-002-20260902-04,NRG-ERG-WVB-002,anna.mbeha.00204,2026-09-02T07:00:00,2026-09-02T21:00:00,till_operator
SH-NRG-ERG-WVB-002-20260902-05,NRG-ERG-WVB-002,anna.nakale.00205,2026-09-02T07:00:00,2026-09-02T21:00:00,till_operator
SH-NRG-HAR-REH-011-20260902-01,NRG-HAR-REH-011,ndapewa.kavari.01101,2026-09-02T07:00:00,2026-09-02T21:00:00,till_operator
SH-NRG-HAR-REH-011-20260902-02,NRG-HAR-REH-011,ndapewa.haufiku.01102,2026-09-02T07:00:00,2026-09-02T21:00:00,till_operator
SH-NRG-HAR-REH-011-20260902-03,NRG-HAR-REH-011,ndapewa.mbeha.01103,2026-09-02T07:00:00,2026-09-02T21:00:00,till_operator
SH-NRG-HAR-REH-011-20260902-04,NRG-HAR-REH-011,ndapewa.nakale.01104,2026-09-02T07:00:00,2026-09-02T21:00:00,till_operator
SH-NRG-KHA-KTM-007-20260902-01,NRG-KHA-KTM-007,paulus.shikongo.00701,2026-09-02T07:00:00,2026-09-02T21:00:00,till_operator
SH-NRG-KHA-KTM-007-20260902-02,NRG-KHA-KTM-007,paulus.hamutenya.00702,2026-09-02T07:00:00,2026-09-02T21:00:00,till_operator
SH-NRG-KHA-KTM-007-20260902-03,NRG-KHA-KTM-007,paulus.amadhila.00703,2026-09-02T07:00:00,2026-09-02T21:00:00,till_operator
SH-NRG-KHA-KTM-007-20260902-04,NRG-KHA-KTM-007,paulus.nuugulu.00704,2026-09-02T07:00:00,2026-09-02T21:00:00,till_operator
SH-NRG-KHO-WDH-001-20260902-01,NRG-KHO-WDH-001,selma.amadhila.00101,2026-09-02T07:00:00,2026-09-02T21:00:00,till_operator
SH-NRG-KHO-WDH-001-20260902-02,NRG-KHO-WDH-001,selma.nuugulu.00102,2026-09-02T07:00:00,2026-09-02T21:00:00,till_operator
SH-NRG-KHO-WDH-001-20260902-03,NRG-KHO-WDH-001,selma.kavari.00103,2026-09-02T07:00:00,2026-09-02T21:00:00,till_operator
SH-NRG-KHO-WDH-001-20260902-04,NRG-KHO-WDH-001,selma.haufiku.00104,2026-09-02T07:00:00,2026-09-02T21:00:00,till_operator
SH-NRG-KHO-WDH-001-20260902-05,NRG-KHO-WDH-001,selma.mbeha.00105,2026-09-02T07:00:00,2026-09-02T21:00:00,till_operator
SH-NRG-KVE-RUN-005-20260902-01,NRG-KVE-RUN-005,martha.mbeha.00501,2026-09-02T07:00:00,2026-09-02T21:00:00,till_operator
SH-NRG-KVE-RUN-005-20260902-02,NRG-KVE-RUN-005,martha.nakale.00502,2026-09-02T07:00:00,2026-09-02T21:00:00,till_operator
SH-NRG-KVE-RUN-005-20260902-03,NRG-KVE-RUN-005,martha.shikongo.00503,2026-09-02T07:00:00,2026-09-02T21:00:00,till_operator
SH-NRG-KVE-RUN-005-20260902-04,NRG-KVE-RUN-005,martha.hamutenya.00504,2026-09-02T07:00:00,2026-09-02T21:00:00,till_operator
SH-NRG-KVE-RUN-005-20260902-05,NRG-KVE-RUN-005,martha.amadhila.00505,2026-09-02T07:00:00,2026-09-02T21:00:00,till_operator
SH-NRG-OME-GOB-010-20260902-01,NRG-OME-GOB-010,anna.nuugulu.01001,2026-09-02T07:00:00,2026-09-02T21:00:00,till_operator
SH-NRG-OME-GOB-010-20260902-02,NRG-OME-GOB-010,anna.kavari.01002,2026-09-02T07:00:00,2026-09-02T21:00:00,till_operator
SH-NRG-OME-GOB-010-20260902-03,NRG-OME-GOB-010,anna.haufiku.01003,2026-09-02T07:00:00,2026-09-02T21:00:00,till_operator
SH-NRG-OME-GOB-010-20260902-04,NRG-OME-GOB-010,anna.mbeha.01004,2026-09-02T07:00:00,2026-09-02T21:00:00,till_operator
SH-NRG-OSA-OND-012-20260902-01,NRG-OSA-OND-012,petrus.haufiku.01201,2026-09-02T07:00:00,2026-09-02T21:00:00,till_operator
SH-NRG-OSA-OND-012-20260902-02,NRG-OSA-OND-012,petrus.mbeha.01202,2026-09-02T07:00:00,2026-09-02T21:00:00,till_operator
SH-NRG-OSA-OND-012-20260902-03,NRG-OSA-OND-012,petrus.nakale.01203,2026-09-02T07:00:00,2026-09-02T21:00:00,till_operator
SH-NRG-OSA-OND-012-20260902-04,NRG-OSA-OND-012,petrus.shikongo.01204,2026-09-02T07:00:00,2026-09-02T21:00:00,till_operator
SH-NRG-OSA-OSK-004-20260902-01,NRG-OSA-OSK-004,petrus.haufiku.00401,2026-09-02T07:00:00,2026-09-02T21:00:00,till_operator
SH-NRG-OSA-OSK-004-20260902-02,NRG-OSA-OSK-004,petrus.mbeha.00402,2026-09-02T07:00:00,2026-09-02T21:00:00,till_operator
SH-NRG-OSA-OSK-004-20260902-03,NRG-OSA-OSK-004,petrus.nakale.00403,2026-09-02T07:00:00,2026-09-02T21:00:00,till_operator
SH-NRG-OSA-OSK-004-20260902-04,NRG-OSA-OSK-004,petrus.shikongo.00404,2026-09-02T07:00:00,2026-09-02T21:00:00,till_operator
SH-NRG-OSA-OSK-004-20260902-05,NRG-OSA-OSK-004,petrus.hamutenya.00405,2026-09-02T07:00:00,2026-09-02T21:00:00,till_operator
SH-NRG-OSI-TSU-009-20260902-01,NRG-OSI-TSU-009,selma.amadhila.00901,2026-09-02T07:00:00,2026-09-02T21:00:00,till_operator
SH-NRG-OSI-TSU-009-20260902-02,NRG-OSI-TSU-009,selma.nuugulu.00902,2026-09-02T07:00:00,2026-09-02T21:00:00,till_operator
SH-NRG-OSI-TSU-009-20260902-03,NRG-OSI-TSU-009,selma.kavari.00903,2026-09-02T07:00:00,2026-09-02T21:00:00,till_operator
SH-NRG-OSI-TSU-009-20260902-04,NRG-OSI-TSU-009,selma.haufiku.00904,2026-09-02T07:00:00,2026-09-02T21:00:00,till_operator
SH-NRG-OTJ-OTW-006-20260902-01,NRG-OTJ-OTW-006,nela.nakale.00601,2026-09-02T07:00:00,2026-09-02T21:00:00,till_operator
SH-NRG-OTJ-OTW-006-20260902-02,NRG-OTJ-OTW-006,nela.shikongo.00602,2026-09-02T07:00:00,2026-09-02T21:00:00,till_operator
SH-NRG-OTJ-OTW-006-20260902-03,NRG-OTJ-OTW-006,nela.hamutenya.00603,2026-09-02T07:00:00,2026-09-02T21:00:00,till_operator
SH-NRG-OTJ-OTW-006-20260902-04,NRG-OTJ-OTW-006,nela.amadhila.00604,2026-09-02T07:00:00,2026-09-02T21:00:00,till_operator
SH-NRG-OTJ-OTW-006-20260902-05,NRG-OTJ-OTW-006,nela.nuugulu.00605,2026-09-02T07:00:00,2026-09-02T21:00:00,till_operator
SH-NRG-ZAM-KTM-008-20260902-01,NRG-ZAM-KTM-008,elina.hamutenya.00801,2026-09-02T07:00:00,2026-09-02T21:00:00,till_operator
SH-NRG-ZAM-KTM-008-20260902-02,NRG-ZAM-KTM-008,elina.amadhila.00802,2026-09-02T07:00:00,2026-09-02T21:00:00,till_operator
SH-NRG-ZAM-KTM-008-20260902-03,NRG-ZAM-KTM-008,elina.nuugulu.00803,2026-09-02T07:00:00,2026-09-02T21:00:00,till_operator
SH-NRG-ZAM-KTM-008-20260902-04,NRG-ZAM-KTM-008,elina.kavari.00804,2026-09-02T07:00:00,2026-09-02T21:00:00,till_operator
SH-NRG-ERG-SWK-003-20260903-01,NRG-ERG-SWK-003,ndapewa.kavari.00301,2026-09-03T07:00:00,2026-09-03T21:00:00,till_operator
SH-NRG-ERG-SWK-003-20260903-02,NRG-ERG-SWK-003,ndapewa.haufiku.00302,2026-09-03T07:00:00,2026-09-03T21:00:00,till_operator
SH-NRG-ERG-SWK-003-20260903-03,NRG-ERG-SWK-003,ndapewa.mbeha.00303,2026-09-03T07:00:00,2026-09-03T21:00:00,till_operator
SH-NRG-ERG-SWK-003-20260903-04,NRG-ERG-SWK-003,ndapewa.nakale.00304,2026-09-03T07:00:00,2026-09-03T21:00:00,till_operator
SH-NRG-ERG-SWK-003-20260903-05,NRG-ERG-SWK-003,ndapewa.shikongo.00305,2026-09-03T07:00:00,2026-09-03T21:00:00,till_operator
SH-NRG-ERG-WVB-002-20260903-01,NRG-ERG-WVB-002,anna.nuugulu.00201,2026-09-03T07:00:00,2026-09-03T21:00:00,till_operator
SH-NRG-ERG-WVB-002-20260903-02,NRG-ERG-WVB-002,anna.kavari.00202,2026-09-03T07:00:00,2026-09-03T21:00:00,till_operator
SH-NRG-ERG-WVB-002-20260903-03,NRG-ERG-WVB-002,anna.haufiku.00203,2026-09-03T07:00:00,2026-09-03T21:00:00,till_operator
SH-NRG-ERG-WVB-002-20260903-04,NRG-ERG-WVB-002,anna.mbeha.00204,2026-09-03T07:00:00,2026-09-03T21:00:00,till_operator
SH-NRG-ERG-WVB-002-20260903-05,NRG-ERG-WVB-002,anna.nakale.00205,2026-09-03T07:00:00,2026-09-03T21:00:00,till_operator
SH-NRG-HAR-REH-011-20260903-01,NRG-HAR-REH-011,ndapewa.kavari.01101,2026-09-03T07:00:00,2026-09-03T21:00:00,till_operator
SH-NRG-HAR-REH-011-20260903-02,NRG-HAR-REH-011,ndapewa.haufiku.01102,2026-09-03T07:00:00,2026-09-03T21:00:00,till_operator
SH-NRG-HAR-REH-011-20260903-03,NRG-HAR-REH-011,ndapewa.mbeha.01103,2026-09-03T07:00:00,2026-09-03T21:00:00,till_operator
SH-NRG-HAR-REH-011-20260903-04,NRG-HAR-REH-011,ndapewa.nakale.01104,2026-09-03T07:00:00,2026-09-03T21:00:00,till_operator
SH-NRG-KHA-KTM-007-20260903-01,NRG-KHA-KTM-007,paulus.shikongo.00701,2026-09-03T07:00:00,2026-09-03T21:00:00,till_operator
SH-NRG-KHA-KTM-007-20260903-02,NRG-KHA-KTM-007,paulus.hamutenya.00702,2026-09-03T07:00:00,2026-09-03T21:00:00,till_operator
SH-NRG-KHA-KTM-007-20260903-03,NRG-KHA-KTM-007,paulus.amadhila.00703,2026-09-03T07:00:00,2026-09-03T21:00:00,till_operator
SH-NRG-KHA-KTM-007-20260903-04,NRG-KHA-KTM-007,paulus.nuugulu.00704,2026-09-03T07:00:00,2026-09-03T21:00:00,till_operator
SH-NRG-KHO-WDH-001-20260903-01,NRG-KHO-WDH-001,selma.amadhila.00101,2026-09-03T07:00:00,2026-09-03T21:00:00,till_operator
SH-NRG-KHO-WDH-001-20260903-02,NRG-KHO-WDH-001,selma.nuugulu.00102,2026-09-03T07:00:00,2026-09-03T21:00:00,till_operator
SH-NRG-KHO-WDH-001-20260903-03,NRG-KHO-WDH-001,selma.kavari.00103,2026-09-03T07:00:00,2026-09-03T21:00:00,till_operator
SH-NRG-KHO-WDH-001-20260903-04,NRG-KHO-WDH-001,selma.haufiku.00104,2026-09-03T07:00:00,2026-09-03T21:00:00,till_operator
SH-NRG-KHO-WDH-001-20260903-05,NRG-KHO-WDH-001,selma.mbeha.00105,2026-09-03T07:00:00,2026-09-03T21:00:00,till_operator
SH-NRG-KVE-RUN-005-20260903-01,NRG-KVE-RUN-005,martha.mbeha.00501,2026-09-03T07:00:00,2026-09-03T21:00:00,till_operator
SH-NRG-KVE-RUN-005-20260903-02,NRG-KVE-RUN-005,martha.nakale.00502,2026-09-03T07:00:00,2026-09-03T21:00:00,till_operator
SH-NRG-KVE-RUN-005-20260903-03,NRG-KVE-RUN-005,martha.shikongo.00503,2026-09-03T07:00:00,2026-09-03T21:00:00,till_operator
SH-NRG-KVE-RUN-005-20260903-04,NRG-KVE-RUN-005,martha.hamutenya.00504,2026-09-03T07:00:00,2026-09-03T21:00:00,till_operator
SH-NRG-KVE-RUN-005-20260903-05,NRG-KVE-RUN-005,martha.amadhila.00505,2026-09-03T07:00:00,2026-09-03T21:00:00,till_operator
SH-NRG-OME-GOB-010-20260903-01,NRG-OME-GOB-010,anna.nuugulu.01001,2026-09-03T07:00:00,2026-09-03T21:00:00,till_operator
SH-NRG-OME-GOB-010-20260903-02,NRG-OME-GOB-010,anna.kavari.01002,2026-09-03T07:00:00,2026-09-03T21:00:00,till_operator
SH-NRG-OME-GOB-010-20260903-03,NRG-OME-GOB-010,anna.haufiku.01003,2026-09-03T07:00:00,2026-09-03T21:00:00,till_operator
SH-NRG-OME-GOB-010-20260903-04,NRG-OME-GOB-010,anna.mbeha.01004,2026-09-03T07:00:00,2026-09-03T21:00:00,till_operator
SH-NRG-OSA-OND-012-20260903-01,NRG-OSA-OND-012,petrus.haufiku.01201,2026-09-03T07:00:00,2026-09-03T21:00:00,till_operator
SH-NRG-OSA-OND-012-20260903-02,NRG-OSA-OND-012,petrus.mbeha.01202,2026-09-03T07:00:00,2026-09-03T21:00:00,till_operator
SH-NRG-OSA-OND-012-20260903-03,NRG-OSA-OND-012,petrus.nakale.01203,2026-09-03T07:00:00,2026-09-03T21:00:00,till_operator
SH-NRG-OSA-OND-012-20260903-04,NRG-OSA-OND-012,petrus.shikongo.01204,2026-09-03T07:00:00,2026-09-03T21:00:00,till_operator
SH-NRG-OSA-OSK-004-20260903-01,NRG-OSA-OSK-004,petrus.haufiku.00401,2026-09-03T07:00:00,2026-09-03T21:00:00,till_operator
SH-NRG-OSA-OSK-004-20260903-02,NRG-OSA-OSK-004,petrus.mbeha.00402,2026-09-03T07:00:00,2026-09-03T21:00:00,till_operator
SH-NRG-OSA-OSK-004-20260903-03,NRG-OSA-OSK-004,petrus.nakale.00403,2026-09-03T07:00:00,2026-09-03T21:00:00,till_operator
SH-NRG-OSA-OSK-004-20260903-04,NRG-OSA-OSK-004,petrus.shikongo.00404,2026-09-03T07:00:00,2026-09-03T21:00:00,till_operator
SH-NRG-OSA-OSK-004-20260903-05,NRG-OSA-OSK-004,petrus.hamutenya.00405,2026-09-03T07:00:00,2026-09-03T21:00:00,till_operator
SH-NRG-OSI-TSU-009-20260903-01,NRG-OSI-TSU-009,selma.amadhila.00901,2026-09-03T07:00:00,2026-09-03T21:00:00,till_operator
SH-NRG-OSI-TSU-009-20260903-02,NRG-OSI-TSU-009,selma.nuugulu.00902,2026-09-03T07:00:00,2026-09-03T21:00:00,till_operator
SH-NRG-OSI-TSU-009-20260903-03,NRG-OSI-TSU-009,selma.kavari.00903,2026-09-03T07:00:00,2026-09-03T21:00:00,till_operator
SH-NRG-OSI-TSU-009-20260903-04,NRG-OSI-TSU-009,selma.haufiku.00904,2026-09-03T07:00:00,2026-09-03T21:00:00,till_operator
SH-NRG-OTJ-OTW-006-20260903-01,NRG-OTJ-OTW-006,nela.nakale.00601,2026-09-03T07:00:00,2026-09-03T21:00:00,till_operator
SH-NRG-OTJ-OTW-006-20260903-02,NRG-OTJ-OTW-006,nela.shikongo.00602,2026-09-03T07:00:00,2026-09-03T21:00:00,till_operator
SH-NRG-OTJ-OTW-006-20260903-03,NRG-OTJ-OTW-006,nela.hamutenya.00603,2026-09-03T07:00:00,2026-09-03T21:00:00,till_operator
SH-NRG-OTJ-OTW-006-20260903-04,NRG-OTJ-OTW-006,nela.amadhila.00604,2026-09-03T07:00:00,2026-09-03T21:00:00,till_operator
SH-NRG-OTJ-OTW-006-20260903-05,NRG-OTJ-OTW-006,nela.nuugulu.00605,2026-09-03T07:00:00,2026-09-03T21:00:00,till_operator
SH-NRG-ZAM-KTM-008-20260903-01,NRG-ZAM-KTM-008,elina.hamutenya.00801,2026-09-03T07:00:00,2026-09-03T21:00:00,till_operator
SH-NRG-ZAM-KTM-008-20260903-02,NRG-ZAM-KTM-008,elina.amadhila.00802,2026-09-03T07:00:00,2026-09-03T21:00:00,till_operator
SH-NRG-ZAM-KTM-008-20260903-03,NRG-ZAM-KTM-008,elina.nuugulu.00803,2026-09-03T07:00:00,2026-09-03T21:00:00,till_operator
SH-NRG-ZAM-KTM-008-20260903-04,NRG-ZAM-KTM-008,elina.kavari.00804,2026-09-03T07:00:00,2026-09-03T21:00:00,till_operator
SH-NRG-ERG-SWK-003-20260904-01,NRG-ERG-SWK-003,ndapewa.kavari.00301,2026-09-04T07:00:00,2026-09-04T21:00:00,till_operator
SH-NRG-ERG-SWK-003-20260904-02,NRG-ERG-SWK-003,ndapewa.haufiku.00302,2026-09-04T07:00:00,2026-09-04T21:00:00,till_operator
SH-NRG-ERG-SWK-003-20260904-03,NRG-ERG-SWK-003,ndapewa.mbeha.00303,2026-09-04T07:00:00,2026-09-04T21:00:00,till_operator
SH-NRG-ERG-SWK-003-20260904-04,NRG-ERG-SWK-003,ndapewa.nakale.00304,2026-09-04T07:00:00,2026-09-04T21:00:00,till_operator
SH-NRG-ERG-SWK-003-20260904-05,NRG-ERG-SWK-003,ndapewa.shikongo.00305,2026-09-04T07:00:00,2026-09-04T21:00:00,till_operator
SH-NRG-ERG-WVB-002-20260904-01,NRG-ERG-WVB-002,anna.nuugulu.00201,2026-09-04T07:00:00,2026-09-04T21:00:00,till_operator
SH-NRG-ERG-WVB-002-20260904-02,NRG-ERG-WVB-002,anna.kavari.00202,2026-09-04T07:00:00,2026-09-04T21:00:00,till_operator
SH-NRG-ERG-WVB-002-20260904-03,NRG-ERG-WVB-002,anna.haufiku.00203,2026-09-04T07:00:00,2026-09-04T21:00:00,till_operator
SH-NRG-ERG-WVB-002-20260904-04,NRG-ERG-WVB-002,anna.mbeha.00204,2026-09-04T07:00:00,2026-09-04T21:00:00,till_operator
SH-NRG-ERG-WVB-002-20260904-05,NRG-ERG-WVB-002,anna.nakale.00205,2026-09-04T07:00:00,2026-09-04T21:00:00,till_operator
SH-NRG-HAR-REH-011-20260904-01,NRG-HAR-REH-011,ndapewa.kavari.01101,2026-09-04T07:00:00,2026-09-04T21:00:00,till_operator
SH-NRG-HAR-REH-011-20260904-02,NRG-HAR-REH-011,ndapewa.haufiku.01102,2026-09-04T07:00:00,2026-09-04T21:00:00,till_operator
SH-NRG-HAR-REH-011-20260904-03,NRG-HAR-REH-011,ndapewa.mbeha.01103,2026-09-04T07:00:00,2026-09-04T21:00:00,till_operator
SH-NRG-HAR-REH-011-20260904-04,NRG-HAR-REH-011,ndapewa.nakale.01104,2026-09-04T07:00:00,2026-09-04T21:00:00,till_operator
SH-NRG-KHA-KTM-007-20260904-01,NRG-KHA-KTM-007,paulus.shikongo.00701,2026-09-04T07:00:00,2026-09-04T21:00:00,till_operator
SH-NRG-KHA-KTM-007-20260904-02,NRG-KHA-KTM-007,paulus.hamutenya.00702,2026-09-04T07:00:00,2026-09-04T21:00:00,till_operator
SH-NRG-KHA-KTM-007-20260904-03,NRG-KHA-KTM-007,paulus.amadhila.00703,2026-09-04T07:00:00,2026-09-04T21:00:00,till_operator
SH-NRG-KHA-KTM-007-20260904-04,NRG-KHA-KTM-007,paulus.nuugulu.00704,2026-09-04T07:00:00,2026-09-04T21:00:00,till_operator
SH-NRG-KHO-WDH-001-20260904-01,NRG-KHO-WDH-001,selma.amadhila.00101,2026-09-04T07:00:00,2026-09-04T21:00:00,till_operator
SH-NRG-KHO-WDH-001-20260904-02,NRG-KHO-WDH-001,selma.nuugulu.00102,2026-09-04T07:00:00,2026-09-04T21:00:00,till_operator
SH-NRG-KHO-WDH-001-20260904-03,NRG-KHO-WDH-001,selma.kavari.00103,2026-09-04T07:00:00,2026-09-04T21:00:00,till_operator
SH-NRG-KHO-WDH-001-20260904-04,NRG-KHO-WDH-001,selma.haufiku.00104,2026-09-04T07:00:00,2026-09-04T21:00:00,till_operator
SH-NRG-KHO-WDH-001-20260904-05,NRG-KHO-WDH-001,selma.mbeha.00105,2026-09-04T07:00:00,2026-09-04T21:00:00,till_operator
SH-NRG-KVE-RUN-005-20260904-01,NRG-KVE-RUN-005,martha.mbeha.00501,2026-09-04T07:00:00,2026-09-04T21:00:00,till_operator
SH-NRG-KVE-RUN-005-20260904-02,NRG-KVE-RUN-005,martha.nakale.00502,2026-09-04T07:00:00,2026-09-04T21:00:00,till_operator
SH-NRG-KVE-RUN-005-20260904-03,NRG-KVE-RUN-005,martha.shikongo.00503,2026-09-04T07:00:00,2026-09-04T21:00:00,till_operator
SH-NRG-KVE-RUN-005-20260904-04,NRG-KVE-RUN-005,martha.hamutenya.00504,2026-09-04T07:00:00,2026-09-04T21:00:00,till_operator
SH-NRG-KVE-RUN-005-20260904-05,NRG-KVE-RUN-005,martha.amadhila.00505,2026-09-04T07:00:00,2026-09-04T21:00:00,till_operator
SH-NRG-OME-GOB-010-20260904-01,NRG-OME-GOB-010,anna.nuugulu.01001,2026-09-04T07:00:00,2026-09-04T21:00:00,till_operator
SH-NRG-OME-GOB-010-20260904-02,NRG-OME-GOB-010,anna.kavari.01002,2026-09-04T07:00:00,2026-09-04T21:00:00,till_operator
SH-NRG-OME-GOB-010-20260904-03,NRG-OME-GOB-010,anna.haufiku.01003,2026-09-04T07:00:00,2026-09-04T21:00:00,till_operator
SH-NRG-OME-GOB-010-20260904-04,NRG-OME-GOB-010,anna.mbeha.01004,2026-09-04T07:00:00,2026-09-04T21:00:00,till_operator
SH-NRG-OSA-OND-012-20260904-01,NRG-OSA-OND-012,petrus.haufiku.01201,2026-09-04T07:00:00,2026-09-04T21:00:00,till_operator
SH-NRG-OSA-OND-012-20260904-02,NRG-OSA-OND-012,petrus.mbeha.01202,2026-09-04T07:00:00,2026-09-04T21:00:00,till_operator
SH-NRG-OSA-OND-012-20260904-03,NRG-OSA-OND-012,petrus.nakale.01203,2026-09-04T07:00:00,2026-09-04T21:00:00,till_operator
SH-NRG-OSA-OND-012-20260904-04,NRG-OSA-OND-012,petrus.shikongo.01204,2026-09-04T07:00:00,2026-09-04T21:00:00,till_operator
SH-NRG-OSA-OSK-004-20260904-01,NRG-OSA-OSK-004,petrus.haufiku.00401,2026-09-04T07:00:00,2026-09-04T21:00:00,till_operator
SH-NRG-OSA-OSK-004-20260904-02,NRG-OSA-OSK-004,petrus.mbeha.00402,2026-09-04T07:00:00,2026-09-04T21:00:00,till_operator
SH-NRG-OSA-OSK-004-20260904-03,NRG-OSA-OSK-004,petrus.nakale.00403,2026-09-04T07:00:00,2026-09-04T21:00:00,till_operator
SH-NRG-OSA-OSK-004-20260904-04,NRG-OSA-OSK-004,petrus.shikongo.00404,2026-09-04T07:00:00,2026-09-04T21:00:00,till_operator
SH-NRG-OSA-OSK-004-20260904-05,NRG-OSA-OSK-004,petrus.hamutenya.00405,2026-09-04T07:00:00,2026-09-04T21:00:00,till_operator
SH-NRG-OSI-TSU-009-20260904-01,NRG-OSI-TSU-009,selma.amadhila.00901,2026-09-04T07:00:00,2026-09-04T21:00:00,till_operator
SH-NRG-OSI-TSU-009-20260904-02,NRG-OSI-TSU-009,selma.nuugulu.00902,2026-09-04T07:00:00,2026-09-04T21:00:00,till_operator
SH-NRG-OSI-TSU-009-20260904-03,NRG-OSI-TSU-009,selma.kavari.00903,2026-09-04T07:00:00,2026-09-04T21:00:00,till_operator
SH-NRG-OSI-TSU-009-20260904-04,NRG-OSI-TSU-009,selma.haufiku.00904,2026-09-04T07:00:00,2026-09-04T21:00:00,till_operator
SH-NRG-OTJ-OTW-006-20260904-01,NRG-OTJ-OTW-006,nela.nakale.00601,2026-09-04T07:00:00,2026-09-04T21:00:00,till_operator
SH-NRG-OTJ-OTW-006-20260904-02,NRG-OTJ-OTW-006,nela.shikongo.00602,2026-09-04T07:00:00,2026-09-04T21:00:00,till_operator
SH-NRG-OTJ-OTW-006-20260904-03,NRG-OTJ-OTW-006,nela.hamutenya.00603,2026-09-04T07:00:00,2026-09-04T21:00:00,till_operator
SH-NRG-OTJ-OTW-006-20260904-04,NRG-OTJ-OTW-006,nela.amadhila.00604,2026-09-04T07:00:00,2026-09-04T21:00:00,till_operator
SH-NRG-OTJ-OTW-006-20260904-05,NRG-OTJ-OTW-006,nela.nuugulu.00605,2026-09-04T07:00:00,2026-09-04T21:00:00,till_operator
SH-NRG-ZAM-KTM-008-20260904-01,NRG-ZAM-KTM-008,elina.hamutenya.00801,2026-09-04T07:00:00,2026-09-04T21:00:00,till_operator
SH-NRG-ZAM-KTM-008-20260904-02,NRG-ZAM-KTM-008,elina.amadhila.00802,2026-09-04T07:00:00,2026-09-04T21:00:00,till_operator
SH-NRG-ZAM-KTM-008-20260904-03,NRG-ZAM-KTM-008,elina.nuugulu.00803,2026-09-04T07:00:00,2026-09-04T21:00:00,till_operator
SH-NRG-ZAM-KTM-008-20260904-04,NRG-ZAM-KTM-008,elina.kavari.00804,2026-09-04T07:00:00,2026-09-04T21:00:00,till_operator
SH-NRG-ERG-SWK-003-20260905-01,NRG-ERG-SWK-003,ndapewa.kavari.00301,2026-09-05T07:00:00,2026-09-05T21:00:00,till_operator
SH-NRG-ERG-SWK-003-20260905-02,NRG-ERG-SWK-003,ndapewa.haufiku.00302,2026-09-05T07:00:00,2026-09-05T21:00:00,till_operator
SH-NRG-ERG-SWK-003-20260905-03,NRG-ERG-SWK-003,ndapewa.mbeha.00303,2026-09-05T07:00:00,2026-09-05T21:00:00,till_operator
SH-NRG-ERG-SWK-003-20260905-04,NRG-ERG-SWK-003,ndapewa.nakale.00304,2026-09-05T07:00:00,2026-09-05T21:00:00,till_operator
SH-NRG-ERG-SWK-003-20260905-05,NRG-ERG-SWK-003,ndapewa.shikongo.00305,2026-09-05T07:00:00,2026-09-05T21:00:00,till_operator
SH-NRG-ERG-WVB-002-20260905-01,NRG-ERG-WVB-002,anna.nuugulu.00201,2026-09-05T07:00:00,2026-09-05T21:00:00,till_operator
SH-NRG-ERG-WVB-002-20260905-02,NRG-ERG-WVB-002,anna.kavari.00202,2026-09-05T07:00:00,2026-09-05T21:00:00,till_operator
SH-NRG-ERG-WVB-002-20260905-03,NRG-ERG-WVB-002,anna.haufiku.00203,2026-09-05T07:00:00,2026-09-05T21:00:00,till_operator
SH-NRG-ERG-WVB-002-20260905-04,NRG-ERG-WVB-002,anna.mbeha.00204,2026-09-05T07:00:00,2026-09-05T21:00:00,till_operator
SH-NRG-ERG-WVB-002-20260905-05,NRG-ERG-WVB-002,anna.nakale.00205,2026-09-05T07:00:00,2026-09-05T21:00:00,till_operator
SH-NRG-HAR-REH-011-20260905-01,NRG-HAR-REH-011,ndapewa.kavari.01101,2026-09-05T07:00:00,2026-09-05T21:00:00,till_operator
SH-NRG-HAR-REH-011-20260905-02,NRG-HAR-REH-011,ndapewa.haufiku.01102,2026-09-05T07:00:00,2026-09-05T21:00:00,till_operator
SH-NRG-HAR-REH-011-20260905-03,NRG-HAR-REH-011,ndapewa.mbeha.01103,2026-09-05T07:00:00,2026-09-05T21:00:00,till_operator
SH-NRG-HAR-REH-011-20260905-04,NRG-HAR-REH-011,ndapewa.nakale.01104,2026-09-05T07:00:00,2026-09-05T21:00:00,till_operator
SH-NRG-KHA-KTM-007-20260905-01,NRG-KHA-KTM-007,paulus.shikongo.00701,2026-09-05T07:00:00,2026-09-05T21:00:00,till_operator
SH-NRG-KHA-KTM-007-20260905-02,NRG-KHA-KTM-007,paulus.hamutenya.00702,2026-09-05T07:00:00,2026-09-05T21:00:00,till_operator
SH-NRG-KHA-KTM-007-20260905-03,NRG-KHA-KTM-007,paulus.amadhila.00703,2026-09-05T07:00:00,2026-09-05T21:00:00,till_operator
SH-NRG-KHA-KTM-007-20260905-04,NRG-KHA-KTM-007,paulus.nuugulu.00704,2026-09-05T07:00:00,2026-09-05T21:00:00,till_operator
SH-NRG-KHO-WDH-001-20260905-01,NRG-KHO-WDH-001,selma.amadhila.00101,2026-09-05T07:00:00,2026-09-05T21:00:00,till_operator
SH-NRG-KHO-WDH-001-20260905-02,NRG-KHO-WDH-001,selma.nuugulu.00102,2026-09-05T07:00:00,2026-09-05T21:00:00,till_operator
SH-NRG-KHO-WDH-001-20260905-03,NRG-KHO-WDH-001,selma.kavari.00103,2026-09-05T07:00:00,2026-09-05T21:00:00,till_operator
SH-NRG-KHO-WDH-001-20260905-04,NRG-KHO-WDH-001,selma.haufiku.00104,2026-09-05T07:00:00,2026-09-05T21:00:00,till_operator
SH-NRG-KHO-WDH-001-20260905-05,NRG-KHO-WDH-001,selma.mbeha.00105,2026-09-05T07:00:00,2026-09-05T21:00:00,till_operator
SH-NRG-KVE-RUN-005-20260905-01,NRG-KVE-RUN-005,martha.mbeha.00501,2026-09-05T07:00:00,2026-09-05T21:00:00,till_operator
SH-NRG-KVE-RUN-005-20260905-02,NRG-KVE-RUN-005,martha.nakale.00502,2026-09-05T07:00:00,2026-09-05T21:00:00,till_operator
SH-NRG-KVE-RUN-005-20260905-03,NRG-KVE-RUN-005,martha.shikongo.00503,2026-09-05T07:00:00,2026-09-05T21:00:00,till_operator
SH-NRG-KVE-RUN-005-20260905-04,NRG-KVE-RUN-005,martha.hamutenya.00504,2026-09-05T07:00:00,2026-09-05T21:00:00,till_operator
SH-NRG-KVE-RUN-005-20260905-05,NRG-KVE-RUN-005,martha.amadhila.00505,2026-09-05T07:00:00,2026-09-05T21:00:00,till_operator
SH-NRG-OME-GOB-010-20260905-01,NRG-OME-GOB-010,anna.nuugulu.01001,2026-09-05T07:00:00,2026-09-05T21:00:00,till_operator
SH-NRG-OME-GOB-010-20260905-02,NRG-OME-GOB-010,anna.kavari.01002,2026-09-05T07:00:00,2026-09-05T21:00:00,till_operator
SH-NRG-OME-GOB-010-20260905-03,NRG-OME-GOB-010,anna.haufiku.01003,2026-09-05T07:00:00,2026-09-05T21:00:00,till_operator
SH-NRG-OME-GOB-010-20260905-04,NRG-OME-GOB-010,anna.mbeha.01004,2026-09-05T07:00:00,2026-09-05T21:00:00,till_operator
SH-NRG-OSA-OND-012-20260905-01,NRG-OSA-OND-012,petrus.haufiku.01201,2026-09-05T07:00:00,2026-09-05T21:00:00,till_operator
SH-NRG-OSA-OND-012-20260905-02,NRG-OSA-OND-012,petrus.mbeha.01202,2026-09-05T07:00:00,2026-09-05T21:00:00,till_operator
SH-NRG-OSA-OND-012-20260905-03,NRG-OSA-OND-012,petrus.nakale.01203,2026-09-05T07:00:00,2026-09-05T21:00:00,till_operator
SH-NRG-OSA-OND-012-20260905-04,NRG-OSA-OND-012,petrus.shikongo.01204,2026-09-05T07:00:00,2026-09-05T21:00:00,till_operator
SH-NRG-OSA-OSK-004-20260905-01,NRG-OSA-OSK-004,petrus.haufiku.00401,2026-09-05T07:00:00,2026-09-05T21:00:00,till_operator
SH-NRG-OSA-OSK-004-20260905-02,NRG-OSA-OSK-004,petrus.mbeha.00402,2026-09-05T07:00:00,2026-09-05T21:00:00,till_operator
SH-NRG-OSA-OSK-004-20260905-03,NRG-OSA-OSK-004,petrus.nakale.00403,2026-09-05T07:00:00,2026-09-05T21:00:00,till_operator
SH-NRG-OSA-OSK-004-20260905-04,NRG-OSA-OSK-004,petrus.shikongo.00404,2026-09-05T07:00:00,2026-09-05T21:00:00,till_operator
SH-NRG-OSA-OSK-004-20260905-05,NRG-OSA-OSK-004,petrus.hamutenya.00405,2026-09-05T07:00:00,2026-09-05T21:00:00,till_operator
SH-NRG-OSI-TSU-009-20260905-01,NRG-OSI-TSU-009,selma.amadhila.00901,2026-09-05T07:00:00,2026-09-05T21:00:00,till_operator
SH-NRG-OSI-TSU-009-20260905-02,NRG-OSI-TSU-009,selma.nuugulu.00902,2026-09-05T07:00:00,2026-09-05T21:00:00,till_operator
SH-NRG-OSI-TSU-009-20260905-03,NRG-OSI-TSU-009,selma.kavari.00903,2026-09-05T07:00:00,2026-09-05T21:00:00,till_operator
SH-NRG-OSI-TSU-009-20260905-04,NRG-OSI-TSU-009,selma.haufiku.00904,2026-09-05T07:00:00,2026-09-05T21:00:00,till_operator
SH-NRG-OTJ-OTW-006-20260905-01,NRG-OTJ-OTW-006,nela.nakale.00601,2026-09-05T07:00:00,2026-09-05T21:00:00,till_operator
SH-NRG-OTJ-OTW-006-20260905-02,NRG-OTJ-OTW-006,nela.shikongo.00602,2026-09-05T07:00:00,2026-09-05T21:00:00,till_operator
SH-NRG-OTJ-OTW-006-20260905-03,NRG-OTJ-OTW-006,nela.hamutenya.00603,2026-09-05T07:00:00,2026-09-05T21:00:00,till_operator
SH-NRG-OTJ-OTW-006-20260905-04,NRG-OTJ-OTW-006,nela.amadhila.00604,2026-09-05T07:00:00,2026-09-05T21:00:00,till_operator
SH-NRG-OTJ-OTW-006-20260905-05,NRG-OTJ-OTW-006,nela.nuugulu.00605,2026-09-05T07:00:00,2026-09-05T21:00:00,till_operator
SH-NRG-ZAM-KTM-008-20260905-01,NRG-ZAM-KTM-008,elina.hamutenya.00801,2026-09-05T07:00:00,2026-09-05T21:00:00,till_operator
SH-NRG-ZAM-KTM-008-20260905-02,NRG-ZAM-KTM-008,elina.amadhila.00802,2026-09-05T07:00:00,2026-09-05T21:00:00,till_operator
SH-NRG-ZAM-KTM-008-20260905-03,NRG-ZAM-KTM-008,elina.nuugulu.00803,2026-09-05T07:00:00,2026-09-05T21:00:00,till_operator
SH-NRG-ZAM-KTM-008-20260905-04,NRG-ZAM-KTM-008,elina.kavari.00804,2026-09-05T07:00:00,2026-09-05T21:00:00,till_operator
SH-NRG-ERG-SWK-003-20260906-01,NRG-ERG-SWK-003,ndapewa.kavari.00301,2026-09-06T07:00:00,2026-09-06T21:00:00,till_operator
SH-NRG-ERG-SWK-003-20260906-02,NRG-ERG-SWK-003,ndapewa.haufiku.00302,2026-09-06T07:00:00,2026-09-06T21:00:00,till_operator
SH-NRG-ERG-SWK-003-20260906-03,NRG-ERG-SWK-003,ndapewa.mbeha.00303,2026-09-06T07:00:00,2026-09-06T21:00:00,till_operator
SH-NRG-ERG-SWK-003-20260906-04,NRG-ERG-SWK-003,ndapewa.nakale.00304,2026-09-06T07:00:00,2026-09-06T21:00:00,till_operator
SH-NRG-ERG-SWK-003-20260906-05,NRG-ERG-SWK-003,ndapewa.shikongo.00305,2026-09-06T07:00:00,2026-09-06T21:00:00,till_operator
SH-NRG-ERG-WVB-002-20260906-01,NRG-ERG-WVB-002,anna.nuugulu.00201,2026-09-06T07:00:00,2026-09-06T21:00:00,till_operator
SH-NRG-ERG-WVB-002-20260906-02,NRG-ERG-WVB-002,anna.kavari.00202,2026-09-06T07:00:00,2026-09-06T21:00:00,till_operator
SH-NRG-ERG-WVB-002-20260906-03,NRG-ERG-WVB-002,anna.haufiku.00203,2026-09-06T07:00:00,2026-09-06T21:00:00,till_operator
SH-NRG-ERG-WVB-002-20260906-04,NRG-ERG-WVB-002,anna.mbeha.00204,2026-09-06T07:00:00,2026-09-06T21:00:00,till_operator
SH-NRG-ERG-WVB-002-20260906-05,NRG-ERG-WVB-002,anna.nakale.00205,2026-09-06T07:00:00,2026-09-06T21:00:00,till_operator
SH-NRG-HAR-REH-011-20260906-01,NRG-HAR-REH-011,ndapewa.kavari.01101,2026-09-06T07:00:00,2026-09-06T21:00:00,till_operator
SH-NRG-HAR-REH-011-20260906-02,NRG-HAR-REH-011,ndapewa.haufiku.01102,2026-09-06T07:00:00,2026-09-06T21:00:00,till_operator
SH-NRG-HAR-REH-011-20260906-03,NRG-HAR-REH-011,ndapewa.mbeha.01103,2026-09-06T07:00:00,2026-09-06T21:00:00,till_operator
SH-NRG-HAR-REH-011-20260906-04,NRG-HAR-REH-011,ndapewa.nakale.01104,2026-09-06T07:00:00,2026-09-06T21:00:00,till_operator
SH-NRG-KHA-KTM-007-20260906-01,NRG-KHA-KTM-007,paulus.shikongo.00701,2026-09-06T07:00:00,2026-09-06T21:00:00,till_operator
SH-NRG-KHA-KTM-007-20260906-02,NRG-KHA-KTM-007,paulus.hamutenya.00702,2026-09-06T07:00:00,2026-09-06T21:00:00,till_operator
SH-NRG-KHA-KTM-007-20260906-03,NRG-KHA-KTM-007,paulus.amadhila.00703,2026-09-06T07:00:00,2026-09-06T21:00:00,till_operator
SH-NRG-KHA-KTM-007-20260906-04,NRG-KHA-KTM-007,paulus.nuugulu.00704,2026-09-06T07:00:00,2026-09-06T21:00:00,till_operator
SH-NRG-KHO-WDH-001-20260906-01,NRG-KHO-WDH-001,selma.amadhila.00101,2026-09-06T07:00:00,2026-09-06T21:00:00,till_operator
SH-NRG-KHO-WDH-001-20260906-02,NRG-KHO-WDH-001,selma.nuugulu.00102,2026-09-06T07:00:00,2026-09-06T21:00:00,till_operator
SH-NRG-KHO-WDH-001-20260906-03,NRG-KHO-WDH-001,selma.kavari.00103,2026-09-06T07:00:00,2026-09-06T21:00:00,till_operator
SH-NRG-KHO-WDH-001-20260906-04,NRG-KHO-WDH-001,selma.haufiku.00104,2026-09-06T07:00:00,2026-09-06T21:00:00,till_operator
SH-NRG-KHO-WDH-001-20260906-05,NRG-KHO-WDH-001,selma.mbeha.00105,2026-09-06T07:00:00,2026-09-06T21:00:00,till_operator
SH-NRG-KVE-RUN-005-20260906-01,NRG-KVE-RUN-005,martha.mbeha.00501,2026-09-06T07:00:00,2026-09-06T21:00:00,till_operator
SH-NRG-KVE-RUN-005-20260906-02,NRG-KVE-RUN-005,martha.nakale.00502,2026-09-06T07:00:00,2026-09-06T21:00:00,till_operator
SH-NRG-KVE-RUN-005-20260906-03,NRG-KVE-RUN-005,martha.shikongo.00503,2026-09-06T07:00:00,2026-09-06T21:00:00,till_operator
SH-NRG-KVE-RUN-005-20260906-04,NRG-KVE-RUN-005,martha.hamutenya.00504,2026-09-06T07:00:00,2026-09-06T21:00:00,till_operator
SH-NRG-KVE-RUN-005-20260906-05,NRG-KVE-RUN-005,martha.amadhila.00505,2026-09-06T07:00:00,2026-09-06T21:00:00,till_operator
SH-NRG-OME-GOB-010-20260906-01,NRG-OME-GOB-010,anna.nuugulu.01001,2026-09-06T07:00:00,2026-09-06T21:00:00,till_operator
SH-NRG-OME-GOB-010-20260906-02,NRG-OME-GOB-010,anna.kavari.01002,2026-09-06T07:00:00,2026-09-06T21:00:00,till_operator
SH-NRG-OME-GOB-010-20260906-03,NRG-OME-GOB-010,anna.haufiku.01003,2026-09-06T07:00:00,2026-09-06T21:00:00,till_operator
SH-NRG-OME-GOB-010-20260906-04,NRG-OME-GOB-010,anna.mbeha.01004,2026-09-06T07:00:00,2026-09-06T21:00:00,till_operator
SH-NRG-OSA-OND-012-20260906-01,NRG-OSA-OND-012,petrus.haufiku.01201,2026-09-06T07:00:00,2026-09-06T21:00:00,till_operator
SH-NRG-OSA-OND-012-20260906-02,NRG-OSA-OND-012,petrus.mbeha.01202,2026-09-06T07:00:00,2026-09-06T21:00:00,till_operator
SH-NRG-OSA-OND-012-20260906-03,NRG-OSA-OND-012,petrus.nakale.01203,2026-09-06T07:00:00,2026-09-06T21:00:00,till_operator
SH-NRG-OSA-OND-012-20260906-04,NRG-OSA-OND-012,petrus.shikongo.01204,2026-09-06T07:00:00,2026-09-06T21:00:00,till_operator
SH-NRG-OSA-OSK-004-20260906-01,NRG-OSA-OSK-004,petrus.haufiku.00401,2026-09-06T07:00:00,2026-09-06T21:00:00,till_operator
SH-NRG-OSA-OSK-004-20260906-02,NRG-OSA-OSK-004,petrus.mbeha.00402,2026-09-06T07:00:00,2026-09-06T21:00:00,till_operator
SH-NRG-OSA-OSK-004-20260906-03,NRG-OSA-OSK-004,petrus.nakale.00403,2026-09-06T07:00:00,2026-09-06T21:00:00,till_operator
SH-NRG-OSA-OSK-004-20260906-04,NRG-OSA-OSK-004,petrus.shikongo.00404,2026-09-06T07:00:00,2026-09-06T21:00:00,till_operator
SH-NRG-OSA-OSK-004-20260906-05,NRG-OSA-OSK-004,petrus.hamutenya.00405,2026-09-06T07:00:00,2026-09-06T21:00:00,till_operator
SH-NRG-OSI-TSU-009-20260906-01,NRG-OSI-TSU-009,selma.amadhila.00901,2026-09-06T07:00:00,2026-09-06T21:00:00,till_operator
SH-NRG-OSI-TSU-009-20260906-02,NRG-OSI-TSU-009,selma.nuugulu.00902,2026-09-06T07:00:00,2026-09-06T21:00:00,till_operator
SH-NRG-OSI-TSU-009-20260906-03,NRG-OSI-TSU-009,selma.kavari.00903,2026-09-06T07:00:00,2026-09-06T21:00:00,till_operator
SH-NRG-OSI-TSU-009-20260906-04,NRG-OSI-TSU-009,selma.haufiku.00904,2026-09-06T07:00:00,2026-09-06T21:00:00,till_operator
SH-NRG-OTJ-OTW-006-20260906-01,NRG-OTJ-OTW-006,nela.nakale.00601,2026-09-06T07:00:00,2026-09-06T21:00:00,till_operator
SH-NRG-OTJ-OTW-006-20260906-02,NRG-OTJ-OTW-006,nela.shikongo.00602,2026-09-06T07:00:00,2026-09-06T21:00:00,till_operator
SH-NRG-OTJ-OTW-006-20260906-03,NRG-OTJ-OTW-006,nela.hamutenya.00603,2026-09-06T07:00:00,2026-09-06T21:00:00,till_operator
SH-NRG-OTJ-OTW-006-20260906-04,NRG-OTJ-OTW-006,nela.amadhila.00604,2026-09-06T07:00:00,2026-09-06T21:00:00,till_operator
SH-NRG-OTJ-OTW-006-20260906-05,NRG-OTJ-OTW-006,nela.nuugulu.00605,2026-09-06T07:00:00,2026-09-06T21:00:00,till_operator
SH-NRG-ZAM-KTM-008-20260906-01,NRG-ZAM-KTM-008,elina.hamutenya.00801,2026-09-06T07:00:00,2026-09-06T21:00:00,till_operator
SH-NRG-ZAM-KTM-008-20260906-02,NRG-ZAM-KTM-008,elina.amadhila.00802,2026-09-06T07:00:00,2026-09-06T21:00:00,till_operator
SH-NRG-ZAM-KTM-008-20260906-03,NRG-ZAM-KTM-008,elina.nuugulu.00803,2026-09-06T07:00:00,2026-09-06T21:00:00,till_operator
SH-NRG-ZAM-KTM-008-20260906-04,NRG-ZAM-KTM-008,elina.kavari.00804,2026-09-06T07:00:00,2026-09-06T21:00:00,till_operator
SH-NRG-ERG-SWK-003-20260907-01,NRG-ERG-SWK-003,ndapewa.kavari.00301,2026-09-07T07:00:00,2026-09-07T21:00:00,till_operator
SH-NRG-ERG-SWK-003-20260907-02,NRG-ERG-SWK-003,ndapewa.haufiku.00302,2026-09-07T07:00:00,2026-09-07T21:00:00,till_operator
SH-NRG-ERG-SWK-003-20260907-03,NRG-ERG-SWK-003,ndapewa.mbeha.00303,2026-09-07T07:00:00,2026-09-07T21:00:00,till_operator
SH-NRG-ERG-SWK-003-20260907-04,NRG-ERG-SWK-003,ndapewa.nakale.00304,2026-09-07T07:00:00,2026-09-07T21:00:00,till_operator
SH-NRG-ERG-SWK-003-20260907-05,NRG-ERG-SWK-003,ndapewa.shikongo.00305,2026-09-07T07:00:00,2026-09-07T21:00:00,till_operator
SH-NRG-ERG-WVB-002-20260907-01,NRG-ERG-WVB-002,anna.nuugulu.00201,2026-09-07T07:00:00,2026-09-07T21:00:00,till_operator
SH-NRG-ERG-WVB-002-20260907-02,NRG-ERG-WVB-002,anna.kavari.00202,2026-09-07T07:00:00,2026-09-07T21:00:00,till_operator
SH-NRG-ERG-WVB-002-20260907-03,NRG-ERG-WVB-002,anna.haufiku.00203,2026-09-07T07:00:00,2026-09-07T21:00:00,till_operator
SH-NRG-ERG-WVB-002-20260907-04,NRG-ERG-WVB-002,anna.mbeha.00204,2026-09-07T07:00:00,2026-09-07T21:00:00,till_operator
SH-NRG-ERG-WVB-002-20260907-05,NRG-ERG-WVB-002,anna.nakale.00205,2026-09-07T07:00:00,2026-09-07T21:00:00,till_operator
SH-NRG-HAR-REH-011-20260907-01,NRG-HAR-REH-011,ndapewa.kavari.01101,2026-09-07T07:00:00,2026-09-07T21:00:00,till_operator
SH-NRG-HAR-REH-011-20260907-02,NRG-HAR-REH-011,ndapewa.haufiku.01102,2026-09-07T07:00:00,2026-09-07T21:00:00,till_operator
SH-NRG-HAR-REH-011-20260907-03,NRG-HAR-REH-011,ndapewa.mbeha.01103,2026-09-07T07:00:00,2026-09-07T21:00:00,till_operator
SH-NRG-HAR-REH-011-20260907-04,NRG-HAR-REH-011,ndapewa.nakale.01104,2026-09-07T07:00:00,2026-09-07T21:00:00,till_operator
SH-NRG-KHA-KTM-007-20260907-01,NRG-KHA-KTM-007,paulus.shikongo.00701,2026-09-07T07:00:00,2026-09-07T21:00:00,till_operator
SH-NRG-KHA-KTM-007-20260907-02,NRG-KHA-KTM-007,paulus.hamutenya.00702,2026-09-07T07:00:00,2026-09-07T21:00:00,till_operator
SH-NRG-KHA-KTM-007-20260907-03,NRG-KHA-KTM-007,paulus.amadhila.00703,2026-09-07T07:00:00,2026-09-07T21:00:00,till_operator
SH-NRG-KHA-KTM-007-20260907-04,NRG-KHA-KTM-007,paulus.nuugulu.00704,2026-09-07T07:00:00,2026-09-07T21:00:00,till_operator
SH-NRG-KHO-WDH-001-20260907-01,NRG-KHO-WDH-001,selma.amadhila.00101,2026-09-07T07:00:00,2026-09-07T21:00:00,till_operator
SH-NRG-KHO-WDH-001-20260907-02,NRG-KHO-WDH-001,selma.nuugulu.00102,2026-09-07T07:00:00,2026-09-07T21:00:00,till_operator
SH-NRG-KHO-WDH-001-20260907-03,NRG-KHO-WDH-001,selma.kavari.00103,2026-09-07T07:00:00,2026-09-07T21:00:00,till_operator
SH-NRG-KHO-WDH-001-20260907-04,NRG-KHO-WDH-001,selma.haufiku.00104,2026-09-07T07:00:00,2026-09-07T21:00:00,till_operator
SH-NRG-KHO-WDH-001-20260907-05,NRG-KHO-WDH-001,selma.mbeha.00105,2026-09-07T07:00:00,2026-09-07T21:00:00,till_operator
SH-NRG-KVE-RUN-005-20260907-01,NRG-KVE-RUN-005,martha.mbeha.00501,2026-09-07T07:00:00,2026-09-07T21:00:00,till_operator
SH-NRG-KVE-RUN-005-20260907-02,NRG-KVE-RUN-005,martha.nakale.00502,2026-09-07T07:00:00,2026-09-07T21:00:00,till_operator
SH-NRG-KVE-RUN-005-20260907-03,NRG-KVE-RUN-005,martha.shikongo.00503,2026-09-07T07:00:00,2026-09-07T21:00:00,till_operator
SH-NRG-KVE-RUN-005-20260907-04,NRG-KVE-RUN-005,martha.hamutenya.00504,2026-09-07T07:00:00,2026-09-07T21:00:00,till_operator
SH-NRG-KVE-RUN-005-20260907-05,NRG-KVE-RUN-005,martha.amadhila.00505,2026-09-07T07:00:00,2026-09-07T21:00:00,till_operator
SH-NRG-OME-GOB-010-20260907-01,NRG-OME-GOB-010,anna.nuugulu.01001,2026-09-07T07:00:00,2026-09-07T21:00:00,till_operator
SH-NRG-OME-GOB-010-20260907-02,NRG-OME-GOB-010,anna.kavari.01002,2026-09-07T07:00:00,2026-09-07T21:00:00,till_operator
SH-NRG-OME-GOB-010-20260907-03,NRG-OME-GOB-010,anna.haufiku.01003,2026-09-07T07:00:00,2026-09-07T21:00:00,till_operator
SH-NRG-OME-GOB-010-20260907-04,NRG-OME-GOB-010,anna.mbeha.01004,2026-09-07T07:00:00,2026-09-07T21:00:00,till_operator
SH-NRG-OSA-OND-012-20260907-01,NRG-OSA-OND-012,petrus.haufiku.01201,2026-09-07T07:00:00,2026-09-07T21:00:00,till_operator
SH-NRG-OSA-OND-012-20260907-02,NRG-OSA-OND-012,petrus.mbeha.01202,2026-09-07T07:00:00,2026-09-07T21:00:00,till_operator
SH-NRG-OSA-OND-012-20260907-03,NRG-OSA-OND-012,petrus.nakale.01203,2026-09-07T07:00:00,2026-09-07T21:00:00,till_operator
SH-NRG-OSA-OND-012-20260907-04,NRG-OSA-OND-012,petrus.shikongo.01204,2026-09-07T07:00:00,2026-09-07T21:00:00,till_operator
SH-NRG-OSA-OSK-004-20260907-01,NRG-OSA-OSK-004,petrus.haufiku.00401,2026-09-07T07:00:00,2026-09-07T21:00:00,till_operator
SH-NRG-OSA-OSK-004-20260907-02,NRG-OSA-OSK-004,petrus.mbeha.00402,2026-09-07T07:00:00,2026-09-07T21:00:00,till_operator
SH-NRG-OSA-OSK-004-20260907-03,NRG-OSA-OSK-004,petrus.nakale.00403,2026-09-07T07:00:00,2026-09-07T21:00:00,till_operator
SH-NRG-OSA-OSK-004-20260907-04,NRG-OSA-OSK-004,petrus.shikongo.00404,2026-09-07T07:00:00,2026-09-07T21:00:00,till_operator
SH-NRG-OSA-OSK-004-20260907-05,NRG-OSA-OSK-004,petrus.hamutenya.00405,2026-09-07T07:00:00,2026-09-07T21:00:00,till_operator
SH-NRG-OSI-TSU-009-20260907-01,NRG-OSI-TSU-009,selma.amadhila.00901,2026-09-07T07:00:00,2026-09-07T21:00:00,till_operator
SH-NRG-OSI-TSU-009-20260907-02,NRG-OSI-TSU-009,selma.nuugulu.00902,2026-09-07T07:00:00,2026-09-07T21:00:00,till_operator
SH-NRG-OSI-TSU-009-20260907-03,NRG-OSI-TSU-009,selma.kavari.00903,2026-09-07T07:00:00,2026-09-07T21:00:00,till_operator
SH-NRG-OSI-TSU-009-20260907-04,NRG-OSI-TSU-009,selma.haufiku.00904,2026-09-07T07:00:00,2026-09-07T21:00:00,till_operator
SH-NRG-OTJ-OTW-006-20260907-01,NRG-OTJ-OTW-006,nela.nakale.00601,2026-09-07T07:00:00,2026-09-07T21:00:00,till_operator
SH-NRG-OTJ-OTW-006-20260907-02,NRG-OTJ-OTW-006,nela.shikongo.00602,2026-09-07T07:00:00,2026-09-07T21:00:00,till_operator
SH-NRG-OTJ-OTW-006-20260907-03,NRG-OTJ-OTW-006,nela.hamutenya.00603,2026-09-07T07:00:00,2026-09-07T21:00:00,till_operator
SH-NRG-OTJ-OTW-006-20260907-04,NRG-OTJ-OTW-006,nela.amadhila.00604,2026-09-07T07:00:00,2026-09-07T21:00:00,till_operator
SH-NRG-OTJ-OTW-006-20260907-05,NRG-OTJ-OTW-006,nela.nuugulu.00605,2026-09-07T07:00:00,2026-09-07T21:00:00,till_operator
SH-NRG-ZAM-KTM-008-20260907-01,NRG-ZAM-KTM-008,elina.hamutenya.00801,2026-09-07T07:00:00,2026-09-07T21:00:00,till_operator
SH-NRG-ZAM-KTM-008-20260907-02,NRG-ZAM-KTM-008,elina.amadhila.00802,2026-09-07T07:00:00,2026-09-07T21:00:00,till_operator
SH-NRG-ZAM-KTM-008-20260907-03,NRG-ZAM-KTM-008,elina.nuugulu.00803,2026-09-07T07:00:00,2026-09-07T21:00:00,till_operator
SH-NRG-ZAM-KTM-008-20260907-04,NRG-ZAM-KTM-008,elina.kavari.00804,2026-09-07T07:00:00,2026-09-07T21:00:00,till_operator
SH-NRG-ERG-SWK-003-20260908-01,NRG-ERG-SWK-003,ndapewa.kavari.00301,2026-09-08T07:00:00,2026-09-08T21:00:00,till_operator
SH-NRG-ERG-SWK-003-20260908-02,NRG-ERG-SWK-003,ndapewa.haufiku.00302,2026-09-08T07:00:00,2026-09-08T21:00:00,till_operator
SH-NRG-ERG-SWK-003-20260908-03,NRG-ERG-SWK-003,ndapewa.mbeha.00303,2026-09-08T07:00:00,2026-09-08T21:00:00,till_operator
SH-NRG-ERG-SWK-003-20260908-04,NRG-ERG-SWK-003,ndapewa.nakale.00304,2026-09-08T07:00:00,2026-09-08T21:00:00,till_operator
SH-NRG-ERG-SWK-003-20260908-05,NRG-ERG-SWK-003,ndapewa.shikongo.00305,2026-09-08T07:00:00,2026-09-08T21:00:00,till_operator
SH-NRG-ERG-WVB-002-20260908-01,NRG-ERG-WVB-002,anna.nuugulu.00201,2026-09-08T07:00:00,2026-09-08T21:00:00,till_operator
SH-NRG-ERG-WVB-002-20260908-02,NRG-ERG-WVB-002,anna.kavari.00202,2026-09-08T07:00:00,2026-09-08T21:00:00,till_operator
SH-NRG-ERG-WVB-002-20260908-03,NRG-ERG-WVB-002,anna.haufiku.00203,2026-09-08T07:00:00,2026-09-08T21:00:00,till_operator
SH-NRG-ERG-WVB-002-20260908-04,NRG-ERG-WVB-002,anna.mbeha.00204,2026-09-08T07:00:00,2026-09-08T21:00:00,till_operator
SH-NRG-ERG-WVB-002-20260908-05,NRG-ERG-WVB-002,anna.nakale.00205,2026-09-08T07:00:00,2026-09-08T21:00:00,till_operator
SH-NRG-HAR-REH-011-20260908-01,NRG-HAR-REH-011,ndapewa.kavari.01101,2026-09-08T07:00:00,2026-09-08T21:00:00,till_operator
SH-NRG-HAR-REH-011-20260908-02,NRG-HAR-REH-011,ndapewa.haufiku.01102,2026-09-08T07:00:00,2026-09-08T21:00:00,till_operator
SH-NRG-HAR-REH-011-20260908-03,NRG-HAR-REH-011,ndapewa.mbeha.01103,2026-09-08T07:00:00,2026-09-08T21:00:00,till_operator
SH-NRG-HAR-REH-011-20260908-04,NRG-HAR-REH-011,ndapewa.nakale.01104,2026-09-08T07:00:00,2026-09-08T21:00:00,till_operator
SH-NRG-KHA-KTM-007-20260908-01,NRG-KHA-KTM-007,paulus.shikongo.00701,2026-09-08T07:00:00,2026-09-08T21:00:00,till_operator
SH-NRG-KHA-KTM-007-20260908-02,NRG-KHA-KTM-007,paulus.hamutenya.00702,2026-09-08T07:00:00,2026-09-08T21:00:00,till_operator
SH-NRG-KHA-KTM-007-20260908-03,NRG-KHA-KTM-007,paulus.amadhila.00703,2026-09-08T07:00:00,2026-09-08T21:00:00,till_operator
SH-NRG-KHA-KTM-007-20260908-04,NRG-KHA-KTM-007,paulus.nuugulu.00704,2026-09-08T07:00:00,2026-09-08T21:00:00,till_operator
SH-NRG-KHO-WDH-001-20260908-01,NRG-KHO-WDH-001,selma.amadhila.00101,2026-09-08T07:00:00,2026-09-08T21:00:00,till_operator
SH-NRG-KHO-WDH-001-20260908-02,NRG-KHO-WDH-001,selma.nuugulu.00102,2026-09-08T07:00:00,2026-09-08T21:00:00,till_operator
SH-NRG-KHO-WDH-001-20260908-03,NRG-KHO-WDH-001,selma.kavari.00103,2026-09-08T07:00:00,2026-09-08T21:00:00,till_operator
SH-NRG-KHO-WDH-001-20260908-04,NRG-KHO-WDH-001,selma.haufiku.00104,2026-09-08T07:00:00,2026-09-08T21:00:00,till_operator
SH-NRG-KHO-WDH-001-20260908-05,NRG-KHO-WDH-001,selma.mbeha.00105,2026-09-08T07:00:00,2026-09-08T21:00:00,till_operator
SH-NRG-KVE-RUN-005-20260908-01,NRG-KVE-RUN-005,martha.mbeha.00501,2026-09-08T07:00:00,2026-09-08T21:00:00,till_operator
SH-NRG-KVE-RUN-005-20260908-02,NRG-KVE-RUN-005,martha.nakale.00502,2026-09-08T07:00:00,2026-09-08T21:00:00,till_operator
SH-NRG-KVE-RUN-005-20260908-03,NRG-KVE-RUN-005,martha.shikongo.00503,2026-09-08T07:00:00,2026-09-08T21:00:00,till_operator
SH-NRG-KVE-RUN-005-20260908-04,NRG-KVE-RUN-005,martha.hamutenya.00504,2026-09-08T07:00:00,2026-09-08T21:00:00,till_operator
SH-NRG-KVE-RUN-005-20260908-05,NRG-KVE-RUN-005,martha.amadhila.00505,2026-09-08T07:00:00,2026-09-08T21:00:00,till_operator
SH-NRG-OME-GOB-010-20260908-01,NRG-OME-GOB-010,anna.nuugulu.01001,2026-09-08T07:00:00,2026-09-08T21:00:00,till_operator
SH-NRG-OME-GOB-010-20260908-02,NRG-OME-GOB-010,anna.kavari.01002,2026-09-08T07:00:00,2026-09-08T21:00:00,till_operator
SH-NRG-OME-GOB-010-20260908-03,NRG-OME-GOB-010,anna.haufiku.01003,2026-09-08T07:00:00,2026-09-08T21:00:00,till_operator
SH-NRG-OME-GOB-010-20260908-04,NRG-OME-GOB-010,anna.mbeha.01004,2026-09-08T07:00:00,2026-09-08T21:00:00,till_operator
SH-NRG-OSA-OND-012-20260908-01,NRG-OSA-OND-012,petrus.haufiku.01201,2026-09-08T07:00:00,2026-09-08T21:00:00,till_operator
SH-NRG-OSA-OND-012-20260908-02,NRG-OSA-OND-012,petrus.mbeha.01202,2026-09-08T07:00:00,2026-09-08T21:00:00,till_operator
SH-NRG-OSA-OND-012-20260908-03,NRG-OSA-OND-012,petrus.nakale.01203,2026-09-08T07:00:00,2026-09-08T21:00:00,till_operator
SH-NRG-OSA-OND-012-20260908-04,NRG-OSA-OND-012,petrus.shikongo.01204,2026-09-08T07:00:00,2026-09-08T21:00:00,till_operator
SH-NRG-OSA-OSK-004-20260908-01,NRG-OSA-OSK-004,petrus.haufiku.00401,2026-09-08T07:00:00,2026-09-08T21:00:00,till_operator
SH-NRG-OSA-OSK-004-20260908-02,NRG-OSA-OSK-004,petrus.mbeha.00402,2026-09-08T07:00:00,2026-09-08T21:00:00,till_operator
SH-NRG-OSA-OSK-004-20260908-03,NRG-OSA-OSK-004,petrus.nakale.00403,2026-09-08T07:00:00,2026-09-08T21:00:00,till_operator
SH-NRG-OSA-OSK-004-20260908-04,NRG-OSA-OSK-004,petrus.shikongo.00404,2026-09-08T07:00:00,2026-09-08T21:00:00,till_operator
SH-NRG-OSA-OSK-004-20260908-05,NRG-OSA-OSK-004,petrus.hamutenya.00405,2026-09-08T07:00:00,2026-09-08T21:00:00,till_operator
SH-NRG-OSI-TSU-009-20260908-01,NRG-OSI-TSU-009,selma.amadhila.00901,2026-09-08T07:00:00,2026-09-08T21:00:00,till_operator
SH-NRG-OSI-TSU-009-20260908-02,NRG-OSI-TSU-009,selma.nuugulu.00902,2026-09-08T07:00:00,2026-09-08T21:00:00,till_operator
SH-NRG-OSI-TSU-009-20260908-03,NRG-OSI-TSU-009,selma.kavari.00903,2026-09-08T07:00:00,2026-09-08T21:00:00,till_operator
SH-NRG-OSI-TSU-009-20260908-04,NRG-OSI-TSU-009,selma.haufiku.00904,2026-09-08T07:00:00,2026-09-08T21:00:00,till_operator
SH-NRG-OTJ-OTW-006-20260908-01,NRG-OTJ-OTW-006,nela.nakale.00601,2026-09-08T07:00:00,2026-09-08T21:00:00,till_operator
SH-NRG-OTJ-OTW-006-20260908-02,NRG-OTJ-OTW-006,nela.shikongo.00602,2026-09-08T07:00:00,2026-09-08T21:00:00,till_operator
SH-NRG-OTJ-OTW-006-20260908-03,NRG-OTJ-OTW-006,nela.hamutenya.00603,2026-09-08T07:00:00,2026-09-08T21:00:00,till_operator
SH-NRG-OTJ-OTW-006-20260908-04,NRG-OTJ-OTW-006,nela.amadhila.00604,2026-09-08T07:00:00,2026-09-08T21:00:00,till_operator
SH-NRG-OTJ-OTW-006-20260908-05,NRG-OTJ-OTW-006,nela.nuugulu.00605,2026-09-08T07:00:00,2026-09-08T21:00:00,till_operator
SH-NRG-ZAM-KTM-008-20260908-01,NRG-ZAM-KTM-008,elina.hamutenya.00801,2026-09-08T07:00:00,2026-09-08T21:00:00,till_operator
SH-NRG-ZAM-KTM-008-20260908-02,NRG-ZAM-KTM-008,elina.amadhila.00802,2026-09-08T07:00:00,2026-09-08T21:00:00,till_operator
SH-NRG-ZAM-KTM-008-20260908-03,NRG-ZAM-KTM-008,elina.nuugulu.00803,2026-09-08T07:00:00,2026-09-08T21:00:00,till_operator
SH-NRG-ZAM-KTM-008-20260908-04,NRG-ZAM-KTM-008,elina.kavari.00804,2026-09-08T07:00:00,2026-09-08T21:00:00,till_operator
SH-NRG-ERG-SWK-003-20260909-01,NRG-ERG-SWK-003,ndapewa.kavari.00301,2026-09-09T07:00:00,2026-09-09T21:00:00,till_operator
SH-NRG-ERG-SWK-003-20260909-02,NRG-ERG-SWK-003,ndapewa.haufiku.00302,2026-09-09T07:00:00,2026-09-09T21:00:00,till_operator
SH-NRG-ERG-SWK-003-20260909-03,NRG-ERG-SWK-003,ndapewa.mbeha.00303,2026-09-09T07:00:00,2026-09-09T21:00:00,till_operator
SH-NRG-ERG-SWK-003-20260909-04,NRG-ERG-SWK-003,ndapewa.nakale.00304,2026-09-09T07:00:00,2026-09-09T21:00:00,till_operator
SH-NRG-ERG-SWK-003-20260909-05,NRG-ERG-SWK-003,ndapewa.shikongo.00305,2026-09-09T07:00:00,2026-09-09T21:00:00,till_operator
SH-NRG-ERG-WVB-002-20260909-01,NRG-ERG-WVB-002,anna.nuugulu.00201,2026-09-09T07:00:00,2026-09-09T21:00:00,till_operator
SH-NRG-ERG-WVB-002-20260909-02,NRG-ERG-WVB-002,anna.kavari.00202,2026-09-09T07:00:00,2026-09-09T21:00:00,till_operator
SH-NRG-ERG-WVB-002-20260909-03,NRG-ERG-WVB-002,anna.haufiku.00203,2026-09-09T07:00:00,2026-09-09T21:00:00,till_operator
SH-NRG-ERG-WVB-002-20260909-04,NRG-ERG-WVB-002,anna.mbeha.00204,2026-09-09T07:00:00,2026-09-09T21:00:00,till_operator
SH-NRG-ERG-WVB-002-20260909-05,NRG-ERG-WVB-002,anna.nakale.00205,2026-09-09T07:00:00,2026-09-09T21:00:00,till_operator
SH-NRG-HAR-REH-011-20260909-01,NRG-HAR-REH-011,ndapewa.kavari.01101,2026-09-09T07:00:00,2026-09-09T21:00:00,till_operator
SH-NRG-HAR-REH-011-20260909-02,NRG-HAR-REH-011,ndapewa.haufiku.01102,2026-09-09T07:00:00,2026-09-09T21:00:00,till_operator
SH-NRG-HAR-REH-011-20260909-03,NRG-HAR-REH-011,ndapewa.mbeha.01103,2026-09-09T07:00:00,2026-09-09T21:00:00,till_operator
SH-NRG-HAR-REH-011-20260909-04,NRG-HAR-REH-011,ndapewa.nakale.01104,2026-09-09T07:00:00,2026-09-09T21:00:00,till_operator
SH-NRG-KHA-KTM-007-20260909-01,NRG-KHA-KTM-007,paulus.shikongo.00701,2026-09-09T07:00:00,2026-09-09T21:00:00,till_operator
SH-NRG-KHA-KTM-007-20260909-02,NRG-KHA-KTM-007,paulus.hamutenya.00702,2026-09-09T07:00:00,2026-09-09T21:00:00,till_operator
SH-NRG-KHA-KTM-007-20260909-03,NRG-KHA-KTM-007,paulus.amadhila.00703,2026-09-09T07:00:00,2026-09-09T21:00:00,till_operator
SH-NRG-KHA-KTM-007-20260909-04,NRG-KHA-KTM-007,paulus.nuugulu.00704,2026-09-09T07:00:00,2026-09-09T21:00:00,till_operator
SH-NRG-KHO-WDH-001-20260909-01,NRG-KHO-WDH-001,selma.amadhila.00101,2026-09-09T07:00:00,2026-09-09T21:00:00,till_operator
SH-NRG-KHO-WDH-001-20260909-02,NRG-KHO-WDH-001,selma.nuugulu.00102,2026-09-09T07:00:00,2026-09-09T21:00:00,till_operator
SH-NRG-KHO-WDH-001-20260909-03,NRG-KHO-WDH-001,selma.kavari.00103,2026-09-09T07:00:00,2026-09-09T21:00:00,till_operator
SH-NRG-KHO-WDH-001-20260909-04,NRG-KHO-WDH-001,selma.haufiku.00104,2026-09-09T07:00:00,2026-09-09T21:00:00,till_operator
SH-NRG-KHO-WDH-001-20260909-05,NRG-KHO-WDH-001,selma.mbeha.00105,2026-09-09T07:00:00,2026-09-09T21:00:00,till_operator
SH-NRG-KVE-RUN-005-20260909-01,NRG-KVE-RUN-005,martha.mbeha.00501,2026-09-09T07:00:00,2026-09-09T21:00:00,till_operator
SH-NRG-KVE-RUN-005-20260909-02,NRG-KVE-RUN-005,martha.nakale.00502,2026-09-09T07:00:00,2026-09-09T21:00:00,till_operator
SH-NRG-KVE-RUN-005-20260909-03,NRG-KVE-RUN-005,martha.shikongo.00503,2026-09-09T07:00:00,2026-09-09T21:00:00,till_operator
SH-NRG-KVE-RUN-005-20260909-04,NRG-KVE-RUN-005,martha.hamutenya.00504,2026-09-09T07:00:00,2026-09-09T21:00:00,till_operator
SH-NRG-KVE-RUN-005-20260909-05,NRG-KVE-RUN-005,martha.amadhila.00505,2026-09-09T07:00:00,2026-09-09T21:00:00,till_operator
SH-NRG-OME-GOB-010-20260909-01,NRG-OME-GOB-010,anna.nuugulu.01001,2026-09-09T07:00:00,2026-09-09T21:00:00,till_operator
SH-NRG-OME-GOB-010-20260909-02,NRG-OME-GOB-010,anna.kavari.01002,2026-09-09T07:00:00,2026-09-09T21:00:00,till_operator
SH-NRG-OME-GOB-010-20260909-03,NRG-OME-GOB-010,anna.haufiku.01003,2026-09-09T07:00:00,2026-09-09T21:00:00,till_operator
SH-NRG-OME-GOB-010-20260909-04,NRG-OME-GOB-010,anna.mbeha.01004,2026-09-09T07:00:00,2026-09-09T21:00:00,till_operator
SH-NRG-OSA-OND-012-20260909-01,NRG-OSA-OND-012,petrus.haufiku.01201,2026-09-09T07:00:00,2026-09-09T21:00:00,till_operator
SH-NRG-OSA-OND-012-20260909-02,NRG-OSA-OND-012,petrus.mbeha.01202,2026-09-09T07:00:00,2026-09-09T21:00:00,till_operator
SH-NRG-OSA-OND-012-20260909-03,NRG-OSA-OND-012,petrus.nakale.01203,2026-09-09T07:00:00,2026-09-09T21:00:00,till_operator
SH-NRG-OSA-OND-012-20260909-04,NRG-OSA-OND-012,petrus.shikongo.01204,2026-09-09T07:00:00,2026-09-09T21:00:00,till_operator
SH-NRG-OSA-OSK-004-20260909-01,NRG-OSA-OSK-004,petrus.haufiku.00401,2026-09-09T07:00:00,2026-09-09T21:00:00,till_operator
SH-NRG-OSA-OSK-004-20260909-02,NRG-OSA-OSK-004,petrus.mbeha.00402,2026-09-09T07:00:00,2026-09-09T21:00:00,till_operator
SH-NRG-OSA-OSK-004-20260909-03,NRG-OSA-OSK-004,petrus.nakale.00403,2026-09-09T07:00:00,2026-09-09T21:00:00,till_operator
SH-NRG-OSA-OSK-004-20260909-04,NRG-OSA-OSK-004,petrus.shikongo.00404,2026-09-09T07:00:00,2026-09-09T21:00:00,till_operator
SH-NRG-OSA-OSK-004-20260909-05,NRG-OSA-OSK-004,petrus.hamutenya.00405,2026-09-09T07:00:00,2026-09-09T21:00:00,till_operator
SH-NRG-OSI-TSU-009-20260909-01,NRG-OSI-TSU-009,selma.amadhila.00901,2026-09-09T07:00:00,2026-09-09T21:00:00,till_operator
SH-NRG-OSI-TSU-009-20260909-02,NRG-OSI-TSU-009,selma.nuugulu.00902,2026-09-09T07:00:00,2026-09-09T21:00:00,till_operator
SH-NRG-OSI-TSU-009-20260909-03,NRG-OSI-TSU-009,selma.kavari.00903,2026-09-09T07:00:00,2026-09-09T21:00:00,till_operator
SH-NRG-OSI-TSU-009-20260909-04,NRG-OSI-TSU-009,selma.haufiku.00904,2026-09-09T07:00:00,2026-09-09T21:00:00,till_operator
SH-NRG-OTJ-OTW-006-20260909-01,NRG-OTJ-OTW-006,nela.nakale.00601,2026-09-09T07:00:00,2026-09-09T21:00:00,till_operator
SH-NRG-OTJ-OTW-006-20260909-02,NRG-OTJ-OTW-006,nela.shikongo.00602,2026-09-09T07:00:00,2026-09-09T21:00:00,till_operator
SH-NRG-OTJ-OTW-006-20260909-03,NRG-OTJ-OTW-006,nela.hamutenya.00603,2026-09-09T07:00:00,2026-09-09T21:00:00,till_operator
SH-NRG-OTJ-OTW-006-20260909-04,NRG-OTJ-OTW-006,nela.amadhila.00604,2026-09-09T07:00:00,2026-09-09T21:00:00,till_operator
SH-NRG-OTJ-OTW-006-20260909-05,NRG-OTJ-OTW-006,nela.nuugulu.00605,2026-09-09T07:00:00,2026-09-09T21:00:00,till_operator
SH-NRG-ZAM-KTM-008-20260909-01,NRG-ZAM-KTM-008,elina.hamutenya.00801,2026-09-09T07:00:00,2026-09-09T21:00:00,till_operator
SH-NRG-ZAM-KTM-008-20260909-02,NRG-ZAM-KTM-008,elina.amadhila.00802,2026-09-09T07:00:00,2026-09-09T21:00:00,till_operator
SH-NRG-ZAM-KTM-008-20260909-03,NRG-ZAM-KTM-008,elina.nuugulu.00803,2026-09-09T07:00:00,2026-09-09T21:00:00,till_operator
SH-NRG-ZAM-KTM-008-20260909-04,NRG-ZAM-KTM-008,elina.kavari.00804,2026-09-09T07:00:00,2026-09-09T21:00:00,till_operator
SH-NRG-ERG-SWK-003-20260910-01,NRG-ERG-SWK-003,ndapewa.kavari.00301,2026-09-10T07:00:00,2026-09-10T21:00:00,till_operator
SH-NRG-ERG-SWK-003-20260910-02,NRG-ERG-SWK-003,ndapewa.haufiku.00302,2026-09-10T07:00:00,2026-09-10T21:00:00,till_operator
SH-NRG-ERG-SWK-003-20260910-03,NRG-ERG-SWK-003,ndapewa.mbeha.00303,2026-09-10T07:00:00,2026-09-10T21:00:00,till_operator
SH-NRG-ERG-SWK-003-20260910-04,NRG-ERG-SWK-003,ndapewa.nakale.00304,2026-09-10T07:00:00,2026-09-10T21:00:00,till_operator
SH-NRG-ERG-SWK-003-20260910-05,NRG-ERG-SWK-003,ndapewa.shikongo.00305,2026-09-10T07:00:00,2026-09-10T21:00:00,till_operator
SH-NRG-ERG-WVB-002-20260910-01,NRG-ERG-WVB-002,anna.nuugulu.00201,2026-09-10T07:00:00,2026-09-10T21:00:00,till_operator
SH-NRG-ERG-WVB-002-20260910-02,NRG-ERG-WVB-002,anna.kavari.00202,2026-09-10T07:00:00,2026-09-10T21:00:00,till_operator
SH-NRG-ERG-WVB-002-20260910-03,NRG-ERG-WVB-002,anna.haufiku.00203,2026-09-10T07:00:00,2026-09-10T21:00:00,till_operator
SH-NRG-ERG-WVB-002-20260910-04,NRG-ERG-WVB-002,anna.mbeha.00204,2026-09-10T07:00:00,2026-09-10T21:00:00,till_operator
SH-NRG-ERG-WVB-002-20260910-05,NRG-ERG-WVB-002,anna.nakale.00205,2026-09-10T07:00:00,2026-09-10T21:00:00,till_operator
SH-NRG-HAR-REH-011-20260910-01,NRG-HAR-REH-011,ndapewa.kavari.01101,2026-09-10T07:00:00,2026-09-10T21:00:00,till_operator
SH-NRG-HAR-REH-011-20260910-02,NRG-HAR-REH-011,ndapewa.haufiku.01102,2026-09-10T07:00:00,2026-09-10T21:00:00,till_operator
SH-NRG-HAR-REH-011-20260910-03,NRG-HAR-REH-011,ndapewa.mbeha.01103,2026-09-10T07:00:00,2026-09-10T21:00:00,till_operator
SH-NRG-HAR-REH-011-20260910-04,NRG-HAR-REH-011,ndapewa.nakale.01104,2026-09-10T07:00:00,2026-09-10T21:00:00,till_operator
SH-NRG-KHA-KTM-007-20260910-01,NRG-KHA-KTM-007,paulus.shikongo.00701,2026-09-10T07:00:00,2026-09-10T21:00:00,till_operator
SH-NRG-KHA-KTM-007-20260910-02,NRG-KHA-KTM-007,paulus.hamutenya.00702,2026-09-10T07:00:00,2026-09-10T21:00:00,till_operator
SH-NRG-KHA-KTM-007-20260910-03,NRG-KHA-KTM-007,paulus.amadhila.00703,2026-09-10T07:00:00,2026-09-10T21:00:00,till_operator
SH-NRG-KHA-KTM-007-20260910-04,NRG-KHA-KTM-007,paulus.nuugulu.00704,2026-09-10T07:00:00,2026-09-10T21:00:00,till_operator
SH-NRG-KHO-WDH-001-20260910-01,NRG-KHO-WDH-001,selma.amadhila.00101,2026-09-10T07:00:00,2026-09-10T21:00:00,till_operator
SH-NRG-KHO-WDH-001-20260910-02,NRG-KHO-WDH-001,selma.nuugulu.00102,2026-09-10T07:00:00,2026-09-10T21:00:00,till_operator
SH-NRG-KHO-WDH-001-20260910-03,NRG-KHO-WDH-001,selma.kavari.00103,2026-09-10T07:00:00,2026-09-10T21:00:00,till_operator
SH-NRG-KHO-WDH-001-20260910-04,NRG-KHO-WDH-001,selma.haufiku.00104,2026-09-10T07:00:00,2026-09-10T21:00:00,till_operator
SH-NRG-KHO-WDH-001-20260910-05,NRG-KHO-WDH-001,selma.mbeha.00105,2026-09-10T07:00:00,2026-09-10T21:00:00,till_operator
SH-NRG-KVE-RUN-005-20260910-01,NRG-KVE-RUN-005,martha.mbeha.00501,2026-09-10T07:00:00,2026-09-10T21:00:00,till_operator
SH-NRG-KVE-RUN-005-20260910-02,NRG-KVE-RUN-005,martha.nakale.00502,2026-09-10T07:00:00,2026-09-10T21:00:00,till_operator
SH-NRG-KVE-RUN-005-20260910-03,NRG-KVE-RUN-005,martha.shikongo.00503,2026-09-10T07:00:00,2026-09-10T21:00:00,till_operator
SH-NRG-KVE-RUN-005-20260910-04,NRG-KVE-RUN-005,martha.hamutenya.00504,2026-09-10T07:00:00,2026-09-10T21:00:00,till_operator
SH-NRG-KVE-RUN-005-20260910-05,NRG-KVE-RUN-005,martha.amadhila.00505,2026-09-10T07:00:00,2026-09-10T21:00:00,till_operator
SH-NRG-OME-GOB-010-20260910-01,NRG-OME-GOB-010,anna.nuugulu.01001,2026-09-10T07:00:00,2026-09-10T21:00:00,till_operator
SH-NRG-OME-GOB-010-20260910-02,NRG-OME-GOB-010,anna.kavari.01002,2026-09-10T07:00:00,2026-09-10T21:00:00,till_operator
SH-NRG-OME-GOB-010-20260910-03,NRG-OME-GOB-010,anna.haufiku.01003,2026-09-10T07:00:00,2026-09-10T21:00:00,till_operator
SH-NRG-OME-GOB-010-20260910-04,NRG-OME-GOB-010,anna.mbeha.01004,2026-09-10T07:00:00,2026-09-10T21:00:00,till_operator
SH-NRG-OSA-OND-012-20260910-01,NRG-OSA-OND-012,petrus.haufiku.01201,2026-09-10T07:00:00,2026-09-10T21:00:00,till_operator
SH-NRG-OSA-OND-012-20260910-02,NRG-OSA-OND-012,petrus.mbeha.01202,2026-09-10T07:00:00,2026-09-10T21:00:00,till_operator
SH-NRG-OSA-OND-012-20260910-03,NRG-OSA-OND-012,petrus.nakale.01203,2026-09-10T07:00:00,2026-09-10T21:00:00,till_operator
SH-NRG-OSA-OND-012-20260910-04,NRG-OSA-OND-012,petrus.shikongo.01204,2026-09-10T07:00:00,2026-09-10T21:00:00,till_operator
SH-NRG-OSA-OSK-004-20260910-01,NRG-OSA-OSK-004,petrus.haufiku.00401,2026-09-10T07:00:00,2026-09-10T21:00:00,till_operator
SH-NRG-OSA-OSK-004-20260910-02,NRG-OSA-OSK-004,petrus.mbeha.00402,2026-09-10T07:00:00,2026-09-10T21:00:00,till_operator
SH-NRG-OSA-OSK-004-20260910-03,NRG-OSA-OSK-004,petrus.nakale.00403,2026-09-10T07:00:00,2026-09-10T21:00:00,till_operator
SH-NRG-OSA-OSK-004-20260910-04,NRG-OSA-OSK-004,petrus.shikongo.00404,2026-09-10T07:00:00,2026-09-10T21:00:00,till_operator
SH-NRG-OSA-OSK-004-20260910-05,NRG-OSA-OSK-004,petrus.hamutenya.00405,2026-09-10T07:00:00,2026-09-10T21:00:00,till_operator
SH-NRG-OSI-TSU-009-20260910-01,NRG-OSI-TSU-009,selma.amadhila.00901,2026-09-10T07:00:00,2026-09-10T21:00:00,till_operator
SH-NRG-OSI-TSU-009-20260910-02,NRG-OSI-TSU-009,selma.nuugulu.00902,2026-09-10T07:00:00,2026-09-10T21:00:00,till_operator
SH-NRG-OSI-TSU-009-20260910-03,NRG-OSI-TSU-009,selma.kavari.00903,2026-09-10T07:00:00,2026-09-10T21:00:00,till_operator
SH-NRG-OSI-TSU-009-20260910-04,NRG-OSI-TSU-009,selma.haufiku.00904,2026-09-10T07:00:00,2026-09-10T21:00:00,till_operator
SH-NRG-OTJ-OTW-006-20260910-01,NRG-OTJ-OTW-006,nela.nakale.00601,2026-09-10T07:00:00,2026-09-10T21:00:00,till_operator
SH-NRG-OTJ-OTW-006-20260910-02,NRG-OTJ-OTW-006,nela.shikongo.00602,2026-09-10T07:00:00,2026-09-10T21:00:00,till_operator
SH-NRG-OTJ-OTW-006-20260910-03,NRG-OTJ-OTW-006,nela.hamutenya.00603,2026-09-10T07:00:00,2026-09-10T21:00:00,till_operator
SH-NRG-OTJ-OTW-006-20260910-04,NRG-OTJ-OTW-006,nela.amadhila.00604,2026-09-10T07:00:00,2026-09-10T21:00:00,till_operator
SH-NRG-OTJ-OTW-006-20260910-05,NRG-OTJ-OTW-006,nela.nuugulu.00605,2026-09-10T07:00:00,2026-09-10T21:00:00,till_operator
SH-NRG-ZAM-KTM-008-20260910-01,NRG-ZAM-KTM-008,elina.hamutenya.00801,2026-09-10T07:00:00,2026-09-10T21:00:00,till_operator
SH-NRG-ZAM-KTM-008-20260910-02,NRG-ZAM-KTM-008,elina.amadhila.00802,2026-09-10T07:00:00,2026-09-10T21:00:00,till_operator
SH-NRG-ZAM-KTM-008-20260910-03,NRG-ZAM-KTM-008,elina.nuugulu.00803,2026-09-10T07:00:00,2026-09-10T21:00:00,till_operator
SH-NRG-ZAM-KTM-008-20260910-04,NRG-ZAM-KTM-008,elina.kavari.00804,2026-09-10T07:00:00,2026-09-10T21:00:00,till_operator
SH-NRG-ERG-SWK-003-20260911-01,NRG-ERG-SWK-003,ndapewa.kavari.00301,2026-09-11T07:00:00,2026-09-11T21:00:00,till_operator
SH-NRG-ERG-SWK-003-20260911-02,NRG-ERG-SWK-003,ndapewa.haufiku.00302,2026-09-11T07:00:00,2026-09-11T21:00:00,till_operator
SH-NRG-ERG-SWK-003-20260911-03,NRG-ERG-SWK-003,ndapewa.mbeha.00303,2026-09-11T07:00:00,2026-09-11T21:00:00,till_operator
SH-NRG-ERG-SWK-003-20260911-04,NRG-ERG-SWK-003,ndapewa.nakale.00304,2026-09-11T07:00:00,2026-09-11T21:00:00,till_operator
SH-NRG-ERG-SWK-003-20260911-05,NRG-ERG-SWK-003,ndapewa.shikongo.00305,2026-09-11T07:00:00,2026-09-11T21:00:00,till_operator
SH-NRG-ERG-WVB-002-20260911-01,NRG-ERG-WVB-002,anna.nuugulu.00201,2026-09-11T07:00:00,2026-09-11T21:00:00,till_operator
SH-NRG-ERG-WVB-002-20260911-02,NRG-ERG-WVB-002,anna.kavari.00202,2026-09-11T07:00:00,2026-09-11T21:00:00,till_operator
SH-NRG-ERG-WVB-002-20260911-03,NRG-ERG-WVB-002,anna.haufiku.00203,2026-09-11T07:00:00,2026-09-11T21:00:00,till_operator
SH-NRG-ERG-WVB-002-20260911-04,NRG-ERG-WVB-002,anna.mbeha.00204,2026-09-11T07:00:00,2026-09-11T21:00:00,till_operator
SH-NRG-ERG-WVB-002-20260911-05,NRG-ERG-WVB-002,anna.nakale.00205,2026-09-11T07:00:00,2026-09-11T21:00:00,till_operator
SH-NRG-HAR-REH-011-20260911-01,NRG-HAR-REH-011,ndapewa.kavari.01101,2026-09-11T07:00:00,2026-09-11T21:00:00,till_operator
SH-NRG-HAR-REH-011-20260911-02,NRG-HAR-REH-011,ndapewa.haufiku.01102,2026-09-11T07:00:00,2026-09-11T21:00:00,till_operator
SH-NRG-HAR-REH-011-20260911-03,NRG-HAR-REH-011,ndapewa.mbeha.01103,2026-09-11T07:00:00,2026-09-11T21:00:00,till_operator
SH-NRG-HAR-REH-011-20260911-04,NRG-HAR-REH-011,ndapewa.nakale.01104,2026-09-11T07:00:00,2026-09-11T21:00:00,till_operator
SH-NRG-KHA-KTM-007-20260911-01,NRG-KHA-KTM-007,paulus.shikongo.00701,2026-09-11T07:00:00,2026-09-11T21:00:00,till_operator
SH-NRG-KHA-KTM-007-20260911-02,NRG-KHA-KTM-007,paulus.hamutenya.00702,2026-09-11T07:00:00,2026-09-11T21:00:00,till_operator
SH-NRG-KHA-KTM-007-20260911-03,NRG-KHA-KTM-007,paulus.amadhila.00703,2026-09-11T07:00:00,2026-09-11T21:00:00,till_operator
SH-NRG-KHA-KTM-007-20260911-04,NRG-KHA-KTM-007,paulus.nuugulu.00704,2026-09-11T07:00:00,2026-09-11T21:00:00,till_operator
SH-NRG-KHO-WDH-001-20260911-01,NRG-KHO-WDH-001,selma.amadhila.00101,2026-09-11T07:00:00,2026-09-11T21:00:00,till_operator
SH-NRG-KHO-WDH-001-20260911-02,NRG-KHO-WDH-001,selma.nuugulu.00102,2026-09-11T07:00:00,2026-09-11T21:00:00,till_operator
SH-NRG-KHO-WDH-001-20260911-03,NRG-KHO-WDH-001,selma.kavari.00103,2026-09-11T07:00:00,2026-09-11T21:00:00,till_operator
SH-NRG-KHO-WDH-001-20260911-04,NRG-KHO-WDH-001,selma.haufiku.00104,2026-09-11T07:00:00,2026-09-11T21:00:00,till_operator
SH-NRG-KHO-WDH-001-20260911-05,NRG-KHO-WDH-001,selma.mbeha.00105,2026-09-11T07:00:00,2026-09-11T21:00:00,till_operator
SH-NRG-KVE-RUN-005-20260911-01,NRG-KVE-RUN-005,martha.mbeha.00501,2026-09-11T07:00:00,2026-09-11T21:00:00,till_operator
SH-NRG-KVE-RUN-005-20260911-02,NRG-KVE-RUN-005,martha.nakale.00502,2026-09-11T07:00:00,2026-09-11T21:00:00,till_operator
SH-NRG-KVE-RUN-005-20260911-03,NRG-KVE-RUN-005,martha.shikongo.00503,2026-09-11T07:00:00,2026-09-11T21:00:00,till_operator
SH-NRG-KVE-RUN-005-20260911-04,NRG-KVE-RUN-005,martha.hamutenya.00504,2026-09-11T07:00:00,2026-09-11T21:00:00,till_operator
SH-NRG-KVE-RUN-005-20260911-05,NRG-KVE-RUN-005,martha.amadhila.00505,2026-09-11T07:00:00,2026-09-11T21:00:00,till_operator
SH-NRG-OME-GOB-010-20260911-01,NRG-OME-GOB-010,anna.nuugulu.01001,2026-09-11T07:00:00,2026-09-11T21:00:00,till_operator
SH-NRG-OME-GOB-010-20260911-02,NRG-OME-GOB-010,anna.kavari.01002,2026-09-11T07:00:00,2026-09-11T21:00:00,till_operator
SH-NRG-OME-GOB-010-20260911-03,NRG-OME-GOB-010,anna.haufiku.01003,2026-09-11T07:00:00,2026-09-11T21:00:00,till_operator
SH-NRG-OME-GOB-010-20260911-04,NRG-OME-GOB-010,anna.mbeha.01004,2026-09-11T07:00:00,2026-09-11T21:00:00,till_operator
SH-NRG-OSA-OND-012-20260911-01,NRG-OSA-OND-012,petrus.haufiku.01201,2026-09-11T07:00:00,2026-09-11T21:00:00,till_operator
SH-NRG-OSA-OND-012-20260911-02,NRG-OSA-OND-012,petrus.mbeha.01202,2026-09-11T07:00:00,2026-09-11T21:00:00,till_operator
SH-NRG-OSA-OND-012-20260911-03,NRG-OSA-OND-012,petrus.nakale.01203,2026-09-11T07:00:00,2026-09-11T21:00:00,till_operator
SH-NRG-OSA-OND-012-20260911-04,NRG-OSA-OND-012,petrus.shikongo.01204,2026-09-11T07:00:00,2026-09-11T21:00:00,till_operator
SH-NRG-OSA-OSK-004-20260911-01,NRG-OSA-OSK-004,petrus.haufiku.00401,2026-09-11T07:00:00,2026-09-11T21:00:00,till_operator
SH-NRG-OSA-OSK-004-20260911-02,NRG-OSA-OSK-004,petrus.mbeha.00402,2026-09-11T07:00:00,2026-09-11T21:00:00,till_operator
SH-NRG-OSA-OSK-004-20260911-03,NRG-OSA-OSK-004,petrus.nakale.00403,2026-09-11T07:00:00,2026-09-11T21:00:00,till_operator
SH-NRG-OSA-OSK-004-20260911-04,NRG-OSA-OSK-004,petrus.shikongo.00404,2026-09-11T07:00:00,2026-09-11T21:00:00,till_operator
SH-NRG-OSA-OSK-004-20260911-05,NRG-OSA-OSK-004,petrus.hamutenya.00405,2026-09-11T07:00:00,2026-09-11T21:00:00,till_operator
SH-NRG-OSI-TSU-009-20260911-01,NRG-OSI-TSU-009,selma.amadhila.00901,2026-09-11T07:00:00,2026-09-11T21:00:00,till_operator
SH-NRG-OSI-TSU-009-20260911-02,NRG-OSI-TSU-009,selma.nuugulu.00902,2026-09-11T07:00:00,2026-09-11T21:00:00,till_operator
SH-NRG-OSI-TSU-009-20260911-03,NRG-OSI-TSU-009,selma.kavari.00903,2026-09-11T07:00:00,2026-09-11T21:00:00,till_operator
SH-NRG-OSI-TSU-009-20260911-04,NRG-OSI-TSU-009,selma.haufiku.00904,2026-09-11T07:00:00,2026-09-11T21:00:00,till_operator
SH-NRG-OTJ-OTW-006-20260911-01,NRG-OTJ-OTW-006,nela.nakale.00601,2026-09-11T07:00:00,2026-09-11T21:00:00,till_operator
SH-NRG-OTJ-OTW-006-20260911-02,NRG-OTJ-OTW-006,nela.shikongo.00602,2026-09-11T07:00:00,2026-09-11T21:00:00,till_operator
SH-NRG-OTJ-OTW-006-20260911-03,NRG-OTJ-OTW-006,nela.hamutenya.00603,2026-09-11T07:00:00,2026-09-11T21:00:00,till_operator
SH-NRG-OTJ-OTW-006-20260911-04,NRG-OTJ-OTW-006,nela.amadhila.00604,2026-09-11T07:00:00,2026-09-11T21:00:00,till_operator
SH-NRG-OTJ-OTW-006-20260911-05,NRG-OTJ-OTW-006,nela.nuugulu.00605,2026-09-11T07:00:00,2026-09-11T21:00:00,till_operator
SH-NRG-ZAM-KTM-008-20260911-01,NRG-ZAM-KTM-008,elina.hamutenya.00801,2026-09-11T07:00:00,2026-09-11T21:00:00,till_operator
SH-NRG-ZAM-KTM-008-20260911-02,NRG-ZAM-KTM-008,elina.amadhila.00802,2026-09-11T07:00:00,2026-09-11T21:00:00,till_operator
SH-NRG-ZAM-KTM-008-20260911-03,NRG-ZAM-KTM-008,elina.nuugulu.00803,2026-09-11T07:00:00,2026-09-11T21:00:00,till_operator
SH-NRG-ZAM-KTM-008-20260911-04,NRG-ZAM-KTM-008,elina.kavari.00804,2026-09-11T07:00:00,2026-09-11T21:00:00,till_operator
SH-NRG-ERG-SWK-003-20260912-01,NRG-ERG-SWK-003,ndapewa.kavari.00301,2026-09-12T07:00:00,2026-09-12T21:00:00,till_operator
SH-NRG-ERG-SWK-003-20260912-02,NRG-ERG-SWK-003,ndapewa.haufiku.00302,2026-09-12T07:00:00,2026-09-12T21:00:00,till_operator
SH-NRG-ERG-SWK-003-20260912-03,NRG-ERG-SWK-003,ndapewa.mbeha.00303,2026-09-12T07:00:00,2026-09-12T21:00:00,till_operator
SH-NRG-ERG-SWK-003-20260912-04,NRG-ERG-SWK-003,ndapewa.nakale.00304,2026-09-12T07:00:00,2026-09-12T21:00:00,till_operator
SH-NRG-ERG-SWK-003-20260912-05,NRG-ERG-SWK-003,ndapewa.shikongo.00305,2026-09-12T07:00:00,2026-09-12T21:00:00,till_operator
SH-NRG-ERG-WVB-002-20260912-01,NRG-ERG-WVB-002,anna.nuugulu.00201,2026-09-12T07:00:00,2026-09-12T21:00:00,till_operator
SH-NRG-ERG-WVB-002-20260912-02,NRG-ERG-WVB-002,anna.kavari.00202,2026-09-12T07:00:00,2026-09-12T21:00:00,till_operator
SH-NRG-ERG-WVB-002-20260912-03,NRG-ERG-WVB-002,anna.haufiku.00203,2026-09-12T07:00:00,2026-09-12T21:00:00,till_operator
SH-NRG-ERG-WVB-002-20260912-04,NRG-ERG-WVB-002,anna.mbeha.00204,2026-09-12T07:00:00,2026-09-12T21:00:00,till_operator
SH-NRG-ERG-WVB-002-20260912-05,NRG-ERG-WVB-002,anna.nakale.00205,2026-09-12T07:00:00,2026-09-12T21:00:00,till_operator
SH-NRG-HAR-REH-011-20260912-01,NRG-HAR-REH-011,ndapewa.kavari.01101,2026-09-12T07:00:00,2026-09-12T21:00:00,till_operator
SH-NRG-HAR-REH-011-20260912-02,NRG-HAR-REH-011,ndapewa.haufiku.01102,2026-09-12T07:00:00,2026-09-12T21:00:00,till_operator
SH-NRG-HAR-REH-011-20260912-03,NRG-HAR-REH-011,ndapewa.mbeha.01103,2026-09-12T07:00:00,2026-09-12T21:00:00,till_operator
SH-NRG-HAR-REH-011-20260912-04,NRG-HAR-REH-011,ndapewa.nakale.01104,2026-09-12T07:00:00,2026-09-12T21:00:00,till_operator
SH-NRG-KHA-KTM-007-20260912-01,NRG-KHA-KTM-007,paulus.shikongo.00701,2026-09-12T07:00:00,2026-09-12T21:00:00,till_operator
SH-NRG-KHA-KTM-007-20260912-02,NRG-KHA-KTM-007,paulus.hamutenya.00702,2026-09-12T07:00:00,2026-09-12T21:00:00,till_operator
SH-NRG-KHA-KTM-007-20260912-03,NRG-KHA-KTM-007,paulus.amadhila.00703,2026-09-12T07:00:00,2026-09-12T21:00:00,till_operator
SH-NRG-KHA-KTM-007-20260912-04,NRG-KHA-KTM-007,paulus.nuugulu.00704,2026-09-12T07:00:00,2026-09-12T21:00:00,till_operator
SH-NRG-KHO-WDH-001-20260912-01,NRG-KHO-WDH-001,selma.amadhila.00101,2026-09-12T07:00:00,2026-09-12T21:00:00,till_operator
SH-NRG-KHO-WDH-001-20260912-02,NRG-KHO-WDH-001,selma.nuugulu.00102,2026-09-12T07:00:00,2026-09-12T21:00:00,till_operator
SH-NRG-KHO-WDH-001-20260912-03,NRG-KHO-WDH-001,selma.kavari.00103,2026-09-12T07:00:00,2026-09-12T21:00:00,till_operator
SH-NRG-KHO-WDH-001-20260912-04,NRG-KHO-WDH-001,selma.haufiku.00104,2026-09-12T07:00:00,2026-09-12T21:00:00,till_operator
SH-NRG-KHO-WDH-001-20260912-05,NRG-KHO-WDH-001,selma.mbeha.00105,2026-09-12T07:00:00,2026-09-12T21:00:00,till_operator
SH-NRG-KVE-RUN-005-20260912-01,NRG-KVE-RUN-005,martha.mbeha.00501,2026-09-12T07:00:00,2026-09-12T21:00:00,till_operator
SH-NRG-KVE-RUN-005-20260912-02,NRG-KVE-RUN-005,martha.nakale.00502,2026-09-12T07:00:00,2026-09-12T21:00:00,till_operator
SH-NRG-KVE-RUN-005-20260912-03,NRG-KVE-RUN-005,martha.shikongo.00503,2026-09-12T07:00:00,2026-09-12T21:00:00,till_operator
SH-NRG-KVE-RUN-005-20260912-04,NRG-KVE-RUN-005,martha.hamutenya.00504,2026-09-12T07:00:00,2026-09-12T21:00:00,till_operator
SH-NRG-KVE-RUN-005-20260912-05,NRG-KVE-RUN-005,martha.amadhila.00505,2026-09-12T07:00:00,2026-09-12T21:00:00,till_operator
SH-NRG-OME-GOB-010-20260912-01,NRG-OME-GOB-010,anna.nuugulu.01001,2026-09-12T07:00:00,2026-09-12T21:00:00,till_operator
SH-NRG-OME-GOB-010-20260912-02,NRG-OME-GOB-010,anna.kavari.01002,2026-09-12T07:00:00,2026-09-12T21:00:00,till_operator
SH-NRG-OME-GOB-010-20260912-03,NRG-OME-GOB-010,anna.haufiku.01003,2026-09-12T07:00:00,2026-09-12T21:00:00,till_operator
SH-NRG-OME-GOB-010-20260912-04,NRG-OME-GOB-010,anna.mbeha.01004,2026-09-12T07:00:00,2026-09-12T21:00:00,till_operator
SH-NRG-OSA-OND-012-20260912-01,NRG-OSA-OND-012,petrus.haufiku.01201,2026-09-12T07:00:00,2026-09-12T21:00:00,till_operator
SH-NRG-OSA-OND-012-20260912-02,NRG-OSA-OND-012,petrus.mbeha.01202,2026-09-12T07:00:00,2026-09-12T21:00:00,till_operator
SH-NRG-OSA-OND-012-20260912-03,NRG-OSA-OND-012,petrus.nakale.01203,2026-09-12T07:00:00,2026-09-12T21:00:00,till_operator
SH-NRG-OSA-OND-012-20260912-04,NRG-OSA-OND-012,petrus.shikongo.01204,2026-09-12T07:00:00,2026-09-12T21:00:00,till_operator
SH-NRG-OSA-OSK-004-20260912-01,NRG-OSA-OSK-004,petrus.haufiku.00401,2026-09-12T07:00:00,2026-09-12T21:00:00,till_operator
SH-NRG-OSA-OSK-004-20260912-02,NRG-OSA-OSK-004,petrus.mbeha.00402,2026-09-12T07:00:00,2026-09-12T21:00:00,till_operator
SH-NRG-OSA-OSK-004-20260912-03,NRG-OSA-OSK-004,petrus.nakale.00403,2026-09-12T07:00:00,2026-09-12T21:00:00,till_operator
SH-NRG-OSA-OSK-004-20260912-04,NRG-OSA-OSK-004,petrus.shikongo.00404,2026-09-12T07:00:00,2026-09-12T21:00:00,till_operator
SH-NRG-OSA-OSK-004-20260912-05,NRG-OSA-OSK-004,petrus.hamutenya.00405,2026-09-12T07:00:00,2026-09-12T21:00:00,till_operator
SH-NRG-OSI-TSU-009-20260912-01,NRG-OSI-TSU-009,selma.amadhila.00901,2026-09-12T07:00:00,2026-09-12T21:00:00,till_operator
SH-NRG-OSI-TSU-009-20260912-02,NRG-OSI-TSU-009,selma.nuugulu.00902,2026-09-12T07:00:00,2026-09-12T21:00:00,till_operator
SH-NRG-OSI-TSU-009-20260912-03,NRG-OSI-TSU-009,selma.kavari.00903,2026-09-12T07:00:00,2026-09-12T21:00:00,till_operator
SH-NRG-OSI-TSU-009-20260912-04,NRG-OSI-TSU-009,selma.haufiku.00904,2026-09-12T07:00:00,2026-09-12T21:00:00,till_operator
SH-NRG-OTJ-OTW-006-20260912-01,NRG-OTJ-OTW-006,nela.nakale.00601,2026-09-12T07:00:00,2026-09-12T21:00:00,till_operator
SH-NRG-OTJ-OTW-006-20260912-02,NRG-OTJ-OTW-006,nela.shikongo.00602,2026-09-12T07:00:00,2026-09-12T21:00:00,till_operator
SH-NRG-OTJ-OTW-006-20260912-03,NRG-OTJ-OTW-006,nela.hamutenya.00603,2026-09-12T07:00:00,2026-09-12T21:00:00,till_operator
SH-NRG-OTJ-OTW-006-20260912-04,NRG-OTJ-OTW-006,nela.amadhila.00604,2026-09-12T07:00:00,2026-09-12T21:00:00,till_operator
SH-NRG-OTJ-OTW-006-20260912-05,NRG-OTJ-OTW-006,nela.nuugulu.00605,2026-09-12T07:00:00,2026-09-12T21:00:00,till_operator
SH-NRG-ZAM-KTM-008-20260912-01,NRG-ZAM-KTM-008,elina.hamutenya.00801,2026-09-12T07:00:00,2026-09-12T21:00:00,till_operator
SH-NRG-ZAM-KTM-008-20260912-02,NRG-ZAM-KTM-008,elina.amadhila.00802,2026-09-12T07:00:00,2026-09-12T21:00:00,till_operator
SH-NRG-ZAM-KTM-008-20260912-03,NRG-ZAM-KTM-008,elina.nuugulu.00803,2026-09-12T07:00:00,2026-09-12T21:00:00,till_operator
SH-NRG-ZAM-KTM-008-20260912-04,NRG-ZAM-KTM-008,elina.kavari.00804,2026-09-12T07:00:00,2026-09-12T21:00:00,till_operator
SH-NRG-ERG-SWK-003-20260913-01,NRG-ERG-SWK-003,ndapewa.kavari.00301,2026-09-13T07:00:00,2026-09-13T21:00:00,till_operator
SH-NRG-ERG-SWK-003-20260913-02,NRG-ERG-SWK-003,ndapewa.haufiku.00302,2026-09-13T07:00:00,2026-09-13T21:00:00,till_operator
SH-NRG-ERG-SWK-003-20260913-03,NRG-ERG-SWK-003,ndapewa.mbeha.00303,2026-09-13T07:00:00,2026-09-13T21:00:00,till_operator
SH-NRG-ERG-SWK-003-20260913-04,NRG-ERG-SWK-003,ndapewa.nakale.00304,2026-09-13T07:00:00,2026-09-13T21:00:00,till_operator
SH-NRG-ERG-SWK-003-20260913-05,NRG-ERG-SWK-003,ndapewa.shikongo.00305,2026-09-13T07:00:00,2026-09-13T21:00:00,till_operator
SH-NRG-ERG-WVB-002-20260913-01,NRG-ERG-WVB-002,anna.nuugulu.00201,2026-09-13T07:00:00,2026-09-13T21:00:00,till_operator
SH-NRG-ERG-WVB-002-20260913-02,NRG-ERG-WVB-002,anna.kavari.00202,2026-09-13T07:00:00,2026-09-13T21:00:00,till_operator
SH-NRG-ERG-WVB-002-20260913-03,NRG-ERG-WVB-002,anna.haufiku.00203,2026-09-13T07:00:00,2026-09-13T21:00:00,till_operator
SH-NRG-ERG-WVB-002-20260913-04,NRG-ERG-WVB-002,anna.mbeha.00204,2026-09-13T07:00:00,2026-09-13T21:00:00,till_operator
SH-NRG-ERG-WVB-002-20260913-05,NRG-ERG-WVB-002,anna.nakale.00205,2026-09-13T07:00:00,2026-09-13T21:00:00,till_operator
SH-NRG-HAR-REH-011-20260913-01,NRG-HAR-REH-011,ndapewa.kavari.01101,2026-09-13T07:00:00,2026-09-13T21:00:00,till_operator
SH-NRG-HAR-REH-011-20260913-02,NRG-HAR-REH-011,ndapewa.haufiku.01102,2026-09-13T07:00:00,2026-09-13T21:00:00,till_operator
SH-NRG-HAR-REH-011-20260913-03,NRG-HAR-REH-011,ndapewa.mbeha.01103,2026-09-13T07:00:00,2026-09-13T21:00:00,till_operator
SH-NRG-HAR-REH-011-20260913-04,NRG-HAR-REH-011,ndapewa.nakale.01104,2026-09-13T07:00:00,2026-09-13T21:00:00,till_operator
SH-NRG-KHA-KTM-007-20260913-01,NRG-KHA-KTM-007,paulus.shikongo.00701,2026-09-13T07:00:00,2026-09-13T21:00:00,till_operator
SH-NRG-KHA-KTM-007-20260913-02,NRG-KHA-KTM-007,paulus.hamutenya.00702,2026-09-13T07:00:00,2026-09-13T21:00:00,till_operator
SH-NRG-KHA-KTM-007-20260913-03,NRG-KHA-KTM-007,paulus.amadhila.00703,2026-09-13T07:00:00,2026-09-13T21:00:00,till_operator
SH-NRG-KHA-KTM-007-20260913-04,NRG-KHA-KTM-007,paulus.nuugulu.00704,2026-09-13T07:00:00,2026-09-13T21:00:00,till_operator
SH-NRG-KHO-WDH-001-20260913-01,NRG-KHO-WDH-001,selma.amadhila.00101,2026-09-13T07:00:00,2026-09-13T21:00:00,till_operator
SH-NRG-KHO-WDH-001-20260913-02,NRG-KHO-WDH-001,selma.nuugulu.00102,2026-09-13T07:00:00,2026-09-13T21:00:00,till_operator
SH-NRG-KHO-WDH-001-20260913-03,NRG-KHO-WDH-001,selma.kavari.00103,2026-09-13T07:00:00,2026-09-13T21:00:00,till_operator
SH-NRG-KHO-WDH-001-20260913-04,NRG-KHO-WDH-001,selma.haufiku.00104,2026-09-13T07:00:00,2026-09-13T21:00:00,till_operator
SH-NRG-KHO-WDH-001-20260913-05,NRG-KHO-WDH-001,selma.mbeha.00105,2026-09-13T07:00:00,2026-09-13T21:00:00,till_operator
SH-NRG-KVE-RUN-005-20260913-01,NRG-KVE-RUN-005,martha.mbeha.00501,2026-09-13T07:00:00,2026-09-13T21:00:00,till_operator
SH-NRG-KVE-RUN-005-20260913-02,NRG-KVE-RUN-005,martha.nakale.00502,2026-09-13T07:00:00,2026-09-13T21:00:00,till_operator
SH-NRG-KVE-RUN-005-20260913-03,NRG-KVE-RUN-005,martha.shikongo.00503,2026-09-13T07:00:00,2026-09-13T21:00:00,till_operator
SH-NRG-KVE-RUN-005-20260913-04,NRG-KVE-RUN-005,martha.hamutenya.00504,2026-09-13T07:00:00,2026-09-13T21:00:00,till_operator
SH-NRG-KVE-RUN-005-20260913-05,NRG-KVE-RUN-005,martha.amadhila.00505,2026-09-13T07:00:00,2026-09-13T21:00:00,till_operator
SH-NRG-OME-GOB-010-20260913-01,NRG-OME-GOB-010,anna.nuugulu.01001,2026-09-13T07:00:00,2026-09-13T21:00:00,till_operator
SH-NRG-OME-GOB-010-20260913-02,NRG-OME-GOB-010,anna.kavari.01002,2026-09-13T07:00:00,2026-09-13T21:00:00,till_operator
SH-NRG-OME-GOB-010-20260913-03,NRG-OME-GOB-010,anna.haufiku.01003,2026-09-13T07:00:00,2026-09-13T21:00:00,till_operator
SH-NRG-OME-GOB-010-20260913-04,NRG-OME-GOB-010,anna.mbeha.01004,2026-09-13T07:00:00,2026-09-13T21:00:00,till_operator
SH-NRG-OSA-OND-012-20260913-01,NRG-OSA-OND-012,petrus.haufiku.01201,2026-09-13T07:00:00,2026-09-13T21:00:00,till_operator
SH-NRG-OSA-OND-012-20260913-02,NRG-OSA-OND-012,petrus.mbeha.01202,2026-09-13T07:00:00,2026-09-13T21:00:00,till_operator
SH-NRG-OSA-OND-012-20260913-03,NRG-OSA-OND-012,petrus.nakale.01203,2026-09-13T07:00:00,2026-09-13T21:00:00,till_operator
SH-NRG-OSA-OND-012-20260913-04,NRG-OSA-OND-012,petrus.shikongo.01204,2026-09-13T07:00:00,2026-09-13T21:00:00,till_operator
SH-NRG-OSA-OSK-004-20260913-01,NRG-OSA-OSK-004,petrus.haufiku.00401,2026-09-13T07:00:00,2026-09-13T21:00:00,till_operator
SH-NRG-OSA-OSK-004-20260913-02,NRG-OSA-OSK-004,petrus.mbeha.00402,2026-09-13T07:00:00,2026-09-13T21:00:00,till_operator
SH-NRG-OSA-OSK-004-20260913-03,NRG-OSA-OSK-004,petrus.nakale.00403,2026-09-13T07:00:00,2026-09-13T21:00:00,till_operator
SH-NRG-OSA-OSK-004-20260913-04,NRG-OSA-OSK-004,petrus.shikongo.00404,2026-09-13T07:00:00,2026-09-13T21:00:00,till_operator
SH-NRG-OSA-OSK-004-20260913-05,NRG-OSA-OSK-004,petrus.hamutenya.00405,2026-09-13T07:00:00,2026-09-13T21:00:00,till_operator
SH-NRG-OSI-TSU-009-20260913-01,NRG-OSI-TSU-009,selma.amadhila.00901,2026-09-13T07:00:00,2026-09-13T21:00:00,till_operator
SH-NRG-OSI-TSU-009-20260913-02,NRG-OSI-TSU-009,selma.nuugulu.00902,2026-09-13T07:00:00,2026-09-13T21:00:00,till_operator
SH-NRG-OSI-TSU-009-20260913-03,NRG-OSI-TSU-009,selma.kavari.00903,2026-09-13T07:00:00,2026-09-13T21:00:00,till_operator
SH-NRG-OSI-TSU-009-20260913-04,NRG-OSI-TSU-009,selma.haufiku.00904,2026-09-13T07:00:00,2026-09-13T21:00:00,till_operator
SH-NRG-OTJ-OTW-006-20260913-01,NRG-OTJ-OTW-006,nela.nakale.00601,2026-09-13T07:00:00,2026-09-13T21:00:00,till_operator
SH-NRG-OTJ-OTW-006-20260913-02,NRG-OTJ-OTW-006,nela.shikongo.00602,2026-09-13T07:00:00,2026-09-13T21:00:00,till_operator
SH-NRG-OTJ-OTW-006-20260913-03,NRG-OTJ-OTW-006,nela.hamutenya.00603,2026-09-13T07:00:00,2026-09-13T21:00:00,till_operator
SH-NRG-OTJ-OTW-006-20260913-04,NRG-OTJ-OTW-006,nela.amadhila.00604,2026-09-13T07:00:00,2026-09-13T21:00:00,till_operator
SH-NRG-OTJ-OTW-006-20260913-05,NRG-OTJ-OTW-006,nela.nuugulu.00605,2026-09-13T07:00:00,2026-09-13T21:00:00,till_operator
SH-NRG-ZAM-KTM-008-20260913-01,NRG-ZAM-KTM-008,elina.hamutenya.00801,2026-09-13T07:00:00,2026-09-13T21:00:00,till_operator
SH-NRG-ZAM-KTM-008-20260913-02,NRG-ZAM-KTM-008,elina.amadhila.00802,2026-09-13T07:00:00,2026-09-13T21:00:00,till_operator
SH-NRG-ZAM-KTM-008-20260913-03,NRG-ZAM-KTM-008,elina.nuugulu.00803,2026-09-13T07:00:00,2026-09-13T21:00:00,till_operator
SH-NRG-ZAM-KTM-008-20260913-04,NRG-ZAM-KTM-008,elina.kavari.00804,2026-09-13T07:00:00,2026-09-13T21:00:00,till_operator
SH-NRG-ERG-SWK-003-20260914-01,NRG-ERG-SWK-003,ndapewa.kavari.00301,2026-09-14T07:00:00,2026-09-14T21:00:00,till_operator
SH-NRG-ERG-SWK-003-20260914-02,NRG-ERG-SWK-003,ndapewa.haufiku.00302,2026-09-14T07:00:00,2026-09-14T21:00:00,till_operator
SH-NRG-ERG-SWK-003-20260914-03,NRG-ERG-SWK-003,ndapewa.mbeha.00303,2026-09-14T07:00:00,2026-09-14T21:00:00,till_operator
SH-NRG-ERG-SWK-003-20260914-04,NRG-ERG-SWK-003,ndapewa.nakale.00304,2026-09-14T07:00:00,2026-09-14T21:00:00,till_operator
SH-NRG-ERG-SWK-003-20260914-05,NRG-ERG-SWK-003,ndapewa.shikongo.00305,2026-09-14T07:00:00,2026-09-14T21:00:00,till_operator
SH-NRG-ERG-WVB-002-20260914-01,NRG-ERG-WVB-002,anna.nuugulu.00201,2026-09-14T07:00:00,2026-09-14T21:00:00,till_operator
SH-NRG-ERG-WVB-002-20260914-02,NRG-ERG-WVB-002,anna.kavari.00202,2026-09-14T07:00:00,2026-09-14T21:00:00,till_operator
SH-NRG-ERG-WVB-002-20260914-03,NRG-ERG-WVB-002,anna.haufiku.00203,2026-09-14T07:00:00,2026-09-14T21:00:00,till_operator
SH-NRG-ERG-WVB-002-20260914-04,NRG-ERG-WVB-002,anna.mbeha.00204,2026-09-14T07:00:00,2026-09-14T21:00:00,till_operator
SH-NRG-ERG-WVB-002-20260914-05,NRG-ERG-WVB-002,anna.nakale.00205,2026-09-14T07:00:00,2026-09-14T21:00:00,till_operator
SH-NRG-HAR-REH-011-20260914-01,NRG-HAR-REH-011,ndapewa.kavari.01101,2026-09-14T07:00:00,2026-09-14T21:00:00,till_operator
SH-NRG-HAR-REH-011-20260914-02,NRG-HAR-REH-011,ndapewa.haufiku.01102,2026-09-14T07:00:00,2026-09-14T21:00:00,till_operator
SH-NRG-HAR-REH-011-20260914-03,NRG-HAR-REH-011,ndapewa.mbeha.01103,2026-09-14T07:00:00,2026-09-14T21:00:00,till_operator
SH-NRG-HAR-REH-011-20260914-04,NRG-HAR-REH-011,ndapewa.nakale.01104,2026-09-14T07:00:00,2026-09-14T21:00:00,till_operator
SH-NRG-KHA-KTM-007-20260914-01,NRG-KHA-KTM-007,paulus.shikongo.00701,2026-09-14T07:00:00,2026-09-14T21:00:00,till_operator
SH-NRG-KHA-KTM-007-20260914-02,NRG-KHA-KTM-007,paulus.hamutenya.00702,2026-09-14T07:00:00,2026-09-14T21:00:00,till_operator
SH-NRG-KHA-KTM-007-20260914-03,NRG-KHA-KTM-007,paulus.amadhila.00703,2026-09-14T07:00:00,2026-09-14T21:00:00,till_operator
SH-NRG-KHA-KTM-007-20260914-04,NRG-KHA-KTM-007,paulus.nuugulu.00704,2026-09-14T07:00:00,2026-09-14T21:00:00,till_operator
SH-NRG-KHO-WDH-001-20260914-01,NRG-KHO-WDH-001,selma.amadhila.00101,2026-09-14T07:00:00,2026-09-14T21:00:00,till_operator
SH-NRG-KHO-WDH-001-20260914-02,NRG-KHO-WDH-001,selma.nuugulu.00102,2026-09-14T07:00:00,2026-09-14T21:00:00,till_operator
SH-NRG-KHO-WDH-001-20260914-03,NRG-KHO-WDH-001,selma.kavari.00103,2026-09-14T07:00:00,2026-09-14T21:00:00,till_operator
SH-NRG-KHO-WDH-001-20260914-04,NRG-KHO-WDH-001,selma.haufiku.00104,2026-09-14T07:00:00,2026-09-14T21:00:00,till_operator
SH-NRG-KHO-WDH-001-20260914-05,NRG-KHO-WDH-001,selma.mbeha.00105,2026-09-14T07:00:00,2026-09-14T21:00:00,till_operator
SH-NRG-KVE-RUN-005-20260914-01,NRG-KVE-RUN-005,martha.mbeha.00501,2026-09-14T07:00:00,2026-09-14T21:00:00,till_operator
SH-NRG-KVE-RUN-005-20260914-02,NRG-KVE-RUN-005,martha.nakale.00502,2026-09-14T07:00:00,2026-09-14T21:00:00,till_operator
SH-NRG-KVE-RUN-005-20260914-03,NRG-KVE-RUN-005,martha.shikongo.00503,2026-09-14T07:00:00,2026-09-14T21:00:00,till_operator
SH-NRG-KVE-RUN-005-20260914-04,NRG-KVE-RUN-005,martha.hamutenya.00504,2026-09-14T07:00:00,2026-09-14T21:00:00,till_operator
SH-NRG-KVE-RUN-005-20260914-05,NRG-KVE-RUN-005,martha.amadhila.00505,2026-09-14T07:00:00,2026-09-14T21:00:00,till_operator
SH-NRG-OME-GOB-010-20260914-01,NRG-OME-GOB-010,anna.nuugulu.01001,2026-09-14T07:00:00,2026-09-14T21:00:00,till_operator
SH-NRG-OME-GOB-010-20260914-02,NRG-OME-GOB-010,anna.kavari.01002,2026-09-14T07:00:00,2026-09-14T21:00:00,till_operator
SH-NRG-OME-GOB-010-20260914-03,NRG-OME-GOB-010,anna.haufiku.01003,2026-09-14T07:00:00,2026-09-14T21:00:00,till_operator
SH-NRG-OME-GOB-010-20260914-04,NRG-OME-GOB-010,anna.mbeha.01004,2026-09-14T07:00:00,2026-09-14T21:00:00,till_operator
SH-NRG-OSA-OND-012-20260914-01,NRG-OSA-OND-012,petrus.haufiku.01201,2026-09-14T07:00:00,2026-09-14T21:00:00,till_operator
SH-NRG-OSA-OND-012-20260914-02,NRG-OSA-OND-012,petrus.mbeha.01202,2026-09-14T07:00:00,2026-09-14T21:00:00,till_operator
SH-NRG-OSA-OND-012-20260914-03,NRG-OSA-OND-012,petrus.nakale.01203,2026-09-14T07:00:00,2026-09-14T21:00:00,till_operator
SH-NRG-OSA-OND-012-20260914-04,NRG-OSA-OND-012,petrus.shikongo.01204,2026-09-14T07:00:00,2026-09-14T21:00:00,till_operator
SH-NRG-OSA-OSK-004-20260914-01,NRG-OSA-OSK-004,petrus.haufiku.00401,2026-09-14T07:00:00,2026-09-14T21:00:00,till_operator
SH-NRG-OSA-OSK-004-20260914-02,NRG-OSA-OSK-004,petrus.mbeha.00402,2026-09-14T07:00:00,2026-09-14T21:00:00,till_operator
SH-NRG-OSA-OSK-004-20260914-03,NRG-OSA-OSK-004,petrus.nakale.00403,2026-09-14T07:00:00,2026-09-14T21:00:00,till_operator
SH-NRG-OSA-OSK-004-20260914-04,NRG-OSA-OSK-004,petrus.shikongo.00404,2026-09-14T07:00:00,2026-09-14T21:00:00,till_operator
SH-NRG-OSA-OSK-004-20260914-05,NRG-OSA-OSK-004,petrus.hamutenya.00405,2026-09-14T07:00:00,2026-09-14T21:00:00,till_operator
SH-NRG-OSI-TSU-009-20260914-01,NRG-OSI-TSU-009,selma.amadhila.00901,2026-09-14T07:00:00,2026-09-14T21:00:00,till_operator
SH-NRG-OSI-TSU-009-20260914-02,NRG-OSI-TSU-009,selma.nuugulu.00902,2026-09-14T07:00:00,2026-09-14T21:00:00,till_operator
SH-NRG-OSI-TSU-009-20260914-03,NRG-OSI-TSU-009,selma.kavari.00903,2026-09-14T07:00:00,2026-09-14T21:00:00,till_operator
SH-NRG-OSI-TSU-009-20260914-04,NRG-OSI-TSU-009,selma.haufiku.00904,2026-09-14T07:00:00,2026-09-14T21:00:00,till_operator
SH-NRG-OTJ-OTW-006-20260914-01,NRG-OTJ-OTW-006,nela.nakale.00601,2026-09-14T07:00:00,2026-09-14T21:00:00,till_operator
SH-NRG-OTJ-OTW-006-20260914-02,NRG-OTJ-OTW-006,nela.shikongo.00602,2026-09-14T07:00:00,2026-09-14T21:00:00,till_operator
SH-NRG-OTJ-OTW-006-20260914-03,NRG-OTJ-OTW-006,nela.hamutenya.00603,2026-09-14T07:00:00,2026-09-14T21:00:00,till_operator
SH-NRG-OTJ-OTW-006-20260914-04,NRG-OTJ-OTW-006,nela.amadhila.00604,2026-09-14T07:00:00,2026-09-14T21:00:00,till_operator
SH-NRG-OTJ-OTW-006-20260914-05,NRG-OTJ-OTW-006,nela.nuugulu.00605,2026-09-14T07:00:00,2026-09-14T21:00:00,till_operator
SH-NRG-ZAM-KTM-008-20260914-01,NRG-ZAM-KTM-008,elina.hamutenya.00801,2026-09-14T07:00:00,2026-09-14T21:00:00,till_operator
SH-NRG-ZAM-KTM-008-20260914-02,NRG-ZAM-KTM-008,elina.amadhila.00802,2026-09-14T07:00:00,2026-09-14T21:00:00,till_operator
SH-NRG-ZAM-KTM-008-20260914-03,NRG-ZAM-KTM-008,elina.nuugulu.00803,2026-09-14T07:00:00,2026-09-14T21:00:00,till_operator
SH-NRG-ZAM-KTM-008-20260914-04,NRG-ZAM-KTM-008,elina.kavari.00804,2026-09-14T07:00:00,2026-09-14T21:00:00,till_operator
SH-NRG-ERG-SWK-003-20260915-01,NRG-ERG-SWK-003,ndapewa.kavari.00301,2026-09-15T07:00:00,2026-09-15T21:00:00,till_operator
SH-NRG-ERG-SWK-003-20260915-02,NRG-ERG-SWK-003,ndapewa.haufiku.00302,2026-09-15T07:00:00,2026-09-15T21:00:00,till_operator
SH-NRG-ERG-SWK-003-20260915-03,NRG-ERG-SWK-003,ndapewa.mbeha.00303,2026-09-15T07:00:00,2026-09-15T21:00:00,till_operator
SH-NRG-ERG-SWK-003-20260915-04,NRG-ERG-SWK-003,ndapewa.nakale.00304,2026-09-15T07:00:00,2026-09-15T21:00:00,till_operator
SH-NRG-ERG-SWK-003-20260915-05,NRG-ERG-SWK-003,ndapewa.shikongo.00305,2026-09-15T07:00:00,2026-09-15T21:00:00,till_operator
SH-NRG-ERG-WVB-002-20260915-01,NRG-ERG-WVB-002,anna.nuugulu.00201,2026-09-15T07:00:00,2026-09-15T21:00:00,till_operator
SH-NRG-ERG-WVB-002-20260915-02,NRG-ERG-WVB-002,anna.kavari.00202,2026-09-15T07:00:00,2026-09-15T21:00:00,till_operator
SH-NRG-ERG-WVB-002-20260915-03,NRG-ERG-WVB-002,anna.haufiku.00203,2026-09-15T07:00:00,2026-09-15T21:00:00,till_operator
SH-NRG-ERG-WVB-002-20260915-04,NRG-ERG-WVB-002,anna.mbeha.00204,2026-09-15T07:00:00,2026-09-15T21:00:00,till_operator
SH-NRG-ERG-WVB-002-20260915-05,NRG-ERG-WVB-002,anna.nakale.00205,2026-09-15T07:00:00,2026-09-15T21:00:00,till_operator
SH-NRG-HAR-REH-011-20260915-01,NRG-HAR-REH-011,ndapewa.kavari.01101,2026-09-15T07:00:00,2026-09-15T21:00:00,till_operator
SH-NRG-HAR-REH-011-20260915-02,NRG-HAR-REH-011,ndapewa.haufiku.01102,2026-09-15T07:00:00,2026-09-15T21:00:00,till_operator
SH-NRG-HAR-REH-011-20260915-03,NRG-HAR-REH-011,ndapewa.mbeha.01103,2026-09-15T07:00:00,2026-09-15T21:00:00,till_operator
SH-NRG-HAR-REH-011-20260915-04,NRG-HAR-REH-011,ndapewa.nakale.01104,2026-09-15T07:00:00,2026-09-15T21:00:00,till_operator
SH-NRG-KHA-KTM-007-20260915-01,NRG-KHA-KTM-007,paulus.shikongo.00701,2026-09-15T07:00:00,2026-09-15T21:00:00,till_operator
SH-NRG-KHA-KTM-007-20260915-02,NRG-KHA-KTM-007,paulus.hamutenya.00702,2026-09-15T07:00:00,2026-09-15T21:00:00,till_operator
SH-NRG-KHA-KTM-007-20260915-03,NRG-KHA-KTM-007,paulus.amadhila.00703,2026-09-15T07:00:00,2026-09-15T21:00:00,till_operator
SH-NRG-KHA-KTM-007-20260915-04,NRG-KHA-KTM-007,paulus.nuugulu.00704,2026-09-15T07:00:00,2026-09-15T21:00:00,till_operator
SH-NRG-KHO-WDH-001-20260915-01,NRG-KHO-WDH-001,selma.amadhila.00101,2026-09-15T07:00:00,2026-09-15T21:00:00,till_operator
SH-NRG-KHO-WDH-001-20260915-02,NRG-KHO-WDH-001,selma.nuugulu.00102,2026-09-15T07:00:00,2026-09-15T21:00:00,till_operator
SH-NRG-KHO-WDH-001-20260915-03,NRG-KHO-WDH-001,selma.kavari.00103,2026-09-15T07:00:00,2026-09-15T21:00:00,till_operator
SH-NRG-KHO-WDH-001-20260915-04,NRG-KHO-WDH-001,selma.haufiku.00104,2026-09-15T07:00:00,2026-09-15T21:00:00,till_operator
SH-NRG-KHO-WDH-001-20260915-05,NRG-KHO-WDH-001,selma.mbeha.00105,2026-09-15T07:00:00,2026-09-15T21:00:00,till_operator
SH-NRG-KVE-RUN-005-20260915-01,NRG-KVE-RUN-005,martha.mbeha.00501,2026-09-15T07:00:00,2026-09-15T21:00:00,till_operator
SH-NRG-KVE-RUN-005-20260915-02,NRG-KVE-RUN-005,martha.nakale.00502,2026-09-15T07:00:00,2026-09-15T21:00:00,till_operator
SH-NRG-KVE-RUN-005-20260915-03,NRG-KVE-RUN-005,martha.shikongo.00503,2026-09-15T07:00:00,2026-09-15T21:00:00,till_operator
SH-NRG-KVE-RUN-005-20260915-04,NRG-KVE-RUN-005,martha.hamutenya.00504,2026-09-15T07:00:00,2026-09-15T21:00:00,till_operator
SH-NRG-KVE-RUN-005-20260915-05,NRG-KVE-RUN-005,martha.amadhila.00505,2026-09-15T07:00:00,2026-09-15T21:00:00,till_operator
SH-NRG-OME-GOB-010-20260915-01,NRG-OME-GOB-010,anna.nuugulu.01001,2026-09-15T07:00:00,2026-09-15T21:00:00,till_operator
SH-NRG-OME-GOB-010-20260915-02,NRG-OME-GOB-010,anna.kavari.01002,2026-09-15T07:00:00,2026-09-15T21:00:00,till_operator
SH-NRG-OME-GOB-010-20260915-03,NRG-OME-GOB-010,anna.haufiku.01003,2026-09-15T07:00:00,2026-09-15T21:00:00,till_operator
SH-NRG-OME-GOB-010-20260915-04,NRG-OME-GOB-010,anna.mbeha.01004,2026-09-15T07:00:00,2026-09-15T21:00:00,till_operator
SH-NRG-OSA-OND-012-20260915-01,NRG-OSA-OND-012,petrus.haufiku.01201,2026-09-15T07:00:00,2026-09-15T21:00:00,till_operator
SH-NRG-OSA-OND-012-20260915-02,NRG-OSA-OND-012,petrus.mbeha.01202,2026-09-15T07:00:00,2026-09-15T21:00:00,till_operator
SH-NRG-OSA-OND-012-20260915-03,NRG-OSA-OND-012,petrus.nakale.01203,2026-09-15T07:00:00,2026-09-15T21:00:00,till_operator
SH-NRG-OSA-OND-012-20260915-04,NRG-OSA-OND-012,petrus.shikongo.01204,2026-09-15T07:00:00,2026-09-15T21:00:00,till_operator
SH-NRG-OSA-OSK-004-20260915-01,NRG-OSA-OSK-004,petrus.haufiku.00401,2026-09-15T07:00:00,2026-09-15T21:00:00,till_operator
SH-NRG-OSA-OSK-004-20260915-02,NRG-OSA-OSK-004,petrus.mbeha.00402,2026-09-15T07:00:00,2026-09-15T21:00:00,till_operator
SH-NRG-OSA-OSK-004-20260915-03,NRG-OSA-OSK-004,petrus.nakale.00403,2026-09-15T07:00:00,2026-09-15T21:00:00,till_operator
SH-NRG-OSA-OSK-004-20260915-04,NRG-OSA-OSK-004,petrus.shikongo.00404,2026-09-15T07:00:00,2026-09-15T21:00:00,till_operator
SH-NRG-OSA-OSK-004-20260915-05,NRG-OSA-OSK-004,petrus.hamutenya.00405,2026-09-15T07:00:00,2026-09-15T21:00:00,till_operator
SH-NRG-OSI-TSU-009-20260915-01,NRG-OSI-TSU-009,selma.amadhila.00901,2026-09-15T07:00:00,2026-09-15T21:00:00,till_operator
SH-NRG-OSI-TSU-009-20260915-02,NRG-OSI-TSU-009,selma.nuugulu.00902,2026-09-15T07:00:00,2026-09-15T21:00:00,till_operator
SH-NRG-OSI-TSU-009-20260915-03,NRG-OSI-TSU-009,selma.kavari.00903,2026-09-15T07:00:00,2026-09-15T21:00:00,till_operator
SH-NRG-OSI-TSU-009-20260915-04,NRG-OSI-TSU-009,selma.haufiku.00904,2026-09-15T07:00:00,2026-09-15T21:00:00,till_operator
SH-NRG-OTJ-OTW-006-20260915-01,NRG-OTJ-OTW-006,nela.nakale.00601,2026-09-15T07:00:00,2026-09-15T21:00:00,till_operator
SH-NRG-OTJ-OTW-006-20260915-02,NRG-OTJ-OTW-006,nela.shikongo.00602,2026-09-15T07:00:00,2026-09-15T21:00:00,till_operator
SH-NRG-OTJ-OTW-006-20260915-03,NRG-OTJ-OTW-006,nela.hamutenya.00603,2026-09-15T07:00:00,2026-09-15T21:00:00,till_operator
SH-NRG-OTJ-OTW-006-20260915-04,NRG-OTJ-OTW-006,nela.amadhila.00604,2026-09-15T07:00:00,2026-09-15T21:00:00,till_operator
SH-NRG-OTJ-OTW-006-20260915-05,NRG-OTJ-OTW-006,nela.nuugulu.00605,2026-09-15T07:00:00,2026-09-15T21:00:00,till_operator
SH-NRG-ZAM-KTM-008-20260915-01,NRG-ZAM-KTM-008,elina.hamutenya.00801,2026-09-15T07:00:00,2026-09-15T21:00:00,till_operator
SH-NRG-ZAM-KTM-008-20260915-02,NRG-ZAM-KTM-008,elina.amadhila.00802,2026-09-15T07:00:00,2026-09-15T21:00:00,till_operator
SH-NRG-ZAM-KTM-008-20260915-03,NRG-ZAM-KTM-008,elina.nuugulu.00803,2026-09-15T07:00:00,2026-09-15T21:00:00,till_operator
SH-NRG-ZAM-KTM-008-20260915-04,NRG-ZAM-KTM-008,elina.kavari.00804,2026-09-15T07:00:00,2026-09-15T21:00:00,till_operator
SH-NRG-ERG-SWK-003-20260916-01,NRG-ERG-SWK-003,ndapewa.kavari.00301,2026-09-16T07:00:00,2026-09-16T21:00:00,till_operator
SH-NRG-ERG-SWK-003-20260916-02,NRG-ERG-SWK-003,ndapewa.haufiku.00302,2026-09-16T07:00:00,2026-09-16T21:00:00,till_operator
SH-NRG-ERG-SWK-003-20260916-03,NRG-ERG-SWK-003,ndapewa.mbeha.00303,2026-09-16T07:00:00,2026-09-16T21:00:00,till_operator
SH-NRG-ERG-SWK-003-20260916-04,NRG-ERG-SWK-003,ndapewa.nakale.00304,2026-09-16T07:00:00,2026-09-16T21:00:00,till_operator
SH-NRG-ERG-SWK-003-20260916-05,NRG-ERG-SWK-003,ndapewa.shikongo.00305,2026-09-16T07:00:00,2026-09-16T21:00:00,till_operator
SH-NRG-ERG-WVB-002-20260916-01,NRG-ERG-WVB-002,anna.nuugulu.00201,2026-09-16T07:00:00,2026-09-16T21:00:00,till_operator
SH-NRG-ERG-WVB-002-20260916-02,NRG-ERG-WVB-002,anna.kavari.00202,2026-09-16T07:00:00,2026-09-16T21:00:00,till_operator
SH-NRG-ERG-WVB-002-20260916-03,NRG-ERG-WVB-002,anna.haufiku.00203,2026-09-16T07:00:00,2026-09-16T21:00:00,till_operator
SH-NRG-ERG-WVB-002-20260916-04,NRG-ERG-WVB-002,anna.mbeha.00204,2026-09-16T07:00:00,2026-09-16T21:00:00,till_operator
SH-NRG-ERG-WVB-002-20260916-05,NRG-ERG-WVB-002,anna.nakale.00205,2026-09-16T07:00:00,2026-09-16T21:00:00,till_operator
SH-NRG-HAR-REH-011-20260916-01,NRG-HAR-REH-011,ndapewa.kavari.01101,2026-09-16T07:00:00,2026-09-16T21:00:00,till_operator
SH-NRG-HAR-REH-011-20260916-02,NRG-HAR-REH-011,ndapewa.haufiku.01102,2026-09-16T07:00:00,2026-09-16T21:00:00,till_operator
SH-NRG-HAR-REH-011-20260916-03,NRG-HAR-REH-011,ndapewa.mbeha.01103,2026-09-16T07:00:00,2026-09-16T21:00:00,till_operator
SH-NRG-HAR-REH-011-20260916-04,NRG-HAR-REH-011,ndapewa.nakale.01104,2026-09-16T07:00:00,2026-09-16T21:00:00,till_operator
SH-NRG-KHA-KTM-007-20260916-01,NRG-KHA-KTM-007,paulus.shikongo.00701,2026-09-16T07:00:00,2026-09-16T21:00:00,till_operator
SH-NRG-KHA-KTM-007-20260916-02,NRG-KHA-KTM-007,paulus.hamutenya.00702,2026-09-16T07:00:00,2026-09-16T21:00:00,till_operator
SH-NRG-KHA-KTM-007-20260916-03,NRG-KHA-KTM-007,paulus.amadhila.00703,2026-09-16T07:00:00,2026-09-16T21:00:00,till_operator
SH-NRG-KHA-KTM-007-20260916-04,NRG-KHA-KTM-007,paulus.nuugulu.00704,2026-09-16T07:00:00,2026-09-16T21:00:00,till_operator
SH-NRG-KHO-WDH-001-20260916-01,NRG-KHO-WDH-001,selma.amadhila.00101,2026-09-16T07:00:00,2026-09-16T21:00:00,till_operator
SH-NRG-KHO-WDH-001-20260916-02,NRG-KHO-WDH-001,selma.nuugulu.00102,2026-09-16T07:00:00,2026-09-16T21:00:00,till_operator
SH-NRG-KHO-WDH-001-20260916-03,NRG-KHO-WDH-001,selma.kavari.00103,2026-09-16T07:00:00,2026-09-16T21:00:00,till_operator
SH-NRG-KHO-WDH-001-20260916-04,NRG-KHO-WDH-001,selma.haufiku.00104,2026-09-16T07:00:00,2026-09-16T21:00:00,till_operator
SH-NRG-KHO-WDH-001-20260916-05,NRG-KHO-WDH-001,selma.mbeha.00105,2026-09-16T07:00:00,2026-09-16T21:00:00,till_operator
SH-NRG-KVE-RUN-005-20260916-01,NRG-KVE-RUN-005,martha.mbeha.00501,2026-09-16T07:00:00,2026-09-16T21:00:00,till_operator
SH-NRG-KVE-RUN-005-20260916-02,NRG-KVE-RUN-005,martha.nakale.00502,2026-09-16T07:00:00,2026-09-16T21:00:00,till_operator
SH-NRG-KVE-RUN-005-20260916-03,NRG-KVE-RUN-005,martha.shikongo.00503,2026-09-16T07:00:00,2026-09-16T21:00:00,till_operator
SH-NRG-KVE-RUN-005-20260916-04,NRG-KVE-RUN-005,martha.hamutenya.00504,2026-09-16T07:00:00,2026-09-16T21:00:00,till_operator
SH-NRG-KVE-RUN-005-20260916-05,NRG-KVE-RUN-005,martha.amadhila.00505,2026-09-16T07:00:00,2026-09-16T21:00:00,till_operator
SH-NRG-OME-GOB-010-20260916-01,NRG-OME-GOB-010,anna.nuugulu.01001,2026-09-16T07:00:00,2026-09-16T21:00:00,till_operator
SH-NRG-OME-GOB-010-20260916-02,NRG-OME-GOB-010,anna.kavari.01002,2026-09-16T07:00:00,2026-09-16T21:00:00,till_operator
SH-NRG-OME-GOB-010-20260916-03,NRG-OME-GOB-010,anna.haufiku.01003,2026-09-16T07:00:00,2026-09-16T21:00:00,till_operator
SH-NRG-OME-GOB-010-20260916-04,NRG-OME-GOB-010,anna.mbeha.01004,2026-09-16T07:00:00,2026-09-16T21:00:00,till_operator
SH-NRG-OSA-OND-012-20260916-01,NRG-OSA-OND-012,petrus.haufiku.01201,2026-09-16T07:00:00,2026-09-16T21:00:00,till_operator
SH-NRG-OSA-OND-012-20260916-02,NRG-OSA-OND-012,petrus.mbeha.01202,2026-09-16T07:00:00,2026-09-16T21:00:00,till_operator
SH-NRG-OSA-OND-012-20260916-03,NRG-OSA-OND-012,petrus.nakale.01203,2026-09-16T07:00:00,2026-09-16T21:00:00,till_operator
SH-NRG-OSA-OND-012-20260916-04,NRG-OSA-OND-012,petrus.shikongo.01204,2026-09-16T07:00:00,2026-09-16T21:00:00,till_operator
SH-NRG-OSA-OSK-004-20260916-01,NRG-OSA-OSK-004,petrus.haufiku.00401,2026-09-16T07:00:00,2026-09-16T21:00:00,till_operator
SH-NRG-OSA-OSK-004-20260916-02,NRG-OSA-OSK-004,petrus.mbeha.00402,2026-09-16T07:00:00,2026-09-16T21:00:00,till_operator
SH-NRG-OSA-OSK-004-20260916-03,NRG-OSA-OSK-004,petrus.nakale.00403,2026-09-16T07:00:00,2026-09-16T21:00:00,till_operator
SH-NRG-OSA-OSK-004-20260916-04,NRG-OSA-OSK-004,petrus.shikongo.00404,2026-09-16T07:00:00,2026-09-16T21:00:00,till_operator
SH-NRG-OSA-OSK-004-20260916-05,NRG-OSA-OSK-004,petrus.hamutenya.00405,2026-09-16T07:00:00,2026-09-16T21:00:00,till_operator
SH-NRG-OSI-TSU-009-20260916-01,NRG-OSI-TSU-009,selma.amadhila.00901,2026-09-16T07:00:00,2026-09-16T21:00:00,till_operator
SH-NRG-OSI-TSU-009-20260916-02,NRG-OSI-TSU-009,selma.nuugulu.00902,2026-09-16T07:00:00,2026-09-16T21:00:00,till_operator
SH-NRG-OSI-TSU-009-20260916-03,NRG-OSI-TSU-009,selma.kavari.00903,2026-09-16T07:00:00,2026-09-16T21:00:00,till_operator
SH-NRG-OSI-TSU-009-20260916-04,NRG-OSI-TSU-009,selma.haufiku.00904,2026-09-16T07:00:00,2026-09-16T21:00:00,till_operator
SH-NRG-OTJ-OTW-006-20260916-01,NRG-OTJ-OTW-006,nela.nakale.00601,2026-09-16T07:00:00,2026-09-16T21:00:00,till_operator
SH-NRG-OTJ-OTW-006-20260916-02,NRG-OTJ-OTW-006,nela.shikongo.00602,2026-09-16T07:00:00,2026-09-16T21:00:00,till_operator
SH-NRG-OTJ-OTW-006-20260916-03,NRG-OTJ-OTW-006,nela.hamutenya.00603,2026-09-16T07:00:00,2026-09-16T21:00:00,till_operator
SH-NRG-OTJ-OTW-006-20260916-04,NRG-OTJ-OTW-006,nela.amadhila.00604,2026-09-16T07:00:00,2026-09-16T21:00:00,till_operator
SH-NRG-OTJ-OTW-006-20260916-05,NRG-OTJ-OTW-006,nela.nuugulu.00605,2026-09-16T07:00:00,2026-09-16T21:00:00,till_operator
SH-NRG-ZAM-KTM-008-20260916-01,NRG-ZAM-KTM-008,elina.hamutenya.00801,2026-09-16T07:00:00,2026-09-16T21:00:00,till_operator
SH-NRG-ZAM-KTM-008-20260916-02,NRG-ZAM-KTM-008,elina.amadhila.00802,2026-09-16T07:00:00,2026-09-16T21:00:00,till_operator
SH-NRG-ZAM-KTM-008-20260916-03,NRG-ZAM-KTM-008,elina.nuugulu.00803,2026-09-16T07:00:00,2026-09-16T21:00:00,till_operator
SH-NRG-ZAM-KTM-008-20260916-04,NRG-ZAM-KTM-008,elina.kavari.00804,2026-09-16T07:00:00,2026-09-16T21:00:00,till_operator
SH-NRG-ERG-SWK-003-20260917-01,NRG-ERG-SWK-003,ndapewa.kavari.00301,2026-09-17T07:00:00,2026-09-17T21:00:00,till_operator
SH-NRG-ERG-SWK-003-20260917-02,NRG-ERG-SWK-003,ndapewa.haufiku.00302,2026-09-17T07:00:00,2026-09-17T21:00:00,till_operator
SH-NRG-ERG-SWK-003-20260917-03,NRG-ERG-SWK-003,ndapewa.mbeha.00303,2026-09-17T07:00:00,2026-09-17T21:00:00,till_operator
SH-NRG-ERG-SWK-003-20260917-04,NRG-ERG-SWK-003,ndapewa.nakale.00304,2026-09-17T07:00:00,2026-09-17T21:00:00,till_operator
SH-NRG-ERG-SWK-003-20260917-05,NRG-ERG-SWK-003,ndapewa.shikongo.00305,2026-09-17T07:00:00,2026-09-17T21:00:00,till_operator
SH-NRG-ERG-WVB-002-20260917-01,NRG-ERG-WVB-002,anna.nuugulu.00201,2026-09-17T07:00:00,2026-09-17T21:00:00,till_operator
SH-NRG-ERG-WVB-002-20260917-02,NRG-ERG-WVB-002,anna.kavari.00202,2026-09-17T07:00:00,2026-09-17T21:00:00,till_operator
SH-NRG-ERG-WVB-002-20260917-03,NRG-ERG-WVB-002,anna.haufiku.00203,2026-09-17T07:00:00,2026-09-17T21:00:00,till_operator
SH-NRG-ERG-WVB-002-20260917-04,NRG-ERG-WVB-002,anna.mbeha.00204,2026-09-17T07:00:00,2026-09-17T21:00:00,till_operator
SH-NRG-ERG-WVB-002-20260917-05,NRG-ERG-WVB-002,anna.nakale.00205,2026-09-17T07:00:00,2026-09-17T21:00:00,till_operator
SH-NRG-HAR-REH-011-20260917-01,NRG-HAR-REH-011,ndapewa.kavari.01101,2026-09-17T07:00:00,2026-09-17T21:00:00,till_operator
SH-NRG-HAR-REH-011-20260917-02,NRG-HAR-REH-011,ndapewa.haufiku.01102,2026-09-17T07:00:00,2026-09-17T21:00:00,till_operator
SH-NRG-HAR-REH-011-20260917-03,NRG-HAR-REH-011,ndapewa.mbeha.01103,2026-09-17T07:00:00,2026-09-17T21:00:00,till_operator
SH-NRG-HAR-REH-011-20260917-04,NRG-HAR-REH-011,ndapewa.nakale.01104,2026-09-17T07:00:00,2026-09-17T21:00:00,till_operator
SH-NRG-KHA-KTM-007-20260917-01,NRG-KHA-KTM-007,paulus.shikongo.00701,2026-09-17T07:00:00,2026-09-17T21:00:00,till_operator
SH-NRG-KHA-KTM-007-20260917-02,NRG-KHA-KTM-007,paulus.hamutenya.00702,2026-09-17T07:00:00,2026-09-17T21:00:00,till_operator
SH-NRG-KHA-KTM-007-20260917-03,NRG-KHA-KTM-007,paulus.amadhila.00703,2026-09-17T07:00:00,2026-09-17T21:00:00,till_operator
SH-NRG-KHA-KTM-007-20260917-04,NRG-KHA-KTM-007,paulus.nuugulu.00704,2026-09-17T07:00:00,2026-09-17T21:00:00,till_operator
SH-NRG-KHO-WDH-001-20260917-01,NRG-KHO-WDH-001,selma.amadhila.00101,2026-09-17T07:00:00,2026-09-17T21:00:00,till_operator
SH-NRG-KHO-WDH-001-20260917-02,NRG-KHO-WDH-001,selma.nuugulu.00102,2026-09-17T07:00:00,2026-09-17T21:00:00,till_operator
SH-NRG-KHO-WDH-001-20260917-03,NRG-KHO-WDH-001,selma.kavari.00103,2026-09-17T07:00:00,2026-09-17T21:00:00,till_operator
SH-NRG-KHO-WDH-001-20260917-04,NRG-KHO-WDH-001,selma.haufiku.00104,2026-09-17T07:00:00,2026-09-17T21:00:00,till_operator
SH-NRG-KHO-WDH-001-20260917-05,NRG-KHO-WDH-001,selma.mbeha.00105,2026-09-17T07:00:00,2026-09-17T21:00:00,till_operator
SH-NRG-KVE-RUN-005-20260917-01,NRG-KVE-RUN-005,martha.mbeha.00501,2026-09-17T07:00:00,2026-09-17T21:00:00,till_operator
SH-NRG-KVE-RUN-005-20260917-02,NRG-KVE-RUN-005,martha.nakale.00502,2026-09-17T07:00:00,2026-09-17T21:00:00,till_operator
SH-NRG-KVE-RUN-005-20260917-03,NRG-KVE-RUN-005,martha.shikongo.00503,2026-09-17T07:00:00,2026-09-17T21:00:00,till_operator
SH-NRG-KVE-RUN-005-20260917-04,NRG-KVE-RUN-005,martha.hamutenya.00504,2026-09-17T07:00:00,2026-09-17T21:00:00,till_operator
SH-NRG-KVE-RUN-005-20260917-05,NRG-KVE-RUN-005,martha.amadhila.00505,2026-09-17T07:00:00,2026-09-17T21:00:00,till_operator
SH-NRG-OME-GOB-010-20260917-01,NRG-OME-GOB-010,anna.nuugulu.01001,2026-09-17T07:00:00,2026-09-17T21:00:00,till_operator
SH-NRG-OME-GOB-010-20260917-02,NRG-OME-GOB-010,anna.kavari.01002,2026-09-17T07:00:00,2026-09-17T21:00:00,till_operator
SH-NRG-OME-GOB-010-20260917-03,NRG-OME-GOB-010,anna.haufiku.01003,2026-09-17T07:00:00,2026-09-17T21:00:00,till_operator
SH-NRG-OME-GOB-010-20260917-04,NRG-OME-GOB-010,anna.mbeha.01004,2026-09-17T07:00:00,2026-09-17T21:00:00,till_operator
SH-NRG-OSA-OND-012-20260917-01,NRG-OSA-OND-012,petrus.haufiku.01201,2026-09-17T07:00:00,2026-09-17T21:00:00,till_operator
SH-NRG-OSA-OND-012-20260917-02,NRG-OSA-OND-012,petrus.mbeha.01202,2026-09-17T07:00:00,2026-09-17T21:00:00,till_operator
SH-NRG-OSA-OND-012-20260917-03,NRG-OSA-OND-012,petrus.nakale.01203,2026-09-17T07:00:00,2026-09-17T21:00:00,till_operator
SH-NRG-OSA-OND-012-20260917-04,NRG-OSA-OND-012,petrus.shikongo.01204,2026-09-17T07:00:00,2026-09-17T21:00:00,till_operator
SH-NRG-OSA-OSK-004-20260917-01,NRG-OSA-OSK-004,petrus.haufiku.00401,2026-09-17T07:00:00,2026-09-17T21:00:00,till_operator
SH-NRG-OSA-OSK-004-20260917-02,NRG-OSA-OSK-004,petrus.mbeha.00402,2026-09-17T07:00:00,2026-09-17T21:00:00,till_operator
SH-NRG-OSA-OSK-004-20260917-03,NRG-OSA-OSK-004,petrus.nakale.00403,2026-09-17T07:00:00,2026-09-17T21:00:00,till_operator
SH-NRG-OSA-OSK-004-20260917-04,NRG-OSA-OSK-004,petrus.shikongo.00404,2026-09-17T07:00:00,2026-09-17T21:00:00,till_operator
SH-NRG-OSA-OSK-004-20260917-05,NRG-OSA-OSK-004,petrus.hamutenya.00405,2026-09-17T07:00:00,2026-09-17T21:00:00,till_operator
SH-NRG-OSI-TSU-009-20260917-01,NRG-OSI-TSU-009,selma.amadhila.00901,2026-09-17T07:00:00,2026-09-17T21:00:00,till_operator
SH-NRG-OSI-TSU-009-20260917-02,NRG-OSI-TSU-009,selma.nuugulu.00902,2026-09-17T07:00:00,2026-09-17T21:00:00,till_operator
SH-NRG-OSI-TSU-009-20260917-03,NRG-OSI-TSU-009,selma.kavari.00903,2026-09-17T07:00:00,2026-09-17T21:00:00,till_operator
SH-NRG-OSI-TSU-009-20260917-04,NRG-OSI-TSU-009,selma.haufiku.00904,2026-09-17T07:00:00,2026-09-17T21:00:00,till_operator
SH-NRG-OTJ-OTW-006-20260917-01,NRG-OTJ-OTW-006,nela.nakale.00601,2026-09-17T07:00:00,2026-09-17T21:00:00,till_operator
SH-NRG-OTJ-OTW-006-20260917-02,NRG-OTJ-OTW-006,nela.shikongo.00602,2026-09-17T07:00:00,2026-09-17T21:00:00,till_operator
SH-NRG-OTJ-OTW-006-20260917-03,NRG-OTJ-OTW-006,nela.hamutenya.00603,2026-09-17T07:00:00,2026-09-17T21:00:00,till_operator
SH-NRG-OTJ-OTW-006-20260917-04,NRG-OTJ-OTW-006,nela.amadhila.00604,2026-09-17T07:00:00,2026-09-17T21:00:00,till_operator
SH-NRG-OTJ-OTW-006-20260917-05,NRG-OTJ-OTW-006,nela.nuugulu.00605,2026-09-17T07:00:00,2026-09-17T21:00:00,till_operator
SH-NRG-ZAM-KTM-008-20260917-01,NRG-ZAM-KTM-008,elina.hamutenya.00801,2026-09-17T07:00:00,2026-09-17T21:00:00,till_operator
SH-NRG-ZAM-KTM-008-20260917-02,NRG-ZAM-KTM-008,elina.amadhila.00802,2026-09-17T07:00:00,2026-09-17T21:00:00,till_operator
SH-NRG-ZAM-KTM-008-20260917-03,NRG-ZAM-KTM-008,elina.nuugulu.00803,2026-09-17T07:00:00,2026-09-17T21:00:00,till_operator
SH-NRG-ZAM-KTM-008-20260917-04,NRG-ZAM-KTM-008,elina.kavari.00804,2026-09-17T07:00:00,2026-09-17T21:00:00,till_operator
SH-NRG-ERG-SWK-003-20260918-01,NRG-ERG-SWK-003,ndapewa.kavari.00301,2026-09-18T07:00:00,2026-09-18T21:00:00,till_operator
SH-NRG-ERG-SWK-003-20260918-02,NRG-ERG-SWK-003,ndapewa.haufiku.00302,2026-09-18T07:00:00,2026-09-18T21:00:00,till_operator
SH-NRG-ERG-SWK-003-20260918-03,NRG-ERG-SWK-003,ndapewa.mbeha.00303,2026-09-18T07:00:00,2026-09-18T21:00:00,till_operator
SH-NRG-ERG-SWK-003-20260918-04,NRG-ERG-SWK-003,ndapewa.nakale.00304,2026-09-18T07:00:00,2026-09-18T21:00:00,till_operator
SH-NRG-ERG-SWK-003-20260918-05,NRG-ERG-SWK-003,ndapewa.shikongo.00305,2026-09-18T07:00:00,2026-09-18T21:00:00,till_operator
SH-NRG-ERG-WVB-002-20260918-01,NRG-ERG-WVB-002,anna.nuugulu.00201,2026-09-18T07:00:00,2026-09-18T21:00:00,till_operator
SH-NRG-ERG-WVB-002-20260918-02,NRG-ERG-WVB-002,anna.kavari.00202,2026-09-18T07:00:00,2026-09-18T21:00:00,till_operator
SH-NRG-ERG-WVB-002-20260918-03,NRG-ERG-WVB-002,anna.haufiku.00203,2026-09-18T07:00:00,2026-09-18T21:00:00,till_operator
SH-NRG-ERG-WVB-002-20260918-04,NRG-ERG-WVB-002,anna.mbeha.00204,2026-09-18T07:00:00,2026-09-18T21:00:00,till_operator
SH-NRG-ERG-WVB-002-20260918-05,NRG-ERG-WVB-002,anna.nakale.00205,2026-09-18T07:00:00,2026-09-18T21:00:00,till_operator
SH-NRG-HAR-REH-011-20260918-01,NRG-HAR-REH-011,ndapewa.kavari.01101,2026-09-18T07:00:00,2026-09-18T21:00:00,till_operator
SH-NRG-HAR-REH-011-20260918-02,NRG-HAR-REH-011,ndapewa.haufiku.01102,2026-09-18T07:00:00,2026-09-18T21:00:00,till_operator
SH-NRG-HAR-REH-011-20260918-03,NRG-HAR-REH-011,ndapewa.mbeha.01103,2026-09-18T07:00:00,2026-09-18T21:00:00,till_operator
SH-NRG-HAR-REH-011-20260918-04,NRG-HAR-REH-011,ndapewa.nakale.01104,2026-09-18T07:00:00,2026-09-18T21:00:00,till_operator
SH-NRG-KHA-KTM-007-20260918-01,NRG-KHA-KTM-007,paulus.shikongo.00701,2026-09-18T07:00:00,2026-09-18T21:00:00,till_operator
SH-NRG-KHA-KTM-007-20260918-02,NRG-KHA-KTM-007,paulus.hamutenya.00702,2026-09-18T07:00:00,2026-09-18T21:00:00,till_operator
SH-NRG-KHA-KTM-007-20260918-03,NRG-KHA-KTM-007,paulus.amadhila.00703,2026-09-18T07:00:00,2026-09-18T21:00:00,till_operator
SH-NRG-KHA-KTM-007-20260918-04,NRG-KHA-KTM-007,paulus.nuugulu.00704,2026-09-18T07:00:00,2026-09-18T21:00:00,till_operator
SH-NRG-KHO-WDH-001-20260918-01,NRG-KHO-WDH-001,selma.amadhila.00101,2026-09-18T07:00:00,2026-09-18T21:00:00,till_operator
SH-NRG-KHO-WDH-001-20260918-02,NRG-KHO-WDH-001,selma.nuugulu.00102,2026-09-18T07:00:00,2026-09-18T21:00:00,till_operator
SH-NRG-KHO-WDH-001-20260918-03,NRG-KHO-WDH-001,selma.kavari.00103,2026-09-18T07:00:00,2026-09-18T21:00:00,till_operator
SH-NRG-KHO-WDH-001-20260918-04,NRG-KHO-WDH-001,selma.haufiku.00104,2026-09-18T07:00:00,2026-09-18T21:00:00,till_operator
SH-NRG-KHO-WDH-001-20260918-05,NRG-KHO-WDH-001,selma.mbeha.00105,2026-09-18T07:00:00,2026-09-18T21:00:00,till_operator
SH-NRG-KVE-RUN-005-20260918-01,NRG-KVE-RUN-005,martha.mbeha.00501,2026-09-18T07:00:00,2026-09-18T21:00:00,till_operator
SH-NRG-KVE-RUN-005-20260918-02,NRG-KVE-RUN-005,martha.nakale.00502,2026-09-18T07:00:00,2026-09-18T21:00:00,till_operator
SH-NRG-KVE-RUN-005-20260918-03,NRG-KVE-RUN-005,martha.shikongo.00503,2026-09-18T07:00:00,2026-09-18T21:00:00,till_operator
SH-NRG-KVE-RUN-005-20260918-04,NRG-KVE-RUN-005,martha.hamutenya.00504,2026-09-18T07:00:00,2026-09-18T21:00:00,till_operator
SH-NRG-KVE-RUN-005-20260918-05,NRG-KVE-RUN-005,martha.amadhila.00505,2026-09-18T07:00:00,2026-09-18T21:00:00,till_operator
SH-NRG-OME-GOB-010-20260918-01,NRG-OME-GOB-010,anna.nuugulu.01001,2026-09-18T07:00:00,2026-09-18T21:00:00,till_operator
SH-NRG-OME-GOB-010-20260918-02,NRG-OME-GOB-010,anna.kavari.01002,2026-09-18T07:00:00,2026-09-18T21:00:00,till_operator
SH-NRG-OME-GOB-010-20260918-03,NRG-OME-GOB-010,anna.haufiku.01003,2026-09-18T07:00:00,2026-09-18T21:00:00,till_operator
SH-NRG-OME-GOB-010-20260918-04,NRG-OME-GOB-010,anna.mbeha.01004,2026-09-18T07:00:00,2026-09-18T21:00:00,till_operator
SH-NRG-OSA-OND-012-20260918-01,NRG-OSA-OND-012,petrus.haufiku.01201,2026-09-18T07:00:00,2026-09-18T21:00:00,till_operator
SH-NRG-OSA-OND-012-20260918-02,NRG-OSA-OND-012,petrus.mbeha.01202,2026-09-18T07:00:00,2026-09-18T21:00:00,till_operator
SH-NRG-OSA-OND-012-20260918-03,NRG-OSA-OND-012,petrus.nakale.01203,2026-09-18T07:00:00,2026-09-18T21:00:00,till_operator
SH-NRG-OSA-OND-012-20260918-04,NRG-OSA-OND-012,petrus.shikongo.01204,2026-09-18T07:00:00,2026-09-18T21:00:00,till_operator
SH-NRG-OSA-OSK-004-20260918-01,NRG-OSA-OSK-004,petrus.haufiku.00401,2026-09-18T07:00:00,2026-09-18T21:00:00,till_operator
SH-NRG-OSA-OSK-004-20260918-02,NRG-OSA-OSK-004,petrus.mbeha.00402,2026-09-18T07:00:00,2026-09-18T21:00:00,till_operator
SH-NRG-OSA-OSK-004-20260918-03,NRG-OSA-OSK-004,petrus.nakale.00403,2026-09-18T07:00:00,2026-09-18T21:00:00,till_operator
SH-NRG-OSA-OSK-004-20260918-04,NRG-OSA-OSK-004,petrus.shikongo.00404,2026-09-18T07:00:00,2026-09-18T21:00:00,till_operator
SH-NRG-OSA-OSK-004-20260918-05,NRG-OSA-OSK-004,petrus.hamutenya.00405,2026-09-18T07:00:00,2026-09-18T21:00:00,till_operator
SH-NRG-OSI-TSU-009-20260918-01,NRG-OSI-TSU-009,selma.amadhila.00901,2026-09-18T07:00:00,2026-09-18T21:00:00,till_operator
SH-NRG-OSI-TSU-009-20260918-02,NRG-OSI-TSU-009,selma.nuugulu.00902,2026-09-18T07:00:00,2026-09-18T21:00:00,till_operator
SH-NRG-OSI-TSU-009-20260918-03,NRG-OSI-TSU-009,selma.kavari.00903,2026-09-18T07:00:00,2026-09-18T21:00:00,till_operator
SH-NRG-OSI-TSU-009-20260918-04,NRG-OSI-TSU-009,selma.haufiku.00904,2026-09-18T07:00:00,2026-09-18T21:00:00,till_operator
SH-NRG-OTJ-OTW-006-20260918-01,NRG-OTJ-OTW-006,nela.nakale.00601,2026-09-18T07:00:00,2026-09-18T21:00:00,till_operator
SH-NRG-OTJ-OTW-006-20260918-02,NRG-OTJ-OTW-006,nela.shikongo.00602,2026-09-18T07:00:00,2026-09-18T21:00:00,till_operator
SH-NRG-OTJ-OTW-006-20260918-03,NRG-OTJ-OTW-006,nela.hamutenya.00603,2026-09-18T07:00:00,2026-09-18T21:00:00,till_operator
SH-NRG-OTJ-OTW-006-20260918-04,NRG-OTJ-OTW-006,nela.amadhila.00604,2026-09-18T07:00:00,2026-09-18T21:00:00,till_operator
SH-NRG-OTJ-OTW-006-20260918-05,NRG-OTJ-OTW-006,nela.nuugulu.00605,2026-09-18T07:00:00,2026-09-18T21:00:00,till_operator
SH-NRG-ZAM-KTM-008-20260918-01,NRG-ZAM-KTM-008,elina.hamutenya.00801,2026-09-18T07:00:00,2026-09-18T21:00:00,till_operator
SH-NRG-ZAM-KTM-008-20260918-02,NRG-ZAM-KTM-008,elina.amadhila.00802,2026-09-18T07:00:00,2026-09-18T21:00:00,till_operator
SH-NRG-ZAM-KTM-008-20260918-03,NRG-ZAM-KTM-008,elina.nuugulu.00803,2026-09-18T07:00:00,2026-09-18T21:00:00,till_operator
SH-NRG-ZAM-KTM-008-20260918-04,NRG-ZAM-KTM-008,elina.kavari.00804,2026-09-18T07:00:00,2026-09-18T21:00:00,till_operator
SH-NRG-ERG-SWK-003-20260919-01,NRG-ERG-SWK-003,ndapewa.kavari.00301,2026-09-19T07:00:00,2026-09-19T21:00:00,till_operator
SH-NRG-ERG-SWK-003-20260919-02,NRG-ERG-SWK-003,ndapewa.haufiku.00302,2026-09-19T07:00:00,2026-09-19T21:00:00,till_operator
SH-NRG-ERG-SWK-003-20260919-03,NRG-ERG-SWK-003,ndapewa.mbeha.00303,2026-09-19T07:00:00,2026-09-19T21:00:00,till_operator
SH-NRG-ERG-SWK-003-20260919-04,NRG-ERG-SWK-003,ndapewa.nakale.00304,2026-09-19T07:00:00,2026-09-19T21:00:00,till_operator
SH-NRG-ERG-SWK-003-20260919-05,NRG-ERG-SWK-003,ndapewa.shikongo.00305,2026-09-19T07:00:00,2026-09-19T21:00:00,till_operator
SH-NRG-ERG-WVB-002-20260919-01,NRG-ERG-WVB-002,anna.nuugulu.00201,2026-09-19T07:00:00,2026-09-19T21:00:00,till_operator
SH-NRG-ERG-WVB-002-20260919-02,NRG-ERG-WVB-002,anna.kavari.00202,2026-09-19T07:00:00,2026-09-19T21:00:00,till_operator
SH-NRG-ERG-WVB-002-20260919-03,NRG-ERG-WVB-002,anna.haufiku.00203,2026-09-19T07:00:00,2026-09-19T21:00:00,till_operator
SH-NRG-ERG-WVB-002-20260919-04,NRG-ERG-WVB-002,anna.mbeha.00204,2026-09-19T07:00:00,2026-09-19T21:00:00,till_operator
SH-NRG-ERG-WVB-002-20260919-05,NRG-ERG-WVB-002,anna.nakale.00205,2026-09-19T07:00:00,2026-09-19T21:00:00,till_operator
SH-NRG-HAR-REH-011-20260919-01,NRG-HAR-REH-011,ndapewa.kavari.01101,2026-09-19T07:00:00,2026-09-19T21:00:00,till_operator
SH-NRG-HAR-REH-011-20260919-02,NRG-HAR-REH-011,ndapewa.haufiku.01102,2026-09-19T07:00:00,2026-09-19T21:00:00,till_operator
SH-NRG-HAR-REH-011-20260919-03,NRG-HAR-REH-011,ndapewa.mbeha.01103,2026-09-19T07:00:00,2026-09-19T21:00:00,till_operator
SH-NRG-HAR-REH-011-20260919-04,NRG-HAR-REH-011,ndapewa.nakale.01104,2026-09-19T07:00:00,2026-09-19T21:00:00,till_operator
SH-NRG-KHA-KTM-007-20260919-01,NRG-KHA-KTM-007,paulus.shikongo.00701,2026-09-19T07:00:00,2026-09-19T21:00:00,till_operator
SH-NRG-KHA-KTM-007-20260919-02,NRG-KHA-KTM-007,paulus.hamutenya.00702,2026-09-19T07:00:00,2026-09-19T21:00:00,till_operator
SH-NRG-KHA-KTM-007-20260919-03,NRG-KHA-KTM-007,paulus.amadhila.00703,2026-09-19T07:00:00,2026-09-19T21:00:00,till_operator
SH-NRG-KHA-KTM-007-20260919-04,NRG-KHA-KTM-007,paulus.nuugulu.00704,2026-09-19T07:00:00,2026-09-19T21:00:00,till_operator
SH-NRG-KHO-WDH-001-20260919-01,NRG-KHO-WDH-001,selma.amadhila.00101,2026-09-19T07:00:00,2026-09-19T21:00:00,till_operator
SH-NRG-KHO-WDH-001-20260919-02,NRG-KHO-WDH-001,selma.nuugulu.00102,2026-09-19T07:00:00,2026-09-19T21:00:00,till_operator
SH-NRG-KHO-WDH-001-20260919-03,NRG-KHO-WDH-001,selma.kavari.00103,2026-09-19T07:00:00,2026-09-19T21:00:00,till_operator
SH-NRG-KHO-WDH-001-20260919-04,NRG-KHO-WDH-001,selma.haufiku.00104,2026-09-19T07:00:00,2026-09-19T21:00:00,till_operator
SH-NRG-KHO-WDH-001-20260919-05,NRG-KHO-WDH-001,selma.mbeha.00105,2026-09-19T07:00:00,2026-09-19T21:00:00,till_operator
SH-NRG-KVE-RUN-005-20260919-01,NRG-KVE-RUN-005,martha.mbeha.00501,2026-09-19T07:00:00,2026-09-19T21:00:00,till_operator
SH-NRG-KVE-RUN-005-20260919-02,NRG-KVE-RUN-005,martha.nakale.00502,2026-09-19T07:00:00,2026-09-19T21:00:00,till_operator
SH-NRG-KVE-RUN-005-20260919-03,NRG-KVE-RUN-005,martha.shikongo.00503,2026-09-19T07:00:00,2026-09-19T21:00:00,till_operator
SH-NRG-KVE-RUN-005-20260919-04,NRG-KVE-RUN-005,martha.hamutenya.00504,2026-09-19T07:00:00,2026-09-19T21:00:00,till_operator
SH-NRG-KVE-RUN-005-20260919-05,NRG-KVE-RUN-005,martha.amadhila.00505,2026-09-19T07:00:00,2026-09-19T21:00:00,till_operator
SH-NRG-OME-GOB-010-20260919-01,NRG-OME-GOB-010,anna.nuugulu.01001,2026-09-19T07:00:00,2026-09-19T21:00:00,till_operator
SH-NRG-OME-GOB-010-20260919-02,NRG-OME-GOB-010,anna.kavari.01002,2026-09-19T07:00:00,2026-09-19T21:00:00,till_operator
SH-NRG-OME-GOB-010-20260919-03,NRG-OME-GOB-010,anna.haufiku.01003,2026-09-19T07:00:00,2026-09-19T21:00:00,till_operator
SH-NRG-OME-GOB-010-20260919-04,NRG-OME-GOB-010,anna.mbeha.01004,2026-09-19T07:00:00,2026-09-19T21:00:00,till_operator
SH-NRG-OSA-OND-012-20260919-01,NRG-OSA-OND-012,petrus.haufiku.01201,2026-09-19T07:00:00,2026-09-19T21:00:00,till_operator
SH-NRG-OSA-OND-012-20260919-02,NRG-OSA-OND-012,petrus.mbeha.01202,2026-09-19T07:00:00,2026-09-19T21:00:00,till_operator
SH-NRG-OSA-OND-012-20260919-03,NRG-OSA-OND-012,petrus.nakale.01203,2026-09-19T07:00:00,2026-09-19T21:00:00,till_operator
SH-NRG-OSA-OND-012-20260919-04,NRG-OSA-OND-012,petrus.shikongo.01204,2026-09-19T07:00:00,2026-09-19T21:00:00,till_operator
SH-NRG-OSA-OSK-004-20260919-01,NRG-OSA-OSK-004,petrus.haufiku.00401,2026-09-19T07:00:00,2026-09-19T21:00:00,till_operator
SH-NRG-OSA-OSK-004-20260919-02,NRG-OSA-OSK-004,petrus.mbeha.00402,2026-09-19T07:00:00,2026-09-19T21:00:00,till_operator
SH-NRG-OSA-OSK-004-20260919-03,NRG-OSA-OSK-004,petrus.nakale.00403,2026-09-19T07:00:00,2026-09-19T21:00:00,till_operator
SH-NRG-OSA-OSK-004-20260919-04,NRG-OSA-OSK-004,petrus.shikongo.00404,2026-09-19T07:00:00,2026-09-19T21:00:00,till_operator
SH-NRG-OSA-OSK-004-20260919-05,NRG-OSA-OSK-004,petrus.hamutenya.00405,2026-09-19T07:00:00,2026-09-19T21:00:00,till_operator
SH-NRG-OSI-TSU-009-20260919-01,NRG-OSI-TSU-009,selma.amadhila.00901,2026-09-19T07:00:00,2026-09-19T21:00:00,till_operator
SH-NRG-OSI-TSU-009-20260919-02,NRG-OSI-TSU-009,selma.nuugulu.00902,2026-09-19T07:00:00,2026-09-19T21:00:00,till_operator
SH-NRG-OSI-TSU-009-20260919-03,NRG-OSI-TSU-009,selma.kavari.00903,2026-09-19T07:00:00,2026-09-19T21:00:00,till_operator
SH-NRG-OSI-TSU-009-20260919-04,NRG-OSI-TSU-009,selma.haufiku.00904,2026-09-19T07:00:00,2026-09-19T21:00:00,till_operator
SH-NRG-OTJ-OTW-006-20260919-01,NRG-OTJ-OTW-006,nela.nakale.00601,2026-09-19T07:00:00,2026-09-19T21:00:00,till_operator
SH-NRG-OTJ-OTW-006-20260919-02,NRG-OTJ-OTW-006,nela.shikongo.00602,2026-09-19T07:00:00,2026-09-19T21:00:00,till_operator
SH-NRG-OTJ-OTW-006-20260919-03,NRG-OTJ-OTW-006,nela.hamutenya.00603,2026-09-19T07:00:00,2026-09-19T21:00:00,till_operator
SH-NRG-OTJ-OTW-006-20260919-04,NRG-OTJ-OTW-006,nela.amadhila.00604,2026-09-19T07:00:00,2026-09-19T21:00:00,till_operator
SH-NRG-OTJ-OTW-006-20260919-05,NRG-OTJ-OTW-006,nela.nuugulu.00605,2026-09-19T07:00:00,2026-09-19T21:00:00,till_operator
SH-NRG-ZAM-KTM-008-20260919-01,NRG-ZAM-KTM-008,elina.hamutenya.00801,2026-09-19T07:00:00,2026-09-19T21:00:00,till_operator
SH-NRG-ZAM-KTM-008-20260919-02,NRG-ZAM-KTM-008,elina.amadhila.00802,2026-09-19T07:00:00,2026-09-19T21:00:00,till_operator
SH-NRG-ZAM-KTM-008-20260919-03,NRG-ZAM-KTM-008,elina.nuugulu.00803,2026-09-19T07:00:00,2026-09-19T21:00:00,till_operator
SH-NRG-ZAM-KTM-008-20260919-04,NRG-ZAM-KTM-008,elina.kavari.00804,2026-09-19T07:00:00,2026-09-19T21:00:00,till_operator
SH-NRG-ERG-SWK-003-20260920-01,NRG-ERG-SWK-003,ndapewa.kavari.00301,2026-09-20T07:00:00,2026-09-20T21:00:00,till_operator
SH-NRG-ERG-SWK-003-20260920-02,NRG-ERG-SWK-003,ndapewa.haufiku.00302,2026-09-20T07:00:00,2026-09-20T21:00:00,till_operator
SH-NRG-ERG-SWK-003-20260920-03,NRG-ERG-SWK-003,ndapewa.mbeha.00303,2026-09-20T07:00:00,2026-09-20T21:00:00,till_operator
SH-NRG-ERG-SWK-003-20260920-04,NRG-ERG-SWK-003,ndapewa.nakale.00304,2026-09-20T07:00:00,2026-09-20T21:00:00,till_operator
SH-NRG-ERG-SWK-003-20260920-05,NRG-ERG-SWK-003,ndapewa.shikongo.00305,2026-09-20T07:00:00,2026-09-20T21:00:00,till_operator
SH-NRG-ERG-WVB-002-20260920-01,NRG-ERG-WVB-002,anna.nuugulu.00201,2026-09-20T07:00:00,2026-09-20T21:00:00,till_operator
SH-NRG-ERG-WVB-002-20260920-02,NRG-ERG-WVB-002,anna.kavari.00202,2026-09-20T07:00:00,2026-09-20T21:00:00,till_operator
SH-NRG-ERG-WVB-002-20260920-03,NRG-ERG-WVB-002,anna.haufiku.00203,2026-09-20T07:00:00,2026-09-20T21:00:00,till_operator
SH-NRG-ERG-WVB-002-20260920-04,NRG-ERG-WVB-002,anna.mbeha.00204,2026-09-20T07:00:00,2026-09-20T21:00:00,till_operator
SH-NRG-ERG-WVB-002-20260920-05,NRG-ERG-WVB-002,anna.nakale.00205,2026-09-20T07:00:00,2026-09-20T21:00:00,till_operator
SH-NRG-HAR-REH-011-20260920-01,NRG-HAR-REH-011,ndapewa.kavari.01101,2026-09-20T07:00:00,2026-09-20T21:00:00,till_operator
SH-NRG-HAR-REH-011-20260920-02,NRG-HAR-REH-011,ndapewa.haufiku.01102,2026-09-20T07:00:00,2026-09-20T21:00:00,till_operator
SH-NRG-HAR-REH-011-20260920-03,NRG-HAR-REH-011,ndapewa.mbeha.01103,2026-09-20T07:00:00,2026-09-20T21:00:00,till_operator
SH-NRG-HAR-REH-011-20260920-04,NRG-HAR-REH-011,ndapewa.nakale.01104,2026-09-20T07:00:00,2026-09-20T21:00:00,till_operator
SH-NRG-KHA-KTM-007-20260920-01,NRG-KHA-KTM-007,paulus.shikongo.00701,2026-09-20T07:00:00,2026-09-20T21:00:00,till_operator
SH-NRG-KHA-KTM-007-20260920-02,NRG-KHA-KTM-007,paulus.hamutenya.00702,2026-09-20T07:00:00,2026-09-20T21:00:00,till_operator
SH-NRG-KHA-KTM-007-20260920-03,NRG-KHA-KTM-007,paulus.amadhila.00703,2026-09-20T07:00:00,2026-09-20T21:00:00,till_operator
SH-NRG-KHA-KTM-007-20260920-04,NRG-KHA-KTM-007,paulus.nuugulu.00704,2026-09-20T07:00:00,2026-09-20T21:00:00,till_operator
SH-NRG-KHO-WDH-001-20260920-01,NRG-KHO-WDH-001,selma.amadhila.00101,2026-09-20T07:00:00,2026-09-20T21:00:00,till_operator
SH-NRG-KHO-WDH-001-20260920-02,NRG-KHO-WDH-001,selma.nuugulu.00102,2026-09-20T07:00:00,2026-09-20T21:00:00,till_operator
SH-NRG-KHO-WDH-001-20260920-03,NRG-KHO-WDH-001,selma.kavari.00103,2026-09-20T07:00:00,2026-09-20T21:00:00,till_operator
SH-NRG-KHO-WDH-001-20260920-04,NRG-KHO-WDH-001,selma.haufiku.00104,2026-09-20T07:00:00,2026-09-20T21:00:00,till_operator
SH-NRG-KHO-WDH-001-20260920-05,NRG-KHO-WDH-001,selma.mbeha.00105,2026-09-20T07:00:00,2026-09-20T21:00:00,till_operator
SH-NRG-KVE-RUN-005-20260920-01,NRG-KVE-RUN-005,martha.mbeha.00501,2026-09-20T07:00:00,2026-09-20T21:00:00,till_operator
SH-NRG-KVE-RUN-005-20260920-02,NRG-KVE-RUN-005,martha.nakale.00502,2026-09-20T07:00:00,2026-09-20T21:00:00,till_operator
SH-NRG-KVE-RUN-005-20260920-03,NRG-KVE-RUN-005,martha.shikongo.00503,2026-09-20T07:00:00,2026-09-20T21:00:00,till_operator
SH-NRG-KVE-RUN-005-20260920-04,NRG-KVE-RUN-005,martha.hamutenya.00504,2026-09-20T07:00:00,2026-09-20T21:00:00,till_operator
SH-NRG-KVE-RUN-005-20260920-05,NRG-KVE-RUN-005,martha.amadhila.00505,2026-09-20T07:00:00,2026-09-20T21:00:00,till_operator
SH-NRG-OME-GOB-010-20260920-01,NRG-OME-GOB-010,anna.nuugulu.01001,2026-09-20T07:00:00,2026-09-20T21:00:00,till_operator
SH-NRG-OME-GOB-010-20260920-02,NRG-OME-GOB-010,anna.kavari.01002,2026-09-20T07:00:00,2026-09-20T21:00:00,till_operator
SH-NRG-OME-GOB-010-20260920-03,NRG-OME-GOB-010,anna.haufiku.01003,2026-09-20T07:00:00,2026-09-20T21:00:00,till_operator
SH-NRG-OME-GOB-010-20260920-04,NRG-OME-GOB-010,anna.mbeha.01004,2026-09-20T07:00:00,2026-09-20T21:00:00,till_operator
SH-NRG-OSA-OND-012-20260920-01,NRG-OSA-OND-012,petrus.haufiku.01201,2026-09-20T07:00:00,2026-09-20T21:00:00,till_operator
SH-NRG-OSA-OND-012-20260920-02,NRG-OSA-OND-012,petrus.mbeha.01202,2026-09-20T07:00:00,2026-09-20T21:00:00,till_operator
SH-NRG-OSA-OND-012-20260920-03,NRG-OSA-OND-012,petrus.nakale.01203,2026-09-20T07:00:00,2026-09-20T21:00:00,till_operator
SH-NRG-OSA-OND-012-20260920-04,NRG-OSA-OND-012,petrus.shikongo.01204,2026-09-20T07:00:00,2026-09-20T21:00:00,till_operator
SH-NRG-OSA-OSK-004-20260920-01,NRG-OSA-OSK-004,petrus.haufiku.00401,2026-09-20T07:00:00,2026-09-20T21:00:00,till_operator
SH-NRG-OSA-OSK-004-20260920-02,NRG-OSA-OSK-004,petrus.mbeha.00402,2026-09-20T07:00:00,2026-09-20T21:00:00,till_operator
SH-NRG-OSA-OSK-004-20260920-03,NRG-OSA-OSK-004,petrus.nakale.00403,2026-09-20T07:00:00,2026-09-20T21:00:00,till_operator
SH-NRG-OSA-OSK-004-20260920-04,NRG-OSA-OSK-004,petrus.shikongo.00404,2026-09-20T07:00:00,2026-09-20T21:00:00,till_operator
SH-NRG-OSA-OSK-004-20260920-05,NRG-OSA-OSK-004,petrus.hamutenya.00405,2026-09-20T07:00:00,2026-09-20T21:00:00,till_operator
SH-NRG-OSI-TSU-009-20260920-01,NRG-OSI-TSU-009,selma.amadhila.00901,2026-09-20T07:00:00,2026-09-20T21:00:00,till_operator
SH-NRG-OSI-TSU-009-20260920-02,NRG-OSI-TSU-009,selma.nuugulu.00902,2026-09-20T07:00:00,2026-09-20T21:00:00,till_operator
SH-NRG-OSI-TSU-009-20260920-03,NRG-OSI-TSU-009,selma.kavari.00903,2026-09-20T07:00:00,2026-09-20T21:00:00,till_operator
SH-NRG-OSI-TSU-009-20260920-04,NRG-OSI-TSU-009,selma.haufiku.00904,2026-09-20T07:00:00,2026-09-20T21:00:00,till_operator
SH-NRG-OTJ-OTW-006-20260920-01,NRG-OTJ-OTW-006,nela.nakale.00601,2026-09-20T07:00:00,2026-09-20T21:00:00,till_operator
SH-NRG-OTJ-OTW-006-20260920-02,NRG-OTJ-OTW-006,nela.shikongo.00602,2026-09-20T07:00:00,2026-09-20T21:00:00,till_operator
SH-NRG-OTJ-OTW-006-20260920-03,NRG-OTJ-OTW-006,nela.hamutenya.00603,2026-09-20T07:00:00,2026-09-20T21:00:00,till_operator
SH-NRG-OTJ-OTW-006-20260920-04,NRG-OTJ-OTW-006,nela.amadhila.00604,2026-09-20T07:00:00,2026-09-20T21:00:00,till_operator
SH-NRG-OTJ-OTW-006-20260920-05,NRG-OTJ-OTW-006,nela.nuugulu.00605,2026-09-20T07:00:00,2026-09-20T21:00:00,till_operator
SH-NRG-ZAM-KTM-008-20260920-01,NRG-ZAM-KTM-008,elina.hamutenya.00801,2026-09-20T07:00:00,2026-09-20T21:00:00,till_operator
SH-NRG-ZAM-KTM-008-20260920-02,NRG-ZAM-KTM-008,elina.amadhila.00802,2026-09-20T07:00:00,2026-09-20T21:00:00,till_operator
SH-NRG-ZAM-KTM-008-20260920-03,NRG-ZAM-KTM-008,elina.nuugulu.00803,2026-09-20T07:00:00,2026-09-20T21:00:00,till_operator
SH-NRG-ZAM-KTM-008-20260920-04,NRG-ZAM-KTM-008,elina.kavari.00804,2026-09-20T07:00:00,2026-09-20T21:00:00,till_operator
SH-NRG-ERG-SWK-003-20260921-01,NRG-ERG-SWK-003,ndapewa.kavari.00301,2026-09-21T07:00:00,2026-09-21T21:00:00,till_operator
SH-NRG-ERG-SWK-003-20260921-02,NRG-ERG-SWK-003,ndapewa.haufiku.00302,2026-09-21T07:00:00,2026-09-21T21:00:00,till_operator
SH-NRG-ERG-SWK-003-20260921-03,NRG-ERG-SWK-003,ndapewa.mbeha.00303,2026-09-21T07:00:00,2026-09-21T21:00:00,till_operator
SH-NRG-ERG-SWK-003-20260921-04,NRG-ERG-SWK-003,ndapewa.nakale.00304,2026-09-21T07:00:00,2026-09-21T21:00:00,till_operator
SH-NRG-ERG-SWK-003-20260921-05,NRG-ERG-SWK-003,ndapewa.shikongo.00305,2026-09-21T07:00:00,2026-09-21T21:00:00,till_operator
SH-NRG-ERG-WVB-002-20260921-01,NRG-ERG-WVB-002,anna.nuugulu.00201,2026-09-21T07:00:00,2026-09-21T21:00:00,till_operator
SH-NRG-ERG-WVB-002-20260921-02,NRG-ERG-WVB-002,anna.kavari.00202,2026-09-21T07:00:00,2026-09-21T21:00:00,till_operator
SH-NRG-ERG-WVB-002-20260921-03,NRG-ERG-WVB-002,anna.haufiku.00203,2026-09-21T07:00:00,2026-09-21T21:00:00,till_operator
SH-NRG-ERG-WVB-002-20260921-04,NRG-ERG-WVB-002,anna.mbeha.00204,2026-09-21T07:00:00,2026-09-21T21:00:00,till_operator
SH-NRG-ERG-WVB-002-20260921-05,NRG-ERG-WVB-002,anna.nakale.00205,2026-09-21T07:00:00,2026-09-21T21:00:00,till_operator
SH-NRG-HAR-REH-011-20260921-01,NRG-HAR-REH-011,ndapewa.kavari.01101,2026-09-21T07:00:00,2026-09-21T21:00:00,till_operator
SH-NRG-HAR-REH-011-20260921-02,NRG-HAR-REH-011,ndapewa.haufiku.01102,2026-09-21T07:00:00,2026-09-21T21:00:00,till_operator
SH-NRG-HAR-REH-011-20260921-03,NRG-HAR-REH-011,ndapewa.mbeha.01103,2026-09-21T07:00:00,2026-09-21T21:00:00,till_operator
SH-NRG-HAR-REH-011-20260921-04,NRG-HAR-REH-011,ndapewa.nakale.01104,2026-09-21T07:00:00,2026-09-21T21:00:00,till_operator
SH-NRG-KHA-KTM-007-20260921-01,NRG-KHA-KTM-007,paulus.shikongo.00701,2026-09-21T07:00:00,2026-09-21T21:00:00,till_operator
SH-NRG-KHA-KTM-007-20260921-02,NRG-KHA-KTM-007,paulus.hamutenya.00702,2026-09-21T07:00:00,2026-09-21T21:00:00,till_operator
SH-NRG-KHA-KTM-007-20260921-03,NRG-KHA-KTM-007,paulus.amadhila.00703,2026-09-21T07:00:00,2026-09-21T21:00:00,till_operator
SH-NRG-KHA-KTM-007-20260921-04,NRG-KHA-KTM-007,paulus.nuugulu.00704,2026-09-21T07:00:00,2026-09-21T21:00:00,till_operator
SH-NRG-KHO-WDH-001-20260921-01,NRG-KHO-WDH-001,selma.amadhila.00101,2026-09-21T07:00:00,2026-09-21T21:00:00,till_operator
SH-NRG-KHO-WDH-001-20260921-02,NRG-KHO-WDH-001,selma.nuugulu.00102,2026-09-21T07:00:00,2026-09-21T21:00:00,till_operator
SH-NRG-KHO-WDH-001-20260921-03,NRG-KHO-WDH-001,selma.kavari.00103,2026-09-21T07:00:00,2026-09-21T21:00:00,till_operator
SH-NRG-KHO-WDH-001-20260921-04,NRG-KHO-WDH-001,selma.haufiku.00104,2026-09-21T07:00:00,2026-09-21T21:00:00,till_operator
SH-NRG-KHO-WDH-001-20260921-05,NRG-KHO-WDH-001,selma.mbeha.00105,2026-09-21T07:00:00,2026-09-21T21:00:00,till_operator
SH-NRG-KVE-RUN-005-20260921-01,NRG-KVE-RUN-005,martha.mbeha.00501,2026-09-21T07:00:00,2026-09-21T21:00:00,till_operator
SH-NRG-KVE-RUN-005-20260921-02,NRG-KVE-RUN-005,martha.nakale.00502,2026-09-21T07:00:00,2026-09-21T21:00:00,till_operator
SH-NRG-KVE-RUN-005-20260921-03,NRG-KVE-RUN-005,martha.shikongo.00503,2026-09-21T07:00:00,2026-09-21T21:00:00,till_operator
SH-NRG-KVE-RUN-005-20260921-04,NRG-KVE-RUN-005,martha.hamutenya.00504,2026-09-21T07:00:00,2026-09-21T21:00:00,till_operator
SH-NRG-KVE-RUN-005-20260921-05,NRG-KVE-RUN-005,martha.amadhila.00505,2026-09-21T07:00:00,2026-09-21T21:00:00,till_operator
SH-NRG-OME-GOB-010-20260921-01,NRG-OME-GOB-010,anna.nuugulu.01001,2026-09-21T07:00:00,2026-09-21T21:00:00,till_operator
SH-NRG-OME-GOB-010-20260921-02,NRG-OME-GOB-010,anna.kavari.01002,2026-09-21T07:00:00,2026-09-21T21:00:00,till_operator
SH-NRG-OME-GOB-010-20260921-03,NRG-OME-GOB-010,anna.haufiku.01003,2026-09-21T07:00:00,2026-09-21T21:00:00,till_operator
SH-NRG-OME-GOB-010-20260921-04,NRG-OME-GOB-010,anna.mbeha.01004,2026-09-21T07:00:00,2026-09-21T21:00:00,till_operator
SH-NRG-OSA-OND-012-20260921-01,NRG-OSA-OND-012,petrus.haufiku.01201,2026-09-21T07:00:00,2026-09-21T21:00:00,till_operator
SH-NRG-OSA-OND-012-20260921-02,NRG-OSA-OND-012,petrus.mbeha.01202,2026-09-21T07:00:00,2026-09-21T21:00:00,till_operator
SH-NRG-OSA-OND-012-20260921-03,NRG-OSA-OND-012,petrus.nakale.01203,2026-09-21T07:00:00,2026-09-21T21:00:00,till_operator
SH-NRG-OSA-OND-012-20260921-04,NRG-OSA-OND-012,petrus.shikongo.01204,2026-09-21T07:00:00,2026-09-21T21:00:00,till_operator
SH-NRG-OSA-OSK-004-20260921-01,NRG-OSA-OSK-004,petrus.haufiku.00401,2026-09-21T07:00:00,2026-09-21T21:00:00,till_operator
SH-NRG-OSA-OSK-004-20260921-02,NRG-OSA-OSK-004,petrus.mbeha.00402,2026-09-21T07:00:00,2026-09-21T21:00:00,till_operator
SH-NRG-OSA-OSK-004-20260921-03,NRG-OSA-OSK-004,petrus.nakale.00403,2026-09-21T07:00:00,2026-09-21T21:00:00,till_operator
SH-NRG-OSA-OSK-004-20260921-04,NRG-OSA-OSK-004,petrus.shikongo.00404,2026-09-21T07:00:00,2026-09-21T21:00:00,till_operator
SH-NRG-OSA-OSK-004-20260921-05,NRG-OSA-OSK-004,petrus.hamutenya.00405,2026-09-21T07:00:00,2026-09-21T21:00:00,till_operator
SH-NRG-OSI-TSU-009-20260921-01,NRG-OSI-TSU-009,selma.amadhila.00901,2026-09-21T07:00:00,2026-09-21T21:00:00,till_operator
SH-NRG-OSI-TSU-009-20260921-02,NRG-OSI-TSU-009,selma.nuugulu.00902,2026-09-21T07:00:00,2026-09-21T21:00:00,till_operator
SH-NRG-OSI-TSU-009-20260921-03,NRG-OSI-TSU-009,selma.kavari.00903,2026-09-21T07:00:00,2026-09-21T21:00:00,till_operator
SH-NRG-OSI-TSU-009-20260921-04,NRG-OSI-TSU-009,selma.haufiku.00904,2026-09-21T07:00:00,2026-09-21T21:00:00,till_operator
SH-NRG-OTJ-OTW-006-20260921-01,NRG-OTJ-OTW-006,nela.nakale.00601,2026-09-21T07:00:00,2026-09-21T21:00:00,till_operator
SH-NRG-OTJ-OTW-006-20260921-02,NRG-OTJ-OTW-006,nela.shikongo.00602,2026-09-21T07:00:00,2026-09-21T21:00:00,till_operator
SH-NRG-OTJ-OTW-006-20260921-03,NRG-OTJ-OTW-006,nela.hamutenya.00603,2026-09-21T07:00:00,2026-09-21T21:00:00,till_operator
SH-NRG-OTJ-OTW-006-20260921-04,NRG-OTJ-OTW-006,nela.amadhila.00604,2026-09-21T07:00:00,2026-09-21T21:00:00,till_operator
SH-NRG-OTJ-OTW-006-20260921-05,NRG-OTJ-OTW-006,nela.nuugulu.00605,2026-09-21T07:00:00,2026-09-21T21:00:00,till_operator
SH-NRG-ZAM-KTM-008-20260921-01,NRG-ZAM-KTM-008,elina.hamutenya.00801,2026-09-21T07:00:00,2026-09-21T21:00:00,till_operator
SH-NRG-ZAM-KTM-008-20260921-02,NRG-ZAM-KTM-008,elina.amadhila.00802,2026-09-21T07:00:00,2026-09-21T21:00:00,till_operator
SH-NRG-ZAM-KTM-008-20260921-03,NRG-ZAM-KTM-008,elina.nuugulu.00803,2026-09-21T07:00:00,2026-09-21T21:00:00,till_operator
SH-NRG-ZAM-KTM-008-20260921-04,NRG-ZAM-KTM-008,elina.kavari.00804,2026-09-21T07:00:00,2026-09-21T21:00:00,till_operator
SH-NRG-ERG-SWK-003-20260922-01,NRG-ERG-SWK-003,ndapewa.kavari.00301,2026-09-22T07:00:00,2026-09-22T21:00:00,till_operator
SH-NRG-ERG-SWK-003-20260922-02,NRG-ERG-SWK-003,ndapewa.haufiku.00302,2026-09-22T07:00:00,2026-09-22T21:00:00,till_operator
SH-NRG-ERG-SWK-003-20260922-03,NRG-ERG-SWK-003,ndapewa.mbeha.00303,2026-09-22T07:00:00,2026-09-22T21:00:00,till_operator
SH-NRG-ERG-SWK-003-20260922-04,NRG-ERG-SWK-003,ndapewa.nakale.00304,2026-09-22T07:00:00,2026-09-22T21:00:00,till_operator
SH-NRG-ERG-SWK-003-20260922-05,NRG-ERG-SWK-003,ndapewa.shikongo.00305,2026-09-22T07:00:00,2026-09-22T21:00:00,till_operator
SH-NRG-ERG-WVB-002-20260922-01,NRG-ERG-WVB-002,anna.nuugulu.00201,2026-09-22T07:00:00,2026-09-22T21:00:00,till_operator
SH-NRG-ERG-WVB-002-20260922-02,NRG-ERG-WVB-002,anna.kavari.00202,2026-09-22T07:00:00,2026-09-22T21:00:00,till_operator
SH-NRG-ERG-WVB-002-20260922-03,NRG-ERG-WVB-002,anna.haufiku.00203,2026-09-22T07:00:00,2026-09-22T21:00:00,till_operator
SH-NRG-ERG-WVB-002-20260922-04,NRG-ERG-WVB-002,anna.mbeha.00204,2026-09-22T07:00:00,2026-09-22T21:00:00,till_operator
SH-NRG-ERG-WVB-002-20260922-05,NRG-ERG-WVB-002,anna.nakale.00205,2026-09-22T07:00:00,2026-09-22T21:00:00,till_operator
SH-NRG-HAR-REH-011-20260922-01,NRG-HAR-REH-011,ndapewa.kavari.01101,2026-09-22T07:00:00,2026-09-22T21:00:00,till_operator
SH-NRG-HAR-REH-011-20260922-02,NRG-HAR-REH-011,ndapewa.haufiku.01102,2026-09-22T07:00:00,2026-09-22T21:00:00,till_operator
SH-NRG-HAR-REH-011-20260922-03,NRG-HAR-REH-011,ndapewa.mbeha.01103,2026-09-22T07:00:00,2026-09-22T21:00:00,till_operator
SH-NRG-HAR-REH-011-20260922-04,NRG-HAR-REH-011,ndapewa.nakale.01104,2026-09-22T07:00:00,2026-09-22T21:00:00,till_operator
SH-NRG-KHA-KTM-007-20260922-01,NRG-KHA-KTM-007,paulus.shikongo.00701,2026-09-22T07:00:00,2026-09-22T21:00:00,till_operator
SH-NRG-KHA-KTM-007-20260922-02,NRG-KHA-KTM-007,paulus.hamutenya.00702,2026-09-22T07:00:00,2026-09-22T21:00:00,till_operator
SH-NRG-KHA-KTM-007-20260922-03,NRG-KHA-KTM-007,paulus.amadhila.00703,2026-09-22T07:00:00,2026-09-22T21:00:00,till_operator
SH-NRG-KHA-KTM-007-20260922-04,NRG-KHA-KTM-007,paulus.nuugulu.00704,2026-09-22T07:00:00,2026-09-22T21:00:00,till_operator
SH-NRG-KHO-WDH-001-20260922-01,NRG-KHO-WDH-001,selma.amadhila.00101,2026-09-22T07:00:00,2026-09-22T21:00:00,till_operator
SH-NRG-KHO-WDH-001-20260922-02,NRG-KHO-WDH-001,selma.nuugulu.00102,2026-09-22T07:00:00,2026-09-22T21:00:00,till_operator
SH-NRG-KHO-WDH-001-20260922-03,NRG-KHO-WDH-001,selma.kavari.00103,2026-09-22T07:00:00,2026-09-22T21:00:00,till_operator
SH-NRG-KHO-WDH-001-20260922-04,NRG-KHO-WDH-001,selma.haufiku.00104,2026-09-22T07:00:00,2026-09-22T21:00:00,till_operator
SH-NRG-KHO-WDH-001-20260922-05,NRG-KHO-WDH-001,selma.mbeha.00105,2026-09-22T07:00:00,2026-09-22T21:00:00,till_operator
SH-NRG-KVE-RUN-005-20260922-01,NRG-KVE-RUN-005,martha.mbeha.00501,2026-09-22T07:00:00,2026-09-22T21:00:00,till_operator
SH-NRG-KVE-RUN-005-20260922-02,NRG-KVE-RUN-005,martha.nakale.00502,2026-09-22T07:00:00,2026-09-22T21:00:00,till_operator
SH-NRG-KVE-RUN-005-20260922-03,NRG-KVE-RUN-005,martha.shikongo.00503,2026-09-22T07:00:00,2026-09-22T21:00:00,till_operator
SH-NRG-KVE-RUN-005-20260922-04,NRG-KVE-RUN-005,martha.hamutenya.00504,2026-09-22T07:00:00,2026-09-22T21:00:00,till_operator
SH-NRG-KVE-RUN-005-20260922-05,NRG-KVE-RUN-005,martha.amadhila.00505,2026-09-22T07:00:00,2026-09-22T21:00:00,till_operator
SH-NRG-OME-GOB-010-20260922-01,NRG-OME-GOB-010,anna.nuugulu.01001,2026-09-22T07:00:00,2026-09-22T21:00:00,till_operator
SH-NRG-OME-GOB-010-20260922-02,NRG-OME-GOB-010,anna.kavari.01002,2026-09-22T07:00:00,2026-09-22T21:00:00,till_operator
SH-NRG-OME-GOB-010-20260922-03,NRG-OME-GOB-010,anna.haufiku.01003,2026-09-22T07:00:00,2026-09-22T21:00:00,till_operator
SH-NRG-OME-GOB-010-20260922-04,NRG-OME-GOB-010,anna.mbeha.01004,2026-09-22T07:00:00,2026-09-22T21:00:00,till_operator
SH-NRG-OSA-OND-012-20260922-01,NRG-OSA-OND-012,petrus.haufiku.01201,2026-09-22T07:00:00,2026-09-22T21:00:00,till_operator
SH-NRG-OSA-OND-012-20260922-02,NRG-OSA-OND-012,petrus.mbeha.01202,2026-09-22T07:00:00,2026-09-22T21:00:00,till_operator
SH-NRG-OSA-OND-012-20260922-03,NRG-OSA-OND-012,petrus.nakale.01203,2026-09-22T07:00:00,2026-09-22T21:00:00,till_operator
SH-NRG-OSA-OND-012-20260922-04,NRG-OSA-OND-012,petrus.shikongo.01204,2026-09-22T07:00:00,2026-09-22T21:00:00,till_operator
SH-NRG-OSA-OSK-004-20260922-01,NRG-OSA-OSK-004,petrus.haufiku.00401,2026-09-22T07:00:00,2026-09-22T21:00:00,till_operator
SH-NRG-OSA-OSK-004-20260922-02,NRG-OSA-OSK-004,petrus.mbeha.00402,2026-09-22T07:00:00,2026-09-22T21:00:00,till_operator
SH-NRG-OSA-OSK-004-20260922-03,NRG-OSA-OSK-004,petrus.nakale.00403,2026-09-22T07:00:00,2026-09-22T21:00:00,till_operator
SH-NRG-OSA-OSK-004-20260922-04,NRG-OSA-OSK-004,petrus.shikongo.00404,2026-09-22T07:00:00,2026-09-22T21:00:00,till_operator
SH-NRG-OSA-OSK-004-20260922-05,NRG-OSA-OSK-004,petrus.hamutenya.00405,2026-09-22T07:00:00,2026-09-22T21:00:00,till_operator
SH-NRG-OSI-TSU-009-20260922-01,NRG-OSI-TSU-009,selma.amadhila.00901,2026-09-22T07:00:00,2026-09-22T21:00:00,till_operator
SH-NRG-OSI-TSU-009-20260922-02,NRG-OSI-TSU-009,selma.nuugulu.00902,2026-09-22T07:00:00,2026-09-22T21:00:00,till_operator
SH-NRG-OSI-TSU-009-20260922-03,NRG-OSI-TSU-009,selma.kavari.00903,2026-09-22T07:00:00,2026-09-22T21:00:00,till_operator
SH-NRG-OSI-TSU-009-20260922-04,NRG-OSI-TSU-009,selma.haufiku.00904,2026-09-22T07:00:00,2026-09-22T21:00:00,till_operator
SH-NRG-OTJ-OTW-006-20260922-01,NRG-OTJ-OTW-006,nela.nakale.00601,2026-09-22T07:00:00,2026-09-22T21:00:00,till_operator
SH-NRG-OTJ-OTW-006-20260922-02,NRG-OTJ-OTW-006,nela.shikongo.00602,2026-09-22T07:00:00,2026-09-22T21:00:00,till_operator
SH-NRG-OTJ-OTW-006-20260922-03,NRG-OTJ-OTW-006,nela.hamutenya.00603,2026-09-22T07:00:00,2026-09-22T21:00:00,till_operator
SH-NRG-OTJ-OTW-006-20260922-04,NRG-OTJ-OTW-006,nela.amadhila.00604,2026-09-22T07:00:00,2026-09-22T21:00:00,till_operator
SH-NRG-OTJ-OTW-006-20260922-05,NRG-OTJ-OTW-006,nela.nuugulu.00605,2026-09-22T07:00:00,2026-09-22T21:00:00,till_operator
SH-NRG-ZAM-KTM-008-20260922-01,NRG-ZAM-KTM-008,elina.hamutenya.00801,2026-09-22T07:00:00,2026-09-22T21:00:00,till_operator
SH-NRG-ZAM-KTM-008-20260922-02,NRG-ZAM-KTM-008,elina.amadhila.00802,2026-09-22T07:00:00,2026-09-22T21:00:00,till_operator
SH-NRG-ZAM-KTM-008-20260922-03,NRG-ZAM-KTM-008,elina.nuugulu.00803,2026-09-22T07:00:00,2026-09-22T21:00:00,till_operator
SH-NRG-ZAM-KTM-008-20260922-04,NRG-ZAM-KTM-008,elina.kavari.00804,2026-09-22T07:00:00,2026-09-22T21:00:00,till_operator
SH-NRG-ERG-SWK-003-20260923-01,NRG-ERG-SWK-003,ndapewa.kavari.00301,2026-09-23T07:00:00,2026-09-23T21:00:00,till_operator
SH-NRG-ERG-SWK-003-20260923-02,NRG-ERG-SWK-003,ndapewa.haufiku.00302,2026-09-23T07:00:00,2026-09-23T21:00:00,till_operator
SH-NRG-ERG-SWK-003-20260923-03,NRG-ERG-SWK-003,ndapewa.mbeha.00303,2026-09-23T07:00:00,2026-09-23T21:00:00,till_operator
SH-NRG-ERG-SWK-003-20260923-04,NRG-ERG-SWK-003,ndapewa.nakale.00304,2026-09-23T07:00:00,2026-09-23T21:00:00,till_operator
SH-NRG-ERG-SWK-003-20260923-05,NRG-ERG-SWK-003,ndapewa.shikongo.00305,2026-09-23T07:00:00,2026-09-23T21:00:00,till_operator
SH-NRG-ERG-WVB-002-20260923-01,NRG-ERG-WVB-002,anna.nuugulu.00201,2026-09-23T07:00:00,2026-09-23T21:00:00,till_operator
SH-NRG-ERG-WVB-002-20260923-02,NRG-ERG-WVB-002,anna.kavari.00202,2026-09-23T07:00:00,2026-09-23T21:00:00,till_operator
SH-NRG-ERG-WVB-002-20260923-03,NRG-ERG-WVB-002,anna.haufiku.00203,2026-09-23T07:00:00,2026-09-23T21:00:00,till_operator
SH-NRG-ERG-WVB-002-20260923-04,NRG-ERG-WVB-002,anna.mbeha.00204,2026-09-23T07:00:00,2026-09-23T21:00:00,till_operator
SH-NRG-ERG-WVB-002-20260923-05,NRG-ERG-WVB-002,anna.nakale.00205,2026-09-23T07:00:00,2026-09-23T21:00:00,till_operator
SH-NRG-HAR-REH-011-20260923-01,NRG-HAR-REH-011,ndapewa.kavari.01101,2026-09-23T07:00:00,2026-09-23T21:00:00,till_operator
SH-NRG-HAR-REH-011-20260923-02,NRG-HAR-REH-011,ndapewa.haufiku.01102,2026-09-23T07:00:00,2026-09-23T21:00:00,till_operator
SH-NRG-HAR-REH-011-20260923-03,NRG-HAR-REH-011,ndapewa.mbeha.01103,2026-09-23T07:00:00,2026-09-23T21:00:00,till_operator
SH-NRG-HAR-REH-011-20260923-04,NRG-HAR-REH-011,ndapewa.nakale.01104,2026-09-23T07:00:00,2026-09-23T21:00:00,till_operator
SH-NRG-KHA-KTM-007-20260923-01,NRG-KHA-KTM-007,paulus.shikongo.00701,2026-09-23T07:00:00,2026-09-23T21:00:00,till_operator
SH-NRG-KHA-KTM-007-20260923-02,NRG-KHA-KTM-007,paulus.hamutenya.00702,2026-09-23T07:00:00,2026-09-23T21:00:00,till_operator
SH-NRG-KHA-KTM-007-20260923-03,NRG-KHA-KTM-007,paulus.amadhila.00703,2026-09-23T07:00:00,2026-09-23T21:00:00,till_operator
SH-NRG-KHA-KTM-007-20260923-04,NRG-KHA-KTM-007,paulus.nuugulu.00704,2026-09-23T07:00:00,2026-09-23T21:00:00,till_operator
SH-NRG-KHO-WDH-001-20260923-01,NRG-KHO-WDH-001,selma.amadhila.00101,2026-09-23T07:00:00,2026-09-23T21:00:00,till_operator
SH-NRG-KHO-WDH-001-20260923-02,NRG-KHO-WDH-001,selma.nuugulu.00102,2026-09-23T07:00:00,2026-09-23T21:00:00,till_operator
SH-NRG-KHO-WDH-001-20260923-03,NRG-KHO-WDH-001,selma.kavari.00103,2026-09-23T07:00:00,2026-09-23T21:00:00,till_operator
SH-NRG-KHO-WDH-001-20260923-04,NRG-KHO-WDH-001,selma.haufiku.00104,2026-09-23T07:00:00,2026-09-23T21:00:00,till_operator
SH-NRG-KHO-WDH-001-20260923-05,NRG-KHO-WDH-001,selma.mbeha.00105,2026-09-23T07:00:00,2026-09-23T21:00:00,till_operator
SH-NRG-KVE-RUN-005-20260923-01,NRG-KVE-RUN-005,martha.mbeha.00501,2026-09-23T07:00:00,2026-09-23T21:00:00,till_operator
SH-NRG-KVE-RUN-005-20260923-02,NRG-KVE-RUN-005,martha.nakale.00502,2026-09-23T07:00:00,2026-09-23T21:00:00,till_operator
SH-NRG-KVE-RUN-005-20260923-03,NRG-KVE-RUN-005,martha.shikongo.00503,2026-09-23T07:00:00,2026-09-23T21:00:00,till_operator
SH-NRG-KVE-RUN-005-20260923-04,NRG-KVE-RUN-005,martha.hamutenya.00504,2026-09-23T07:00:00,2026-09-23T21:00:00,till_operator
SH-NRG-KVE-RUN-005-20260923-05,NRG-KVE-RUN-005,martha.amadhila.00505,2026-09-23T07:00:00,2026-09-23T21:00:00,till_operator
SH-NRG-OME-GOB-010-20260923-01,NRG-OME-GOB-010,anna.nuugulu.01001,2026-09-23T07:00:00,2026-09-23T21:00:00,till_operator
SH-NRG-OME-GOB-010-20260923-02,NRG-OME-GOB-010,anna.kavari.01002,2026-09-23T07:00:00,2026-09-23T21:00:00,till_operator
SH-NRG-OME-GOB-010-20260923-03,NRG-OME-GOB-010,anna.haufiku.01003,2026-09-23T07:00:00,2026-09-23T21:00:00,till_operator
SH-NRG-OME-GOB-010-20260923-04,NRG-OME-GOB-010,anna.mbeha.01004,2026-09-23T07:00:00,2026-09-23T21:00:00,till_operator
SH-NRG-OSA-OND-012-20260923-01,NRG-OSA-OND-012,petrus.haufiku.01201,2026-09-23T07:00:00,2026-09-23T21:00:00,till_operator
SH-NRG-OSA-OND-012-20260923-02,NRG-OSA-OND-012,petrus.mbeha.01202,2026-09-23T07:00:00,2026-09-23T21:00:00,till_operator
SH-NRG-OSA-OND-012-20260923-03,NRG-OSA-OND-012,petrus.nakale.01203,2026-09-23T07:00:00,2026-09-23T21:00:00,till_operator
SH-NRG-OSA-OND-012-20260923-04,NRG-OSA-OND-012,petrus.shikongo.01204,2026-09-23T07:00:00,2026-09-23T21:00:00,till_operator
SH-NRG-OSA-OSK-004-20260923-01,NRG-OSA-OSK-004,petrus.haufiku.00401,2026-09-23T07:00:00,2026-09-23T21:00:00,till_operator
SH-NRG-OSA-OSK-004-20260923-02,NRG-OSA-OSK-004,petrus.mbeha.00402,2026-09-23T07:00:00,2026-09-23T21:00:00,till_operator
SH-NRG-OSA-OSK-004-20260923-03,NRG-OSA-OSK-004,petrus.nakale.00403,2026-09-23T07:00:00,2026-09-23T21:00:00,till_operator
SH-NRG-OSA-OSK-004-20260923-04,NRG-OSA-OSK-004,petrus.shikongo.00404,2026-09-23T07:00:00,2026-09-23T21:00:00,till_operator
SH-NRG-OSA-OSK-004-20260923-05,NRG-OSA-OSK-004,petrus.hamutenya.00405,2026-09-23T07:00:00,2026-09-23T21:00:00,till_operator
SH-NRG-OSI-TSU-009-20260923-01,NRG-OSI-TSU-009,selma.amadhila.00901,2026-09-23T07:00:00,2026-09-23T21:00:00,till_operator
SH-NRG-OSI-TSU-009-20260923-02,NRG-OSI-TSU-009,selma.nuugulu.00902,2026-09-23T07:00:00,2026-09-23T21:00:00,till_operator
SH-NRG-OSI-TSU-009-20260923-03,NRG-OSI-TSU-009,selma.kavari.00903,2026-09-23T07:00:00,2026-09-23T21:00:00,till_operator
SH-NRG-OSI-TSU-009-20260923-04,NRG-OSI-TSU-009,selma.haufiku.00904,2026-09-23T07:00:00,2026-09-23T21:00:00,till_operator
SH-NRG-OTJ-OTW-006-20260923-01,NRG-OTJ-OTW-006,nela.nakale.00601,2026-09-23T07:00:00,2026-09-23T21:00:00,till_operator
SH-NRG-OTJ-OTW-006-20260923-02,NRG-OTJ-OTW-006,nela.shikongo.00602,2026-09-23T07:00:00,2026-09-23T21:00:00,till_operator
SH-NRG-OTJ-OTW-006-20260923-03,NRG-OTJ-OTW-006,nela.hamutenya.00603,2026-09-23T07:00:00,2026-09-23T21:00:00,till_operator
SH-NRG-OTJ-OTW-006-20260923-04,NRG-OTJ-OTW-006,nela.amadhila.00604,2026-09-23T07:00:00,2026-09-23T21:00:00,till_operator
SH-NRG-OTJ-OTW-006-20260923-05,NRG-OTJ-OTW-006,nela.nuugulu.00605,2026-09-23T07:00:00,2026-09-23T21:00:00,till_operator
SH-NRG-ZAM-KTM-008-20260923-01,NRG-ZAM-KTM-008,elina.hamutenya.00801,2026-09-23T07:00:00,2026-09-23T21:00:00,till_operator
SH-NRG-ZAM-KTM-008-20260923-02,NRG-ZAM-KTM-008,elina.amadhila.00802,2026-09-23T07:00:00,2026-09-23T21:00:00,till_operator
SH-NRG-ZAM-KTM-008-20260923-03,NRG-ZAM-KTM-008,elina.nuugulu.00803,2026-09-23T07:00:00,2026-09-23T21:00:00,till_operator
SH-NRG-ZAM-KTM-008-20260923-04,NRG-ZAM-KTM-008,elina.kavari.00804,2026-09-23T07:00:00,2026-09-23T21:00:00,till_operator
SH-NRG-ERG-SWK-003-20260924-01,NRG-ERG-SWK-003,ndapewa.kavari.00301,2026-09-24T07:00:00,2026-09-24T21:00:00,till_operator
SH-NRG-ERG-SWK-003-20260924-02,NRG-ERG-SWK-003,ndapewa.haufiku.00302,2026-09-24T07:00:00,2026-09-24T21:00:00,till_operator
SH-NRG-ERG-SWK-003-20260924-03,NRG-ERG-SWK-003,ndapewa.mbeha.00303,2026-09-24T07:00:00,2026-09-24T21:00:00,till_operator
SH-NRG-ERG-SWK-003-20260924-04,NRG-ERG-SWK-003,ndapewa.nakale.00304,2026-09-24T07:00:00,2026-09-24T21:00:00,till_operator
SH-NRG-ERG-SWK-003-20260924-05,NRG-ERG-SWK-003,ndapewa.shikongo.00305,2026-09-24T07:00:00,2026-09-24T21:00:00,till_operator
SH-NRG-ERG-WVB-002-20260924-01,NRG-ERG-WVB-002,anna.nuugulu.00201,2026-09-24T07:00:00,2026-09-24T21:00:00,till_operator
SH-NRG-ERG-WVB-002-20260924-02,NRG-ERG-WVB-002,anna.kavari.00202,2026-09-24T07:00:00,2026-09-24T21:00:00,till_operator
SH-NRG-ERG-WVB-002-20260924-03,NRG-ERG-WVB-002,anna.haufiku.00203,2026-09-24T07:00:00,2026-09-24T21:00:00,till_operator
SH-NRG-ERG-WVB-002-20260924-04,NRG-ERG-WVB-002,anna.mbeha.00204,2026-09-24T07:00:00,2026-09-24T21:00:00,till_operator
SH-NRG-ERG-WVB-002-20260924-05,NRG-ERG-WVB-002,anna.nakale.00205,2026-09-24T07:00:00,2026-09-24T21:00:00,till_operator
SH-NRG-HAR-REH-011-20260924-01,NRG-HAR-REH-011,ndapewa.kavari.01101,2026-09-24T07:00:00,2026-09-24T21:00:00,till_operator
SH-NRG-HAR-REH-011-20260924-02,NRG-HAR-REH-011,ndapewa.haufiku.01102,2026-09-24T07:00:00,2026-09-24T21:00:00,till_operator
SH-NRG-HAR-REH-011-20260924-03,NRG-HAR-REH-011,ndapewa.mbeha.01103,2026-09-24T07:00:00,2026-09-24T21:00:00,till_operator
SH-NRG-HAR-REH-011-20260924-04,NRG-HAR-REH-011,ndapewa.nakale.01104,2026-09-24T07:00:00,2026-09-24T21:00:00,till_operator
SH-NRG-KHA-KTM-007-20260924-01,NRG-KHA-KTM-007,paulus.shikongo.00701,2026-09-24T07:00:00,2026-09-24T21:00:00,till_operator
SH-NRG-KHA-KTM-007-20260924-02,NRG-KHA-KTM-007,paulus.hamutenya.00702,2026-09-24T07:00:00,2026-09-24T21:00:00,till_operator
SH-NRG-KHA-KTM-007-20260924-03,NRG-KHA-KTM-007,paulus.amadhila.00703,2026-09-24T07:00:00,2026-09-24T21:00:00,till_operator
SH-NRG-KHA-KTM-007-20260924-04,NRG-KHA-KTM-007,paulus.nuugulu.00704,2026-09-24T07:00:00,2026-09-24T21:00:00,till_operator
SH-NRG-KHO-WDH-001-20260924-01,NRG-KHO-WDH-001,selma.amadhila.00101,2026-09-24T07:00:00,2026-09-24T21:00:00,till_operator
SH-NRG-KHO-WDH-001-20260924-02,NRG-KHO-WDH-001,selma.nuugulu.00102,2026-09-24T07:00:00,2026-09-24T21:00:00,till_operator
SH-NRG-KHO-WDH-001-20260924-03,NRG-KHO-WDH-001,selma.kavari.00103,2026-09-24T07:00:00,2026-09-24T21:00:00,till_operator
SH-NRG-KHO-WDH-001-20260924-04,NRG-KHO-WDH-001,selma.haufiku.00104,2026-09-24T07:00:00,2026-09-24T21:00:00,till_operator
SH-NRG-KHO-WDH-001-20260924-05,NRG-KHO-WDH-001,selma.mbeha.00105,2026-09-24T07:00:00,2026-09-24T21:00:00,till_operator
SH-NRG-KVE-RUN-005-20260924-01,NRG-KVE-RUN-005,martha.mbeha.00501,2026-09-24T07:00:00,2026-09-24T21:00:00,till_operator
SH-NRG-KVE-RUN-005-20260924-02,NRG-KVE-RUN-005,martha.nakale.00502,2026-09-24T07:00:00,2026-09-24T21:00:00,till_operator
SH-NRG-KVE-RUN-005-20260924-03,NRG-KVE-RUN-005,martha.shikongo.00503,2026-09-24T07:00:00,2026-09-24T21:00:00,till_operator
SH-NRG-KVE-RUN-005-20260924-04,NRG-KVE-RUN-005,martha.hamutenya.00504,2026-09-24T07:00:00,2026-09-24T21:00:00,till_operator
SH-NRG-KVE-RUN-005-20260924-05,NRG-KVE-RUN-005,martha.amadhila.00505,2026-09-24T07:00:00,2026-09-24T21:00:00,till_operator
SH-NRG-OME-GOB-010-20260924-01,NRG-OME-GOB-010,anna.nuugulu.01001,2026-09-24T07:00:00,2026-09-24T21:00:00,till_operator
SH-NRG-OME-GOB-010-20260924-02,NRG-OME-GOB-010,anna.kavari.01002,2026-09-24T07:00:00,2026-09-24T21:00:00,till_operator
SH-NRG-OME-GOB-010-20260924-03,NRG-OME-GOB-010,anna.haufiku.01003,2026-09-24T07:00:00,2026-09-24T21:00:00,till_operator
SH-NRG-OME-GOB-010-20260924-04,NRG-OME-GOB-010,anna.mbeha.01004,2026-09-24T07:00:00,2026-09-24T21:00:00,till_operator
SH-NRG-OSA-OND-012-20260924-01,NRG-OSA-OND-012,petrus.haufiku.01201,2026-09-24T07:00:00,2026-09-24T21:00:00,till_operator
SH-NRG-OSA-OND-012-20260924-02,NRG-OSA-OND-012,petrus.mbeha.01202,2026-09-24T07:00:00,2026-09-24T21:00:00,till_operator
SH-NRG-OSA-OND-012-20260924-03,NRG-OSA-OND-012,petrus.nakale.01203,2026-09-24T07:00:00,2026-09-24T21:00:00,till_operator
SH-NRG-OSA-OND-012-20260924-04,NRG-OSA-OND-012,petrus.shikongo.01204,2026-09-24T07:00:00,2026-09-24T21:00:00,till_operator
SH-NRG-OSA-OSK-004-20260924-01,NRG-OSA-OSK-004,petrus.haufiku.00401,2026-09-24T07:00:00,2026-09-24T21:00:00,till_operator
SH-NRG-OSA-OSK-004-20260924-02,NRG-OSA-OSK-004,petrus.mbeha.00402,2026-09-24T07:00:00,2026-09-24T21:00:00,till_operator
SH-NRG-OSA-OSK-004-20260924-03,NRG-OSA-OSK-004,petrus.nakale.00403,2026-09-24T07:00:00,2026-09-24T21:00:00,till_operator
SH-NRG-OSA-OSK-004-20260924-04,NRG-OSA-OSK-004,petrus.shikongo.00404,2026-09-24T07:00:00,2026-09-24T21:00:00,till_operator
SH-NRG-OSA-OSK-004-20260924-05,NRG-OSA-OSK-004,petrus.hamutenya.00405,2026-09-24T07:00:00,2026-09-24T21:00:00,till_operator
SH-NRG-OSI-TSU-009-20260924-01,NRG-OSI-TSU-009,selma.amadhila.00901,2026-09-24T07:00:00,2026-09-24T21:00:00,till_operator
SH-NRG-OSI-TSU-009-20260924-02,NRG-OSI-TSU-009,selma.nuugulu.00902,2026-09-24T07:00:00,2026-09-24T21:00:00,till_operator
SH-NRG-OSI-TSU-009-20260924-03,NRG-OSI-TSU-009,selma.kavari.00903,2026-09-24T07:00:00,2026-09-24T21:00:00,till_operator
SH-NRG-OSI-TSU-009-20260924-04,NRG-OSI-TSU-009,selma.haufiku.00904,2026-09-24T07:00:00,2026-09-24T21:00:00,till_operator
SH-NRG-OTJ-OTW-006-20260924-01,NRG-OTJ-OTW-006,nela.nakale.00601,2026-09-24T07:00:00,2026-09-24T21:00:00,till_operator
SH-NRG-OTJ-OTW-006-20260924-02,NRG-OTJ-OTW-006,nela.shikongo.00602,2026-09-24T07:00:00,2026-09-24T21:00:00,till_operator
SH-NRG-OTJ-OTW-006-20260924-03,NRG-OTJ-OTW-006,nela.hamutenya.00603,2026-09-24T07:00:00,2026-09-24T21:00:00,till_operator
SH-NRG-OTJ-OTW-006-20260924-04,NRG-OTJ-OTW-006,nela.amadhila.00604,2026-09-24T07:00:00,2026-09-24T21:00:00,till_operator
SH-NRG-OTJ-OTW-006-20260924-05,NRG-OTJ-OTW-006,nela.nuugulu.00605,2026-09-24T07:00:00,2026-09-24T21:00:00,till_operator
SH-NRG-ZAM-KTM-008-20260924-01,NRG-ZAM-KTM-008,elina.hamutenya.00801,2026-09-24T07:00:00,2026-09-24T21:00:00,till_operator
SH-NRG-ZAM-KTM-008-20260924-02,NRG-ZAM-KTM-008,elina.amadhila.00802,2026-09-24T07:00:00,2026-09-24T21:00:00,till_operator
SH-NRG-ZAM-KTM-008-20260924-03,NRG-ZAM-KTM-008,elina.nuugulu.00803,2026-09-24T07:00:00,2026-09-24T21:00:00,till_operator
SH-NRG-ZAM-KTM-008-20260924-04,NRG-ZAM-KTM-008,elina.kavari.00804,2026-09-24T07:00:00,2026-09-24T21:00:00,till_operator
